Venezuela,VEN,America,28435943,confirmed cases,302,2020-07-01T00:00:00.000+05:30
Venezuela,VEN,America,28435943,confirmed cases,230,2020-07-02T00:00:00.000+05:30
Venezuela,VEN,America,28435943,confirmed cases,211,2020-07-03T00:00:00.000+05:30
Venezuela,VEN,America,28435943,confirmed cases,264,2020-07-04T00:00:00.000+05:30
Venezuela,VEN,America,28435943,confirmed cases,213,2020-07-05T00:00:00.000+05:30
Venezuela,VEN,America,28435943,confirmed cases,419,2020-07-06T00:00:00.000+05:30
Venezuela,VEN,America,28435943,confirmed cases,242,2020-07-07T00:00:00.000+05:30
Venezuela,VEN,America,28435943,confirmed cases,282,2020-07-08T00:00:00.000+05:30
Venezuela,VEN,America,28435943,confirmed cases,317,2020-07-09T00:00:00.000+05:30
Venezuela,VEN,America,28435943,confirmed cases,362,2020-07-10T00:00:00.000+05:30
Venezuela,VEN,America,28435943,confirmed cases,431,2020-07-11T00:00:00.000+05:30
Venezuela,VEN,America,28435943,confirmed cases,375,2020-07-12T00:00:00.000+05:30
Venezuela,VEN,America,28435943,confirmed cases,287,2020-07-13T00:00:00.000+05:30
Venezuela,VEN,America,28435943,confirmed cases,242,2020-07-14T00:00:00.000+05:30
Venezuela,VEN,America,28435943,confirmed cases,303,2020-07-15T00:00:00.000+05:30
Venezuela,VEN,America,28435943,confirmed cases,418,2020-07-16T00:00:00.000+05:30
Venezuela,VEN,America,28435943,confirmed cases,426,2020-07-17T00:00:00.000+05:30
Venezuela,VEN,America,28435943,confirmed cases,337,2020-07-18T00:00:00.000+05:30
Venezuela,VEN,America,28435943,confirmed cases,292,2020-07-19T00:00:00.000+05:30
Venezuela,VEN,America,28435943,confirmed cases,408,2020-07-20T00:00:00.000+05:30
Venezuela,VEN,America,28435943,confirmed cases,443,2020-07-21T00:00:00.000+05:30
Venezuela,VEN,America,28435943,confirmed cases,440,2020-07-22T00:00:00.000+05:30
Venezuela,VEN,America,28435943,confirmed cases,0,2020-07-23T00:00:00.000+05:30
Venezuela,VEN,America,28435943,confirmed cases,839,2020-07-24T00:00:00.000+05:30
Venezuela,VEN,America,28435943,confirmed cases,650,2020-07-25T00:00:00.000+05:30
Venezuela,VEN,America,28435943,confirmed cases,0,2020-07-26T00:00:00.000+05:30
Venezuela,VEN,America,28435943,confirmed cases,1200,2020-07-27T00:00:00.000+05:30
Venezuela,VEN,America,28435943,confirmed cases,525,2020-07-28T00:00:00.000+05:30
Venezuela,VEN,America,28435943,confirmed cases,583,2020-07-29T00:00:00.000+05:30
Venezuela,VEN,America,28435943,confirmed cases,0,2020-07-30T00:00:00.000+05:30
Venezuela,VEN,America,28435943,confirmed cases,1288,2020-07-31T00:00:00.000+05:30
Venezuela,VEN,America,28435943,deaths,3,2020-07-01T00:00:00.000+05:30
Venezuela,VEN,America,28435943,deaths,3,2020-07-02T00:00:00.000+05:30
Venezuela,VEN,America,28435943,deaths,3,2020-07-03T00:00:00.000+05:30
Venezuela,VEN,America,28435943,deaths,2,2020-07-04T00:00:00.000+05:30
Venezuela,VEN,America,28435943,deaths,3,2020-07-05T00:00:00.000+05:30
Venezuela,VEN,America,28435943,deaths,2,2020-07-06T00:00:00.000+05:30
Venezuela,VEN,America,28435943,deaths,4,2020-07-07T00:00:00.000+05:30
Venezuela,VEN,America,28435943,deaths,3,2020-07-08T00:00:00.000+05:30
Venezuela,VEN,America,28435943,deaths,4,2020-07-09T00:00:00.000+05:30
Venezuela,VEN,America,28435943,deaths,5,2020-07-10T00:00:00.000+05:30
Venezuela,VEN,America,28435943,deaths,3,2020-07-11T00:00:00.000+05:30
Venezuela,VEN,America,28435943,deaths,2,2020-07-12T00:00:00.000+05:30
Venezuela,VEN,America,28435943,deaths,4,2020-07-13T00:00:00.000+05:30
Venezuela,VEN,America,28435943,deaths,4,2020-07-14T00:00:00.000+05:30
Venezuela,VEN,America,28435943,deaths,3,2020-07-15T00:00:00.000+05:30
Venezuela,VEN,America,28435943,deaths,4,2020-07-16T00:00:00.000+05:30
Venezuela,VEN,America,28435943,deaths,4,2020-07-17T00:00:00.000+05:30
Venezuela,VEN,America,28435943,deaths,3,2020-07-18T00:00:00.000+05:30
Venezuela,VEN,America,28435943,deaths,3,2020-07-19T00:00:00.000+05:30
Venezuela,VEN,America,28435943,deaths,2,2020-07-20T00:00:00.000+05:30
Venezuela,VEN,America,28435943,deaths,4,2020-07-21T00:00:00.000+05:30
Venezuela,VEN,America,28435943,deaths,4,2020-07-22T00:00:00.000+05:30
Venezuela,VEN,America,28435943,deaths,0,2020-07-23T00:00:00.000+05:30
Venezuela,VEN,America,28435943,deaths,9,2020-07-24T00:00:00.000+05:30
Venezuela,VEN,America,28435943,deaths,5,2020-07-25T00:00:00.000+05:30
Venezuela,VEN,America,28435943,deaths,0,2020-07-26T00:00:00.000+05:30
Venezuela,VEN,America,28435943,deaths,8,2020-07-27T00:00:00.000+05:30
Venezuela,VEN,America,28435943,deaths,4,2020-07-28T00:00:00.000+05:30
Venezuela,VEN,America,28435943,deaths,5,2020-07-29T00:00:00.000+05:30
Venezuela,VEN,America,28435943,deaths,0,2020-07-30T00:00:00.000+05:30
Venezuela,VEN,America,28435943,deaths,7,2020-07-31T00:00:00.000+05:30
Vietnam,VNM,Asia,97338583,confirmed cases,0,2020-07-01T00:00:00.000+05:30
Vietnam,VNM,Asia,97338583,confirmed cases,0,2020-07-02T00:00:00.000+05:30
Vietnam,VNM,Asia,97338583,confirmed cases,0,2020-07-03T00:00:00.000+05:30
Vietnam,VNM,Asia,97338583,confirmed cases,0,2020-07-04T00:00:00.000+05:30
Vietnam,VNM,Asia,97338583,confirmed cases,0,2020-07-05T00:00:00.000+05:30
Vietnam,VNM,Asia,97338583,confirmed cases,0,2020-07-06T00:00:00.000+05:30
Vietnam,VNM,Asia,97338583,confirmed cases,14,2020-07-07T00:00:00.000+05:30
Vietnam,VNM,Asia,97338583,confirmed cases,0,2020-07-08T00:00:00.000+05:30
Vietnam,VNM,Asia,97338583,confirmed cases,0,2020-07-09T00:00:00.000+05:30
Vietnam,VNM,Asia,97338583,confirmed cases,0,2020-07-10T00:00:00.000+05:30
Vietnam,VNM,Asia,97338583,confirmed cases,1,2020-07-11T00:00:00.000+05:30
Vietnam,VNM,Asia,97338583,confirmed cases,0,2020-07-12T00:00:00.000+05:30
Vietnam,VNM,Asia,97338583,confirmed cases,2,2020-07-13T00:00:00.000+05:30
Vietnam,VNM,Asia,97338583,confirmed cases,1,2020-07-14T00:00:00.000+05:30
Vietnam,VNM,Asia,97338583,confirmed cases,0,2020-07-15T00:00:00.000+05:30
Vietnam,VNM,Asia,97338583,confirmed cases,0,2020-07-16T00:00:00.000+05:30
Vietnam,VNM,Asia,97338583,confirmed cases,0,2020-07-17T00:00:00.000+05:30
Vietnam,VNM,Asia,97338583,confirmed cases,0,2020-07-18T00:00:00.000+05:30
Vietnam,VNM,Asia,97338583,confirmed cases,0,2020-07-19T00:00:00.000+05:30
Vietnam,VNM,Asia,97338583,confirmed cases,0,2020-07-20T00:00:00.000+05:30
Vietnam,VNM,Asia,97338583,confirmed cases,0,2020-07-21T00:00:00.000+05:30
Vietnam,VNM,Asia,97338583,confirmed cases,28,2020-07-22T00:00:00.000+05:30
Vietnam,VNM,Asia,97338583,confirmed cases,7,2020-07-23T00:00:00.000+05:30
Vietnam,VNM,Asia,97338583,confirmed cases,4,2020-07-24T00:00:00.000+05:30
Vietnam,VNM,Asia,97338583,confirmed cases,3,2020-07-25T00:00:00.000+05:30
Vietnam,VNM,Asia,97338583,confirmed cases,0,2020-07-26T00:00:00.000+05:30
Vietnam,VNM,Asia,97338583,confirmed cases,5,2020-07-27T00:00:00.000+05:30
Vietnam,VNM,Asia,97338583,confirmed cases,11,2020-07-28T00:00:00.000+05:30
Vietnam,VNM,Asia,97338583,confirmed cases,2,2020-07-29T00:00:00.000+05:30
Vietnam,VNM,Asia,97338583,confirmed cases,26,2020-07-30T00:00:00.000+05:30
Vietnam,VNM,Asia,97338583,confirmed cases,50,2020-07-31T00:00:00.000+05:30
Vietnam,VNM,Asia,97338583,deaths,0,2020-07-01T00:00:00.000+05:30
Vietnam,VNM,Asia,97338583,deaths,0,2020-07-02T00:00:00.000+05:30
Vietnam,VNM,Asia,97338583,deaths,0,2020-07-03T00:00:00.000+05:30
Vietnam,VNM,Asia,97338583,deaths,0,2020-07-04T00:00:00.000+05:30
Vietnam,VNM,Asia,97338583,deaths,0,2020-07-05T00:00:00.000+05:30
Vietnam,VNM,Asia,97338583,deaths,0,2020-07-06T00:00:00.000+05:30
Vietnam,VNM,Asia,97338583,deaths,0,2020-07-07T00:00:00.000+05:30
Vietnam,VNM,Asia,97338583,deaths,0,2020-07-08T00:00:00.000+05:30
Vietnam,VNM,Asia,97338583,deaths,0,2020-07-09T00:00:00.000+05:30
Vietnam,VNM,Asia,97338583,deaths,0,2020-07-10T00:00:00.000+05:30
Vietnam,VNM,Asia,97338583,deaths,0,2020-07-11T00:00:00.000+05:30
Vietnam,VNM,Asia,97338583,deaths,0,2020-07-12T00:00:00.000+05:30
Vietnam,VNM,Asia,97338583,deaths,0,2020-07-13T00:00:00.000+05:30
Vietnam,VNM,Asia,97338583,deaths,0,2020-07-14T00:00:00.000+05:30
Vietnam,VNM,Asia,97338583,deaths,0,2020-07-15T00:00:00.000+05:30
Vietnam,VNM,Asia,97338583,deaths,0,2020-07-16T00:00:00.000+05:30
Vietnam,VNM,Asia,97338583,deaths,0,2020-07-17T00:00:00.000+05:30
Vietnam,VNM,Asia,97338583,deaths,0,2020-07-18T00:00:00.000+05:30
Vietnam,VNM,Asia,97338583,deaths,0,2020-07-19T00:00:00.000+05:30
Vietnam,VNM,Asia,97338583,deaths,0,2020-07-20T00:00:00.000+05:30
Vietnam,VNM,Asia,97338583,deaths,0,2020-07-21T00:00:00.000+05:30
Vietnam,VNM,Asia,97338583,deaths,0,2020-07-22T00:00:00.000+05:30
Vietnam,VNM,Asia,97338583,deaths,0,2020-07-23T00:00:00.000+05:30
Vietnam,VNM,Asia,97338583,deaths,0,2020-07-24T00:00:00.000+05:30
Vietnam,VNM,Asia,97338583,deaths,0,2020-07-25T00:00:00.000+05:30
Vietnam,VNM,Asia,97338583,deaths,0,2020-07-26T00:00:00.000+05:30
Vietnam,VNM,Asia,97338583,deaths,0,2020-07-27T00:00:00.000+05:30
Vietnam,VNM,Asia,97338583,deaths,0,2020-07-28T00:00:00.000+05:30
Vietnam,VNM,Asia,97338583,deaths,0,2020-07-29T00:00:00.000+05:30
Vietnam,VNM,Asia,97338583,deaths,0,2020-07-30T00:00:00.000+05:30
Vietnam,VNM,Asia,97338583,deaths,0,2020-07-31T00:00:00.000+05:30
Wallis and Futuna,WLF,Oceania,11246,confirmed cases,0,2020-07-01T00:00:00.000+05:30
Wallis and Futuna,WLF,Oceania,11246,confirmed cases,0,2020-07-02T00:00:00.000+05:30
Wallis and Futuna,WLF,Oceania,11246,confirmed cases,0,2020-07-03T00:00:00.000+05:30
Wallis and Futuna,WLF,Oceania,11246,confirmed cases,0,2020-07-04T00:00:00.000+05:30
Wallis and Futuna,WLF,Oceania,11246,confirmed cases,0,2020-07-05T00:00:00.000+05:30
Wallis and Futuna,WLF,Oceania,11246,confirmed cases,0,2020-07-06T00:00:00.000+05:30
Wallis and Futuna,WLF,Oceania,11246,confirmed cases,0,2020-07-07T00:00:00.000+05:30
Wallis and Futuna,WLF,Oceania,11246,confirmed cases,0,2020-07-08T00:00:00.000+05:30
Wallis and Futuna,WLF,Oceania,11246,confirmed cases,0,2020-07-09T00:00:00.000+05:30
Wallis and Futuna,WLF,Oceania,11246,confirmed cases,0,2020-07-10T00:00:00.000+05:30
Wallis and Futuna,WLF,Oceania,11246,confirmed cases,0,2020-07-11T00:00:00.000+05:30
Wallis and Futuna,WLF,Oceania,11246,confirmed cases,0,2020-07-12T00:00:00.000+05:30
Wallis and Futuna,WLF,Oceania,11246,confirmed cases,0,2020-07-13T00:00:00.000+05:30
Wallis and Futuna,WLF,Oceania,11246,confirmed cases,0,2020-07-14T00:00:00.000+05:30
Wallis and Futuna,WLF,Oceania,11246,confirmed cases,0,2020-07-15T00:00:00.000+05:30
Wallis and Futuna,WLF,Oceania,11246,confirmed cases,0,2020-07-16T00:00:00.000+05:30
Wallis and Futuna,WLF,Oceania,11246,confirmed cases,0,2020-07-17T00:00:00.000+05:30
Wallis and Futuna,WLF,Oceania,11246,confirmed cases,0,2020-07-18T00:00:00.000+05:30
Wallis and Futuna,WLF,Oceania,11246,confirmed cases,0,2020-07-19T00:00:00.000+05:30
Wallis and Futuna,WLF,Oceania,11246,confirmed cases,0,2020-07-20T00:00:00.000+05:30
Wallis and Futuna,WLF,Oceania,11246,confirmed cases,0,2020-07-21T00:00:00.000+05:30
Wallis and Futuna,WLF,Oceania,11246,confirmed cases,0,2020-07-22T00:00:00.000+05:30
Wallis and Futuna,WLF,Oceania,11246,confirmed cases,0,2020-07-23T00:00:00.000+05:30
Wallis and Futuna,WLF,Oceania,11246,confirmed cases,0,2020-07-24T00:00:00.000+05:30
Wallis and Futuna,WLF,Oceania,11246,confirmed cases,0,2020-07-25T00:00:00.000+05:30
Wallis and Futuna,WLF,Oceania,11246,confirmed cases,0,2020-07-26T00:00:00.000+05:30
Wallis and Futuna,WLF,Oceania,11246,confirmed cases,0,2020-07-27T00:00:00.000+05:30
Wallis and Futuna,WLF,Oceania,11246,confirmed cases,0,2020-07-28T00:00:00.000+05:30
Wallis and Futuna,WLF,Oceania,11246,confirmed cases,0,2020-07-29T00:00:00.000+05:30
Wallis and Futuna,WLF,Oceania,11246,confirmed cases,0,2020-07-30T00:00:00.000+05:30
Wallis and Futuna,WLF,Oceania,11246,confirmed cases,0,2020-07-31T00:00:00.000+05:30
Wallis and Futuna,WLF,Oceania,11246,deaths,0,2020-07-01T00:00:00.000+05:30
Wallis and Futuna,WLF,Oceania,11246,deaths,0,2020-07-02T00:00:00.000+05:30
Wallis and Futuna,WLF,Oceania,11246,deaths,0,2020-07-03T00:00:00.000+05:30
Wallis and Futuna,WLF,Oceania,11246,deaths,0,2020-07-04T00:00:00.000+05:30
Wallis and Futuna,WLF,Oceania,11246,deaths,0,2020-07-05T00:00:00.000+05:30
Wallis and Futuna,WLF,Oceania,11246,deaths,0,2020-07-06T00:00:00.000+05:30
Wallis and Futuna,WLF,Oceania,11246,deaths,0,2020-07-07T00:00:00.000+05:30
Wallis and Futuna,WLF,Oceania,11246,deaths,0,2020-07-08T00:00:00.000+05:30
Wallis and Futuna,WLF,Oceania,11246,deaths,0,2020-07-09T00:00:00.000+05:30
Wallis and Futuna,WLF,Oceania,11246,deaths,0,2020-07-10T00:00:00.000+05:30
Wallis and Futuna,WLF,Oceania,11246,deaths,0,2020-07-11T00:00:00.000+05:30
Wallis and Futuna,WLF,Oceania,11246,deaths,0,2020-07-12T00:00:00.000+05:30
Wallis and Futuna,WLF,Oceania,11246,deaths,0,2020-07-13T00:00:00.000+05:30
Wallis and Futuna,WLF,Oceania,11246,deaths,0,2020-07-14T00:00:00.000+05:30
Wallis and Futuna,WLF,Oceania,11246,deaths,0,2020-07-15T00:00:00.000+05:30
Wallis and Futuna,WLF,Oceania,11246,deaths,0,2020-07-16T00:00:00.000+05:30
Wallis and Futuna,WLF,Oceania,11246,deaths,0,2020-07-17T00:00:00.000+05:30
Wallis and Futuna,WLF,Oceania,11246,deaths,0,2020-07-18T00:00:00.000+05:30
Wallis and Futuna,WLF,Oceania,11246,deaths,0,2020-07-19T00:00:00.000+05:30
Wallis and Futuna,WLF,Oceania,11246,deaths,0,2020-07-20T00:00:00.000+05:30
Wallis and Futuna,WLF,Oceania,11246,deaths,0,2020-07-21T00:00:00.000+05:30
Wallis and Futuna,WLF,Oceania,11246,deaths,0,2020-07-22T00:00:00.000+05:30
Wallis and Futuna,WLF,Oceania,11246,deaths,0,2020-07-23T00:00:00.000+05:30
Wallis and Futuna,WLF,Oceania,11246,deaths,0,2020-07-24T00:00:00.000+05:30
Wallis and Futuna,WLF,Oceania,11246,deaths,0,2020-07-25T00:00:00.000+05:30
Wallis and Futuna,WLF,Oceania,11246,deaths,0,2020-07-26T00:00:00.000+05:30
Wallis and Futuna,WLF,Oceania,11246,deaths,0,2020-07-27T00:00:00.000+05:30
Wallis and Futuna,WLF,Oceania,11246,deaths,0,2020-07-28T00:00:00.000+05:30
Wallis and Futuna,WLF,Oceania,11246,deaths,0,2020-07-29T00:00:00.000+05:30
Wallis and Futuna,WLF,Oceania,11246,deaths,0,2020-07-30T00:00:00.000+05:30
Wallis and Futuna,WLF,Oceania,11246,deaths,0,2020-07-31T00:00:00.000+05:30
Western Sahara,ESH,Africa,597330,confirmed cases,172,2020-07-01T00:00:00.000+05:30
Western Sahara,ESH,Africa,597330,confirmed cases,81,2020-07-02T00:00:00.000+05:30
Western Sahara,ESH,Africa,597330,confirmed cases,0,2020-07-03T00:00:00.000+05:30
Western Sahara,ESH,Africa,597330,confirmed cases,58,2020-07-04T00:00:00.000+05:30
Western Sahara,ESH,Africa,597330,confirmed cases,0,2020-07-05T00:00:00.000+05:30
Western Sahara,ESH,Africa,597330,confirmed cases,0,2020-07-06T00:00:00.000+05:30
Western Sahara,ESH,Africa,597330,confirmed cases,0,2020-07-07T00:00:00.000+05:30
Western Sahara,ESH,Africa,597330,confirmed cases,0,2020-07-08T00:00:00.000+05:30
Western Sahara,ESH,Africa,597330,confirmed cases,0,2020-07-09T00:00:00.000+05:30
Western Sahara,ESH,Africa,597330,confirmed cases,0,2020-07-10T00:00:00.000+05:30
Western Sahara,ESH,Africa,597330,confirmed cases,0,2020-07-11T00:00:00.000+05:30
Western Sahara,ESH,Africa,597330,confirmed cases,0,2020-07-12T00:00:00.000+05:30
Western Sahara,ESH,Africa,597330,confirmed cases,0,2020-07-13T00:00:00.000+05:30
Western Sahara,ESH,Africa,597330,confirmed cases,242,2020-07-14T00:00:00.000+05:30
Western Sahara,ESH,Africa,597330,confirmed cases,5,2020-07-15T00:00:00.000+05:30
Western Sahara,ESH,Africa,597330,confirmed cases,0,2020-07-16T00:00:00.000+05:30
Western Sahara,ESH,Africa,597330,confirmed cases,0,2020-07-17T00:00:00.000+05:30
Western Sahara,ESH,Africa,597330,confirmed cases,0,2020-07-18T00:00:00.000+05:30
Western Sahara,ESH,Africa,597330,confirmed cases,0,2020-07-19T00:00:00.000+05:30
Western Sahara,ESH,Africa,597330,confirmed cases,0,2020-07-20T00:00:00.000+05:30
Western Sahara,ESH,Africa,597330,confirmed cases,0,2020-07-21T00:00:00.000+05:30
Western Sahara,ESH,Africa,597330,confirmed cases,0,2020-07-22T00:00:00.000+05:30
Western Sahara,ESH,Africa,597330,confirmed cases,0,2020-07-23T00:00:00.000+05:30
Western Sahara,ESH,Africa,597330,confirmed cases,0,2020-07-24T00:00:00.000+05:30
Western Sahara,ESH,Africa,597330,confirmed cases,0,2020-07-25T00:00:00.000+05:30
Western Sahara,ESH,Africa,597330,confirmed cases,0,2020-07-26T00:00:00.000+05:30
Western Sahara,ESH,Africa,597330,confirmed cases,0,2020-07-27T00:00:00.000+05:30
Western Sahara,ESH,Africa,597330,confirmed cases,0,2020-07-28T00:00:00.000+05:30
Western Sahara,ESH,Africa,597330,confirmed cases,0,2020-07-29T00:00:00.000+05:30
Western Sahara,ESH,Africa,597330,confirmed cases,0,2020-07-30T00:00:00.000+05:30
Western Sahara,ESH,Africa,597330,confirmed cases,0,2020-07-31T00:00:00.000+05:30
Western Sahara,ESH,Africa,597330,deaths,0,2020-07-01T00:00:00.000+05:30
Western Sahara,ESH,Africa,597330,deaths,0,2020-07-02T00:00:00.000+05:30
Western Sahara,ESH,Africa,597330,deaths,0,2020-07-03T00:00:00.000+05:30
Western Sahara,ESH,Africa,597330,deaths,0,2020-07-04T00:00:00.000+05:30
Western Sahara,ESH,Africa,597330,deaths,0,2020-07-05T00:00:00.000+05:30
Western Sahara,ESH,Africa,597330,deaths,0,2020-07-06T00:00:00.000+05:30
Western Sahara,ESH,Africa,597330,deaths,0,2020-07-07T00:00:00.000+05:30
Western Sahara,ESH,Africa,597330,deaths,0,2020-07-08T00:00:00.000+05:30
Western Sahara,ESH,Africa,597330,deaths,0,2020-07-09T00:00:00.000+05:30
Western Sahara,ESH,Africa,597330,deaths,0,2020-07-10T00:00:00.000+05:30
Western Sahara,ESH,Africa,597330,deaths,0,2020-07-11T00:00:00.000+05:30
Western Sahara,ESH,Africa,597330,deaths,0,2020-07-12T00:00:00.000+05:30
Western Sahara,ESH,Africa,597330,deaths,0,2020-07-13T00:00:00.000+05:30
Western Sahara,ESH,Africa,597330,deaths,0,2020-07-14T00:00:00.000+05:30
Western Sahara,ESH,Africa,597330,deaths,0,2020-07-15T00:00:00.000+05:30
Western Sahara,ESH,Africa,597330,deaths,0,2020-07-16T00:00:00.000+05:30
Western Sahara,ESH,Africa,597330,deaths,0,2020-07-17T00:00:00.000+05:30
Western Sahara,ESH,Africa,597330,deaths,0,2020-07-18T00:00:00.000+05:30
Western Sahara,ESH,Africa,597330,deaths,0,2020-07-19T00:00:00.000+05:30
Western Sahara,ESH,Africa,597330,deaths,0,2020-07-20T00:00:00.000+05:30
Western Sahara,ESH,Africa,597330,deaths,0,2020-07-21T00:00:00.000+05:30
Western Sahara,ESH,Africa,597330,deaths,0,2020-07-22T00:00:00.000+05:30
Western Sahara,ESH,Africa,597330,deaths,0,2020-07-23T00:00:00.000+05:30
Western Sahara,ESH,Africa,597330,deaths,0,2020-07-24T00:00:00.000+05:30
Western Sahara,ESH,Africa,597330,deaths,0,2020-07-25T00:00:00.000+05:30
Western Sahara,ESH,Africa,597330,deaths,0,2020-07-26T00:00:00.000+05:30
Western Sahara,ESH,Africa,597330,deaths,0,2020-07-27T00:00:00.000+05:30
Western Sahara,ESH,Africa,597330,deaths,0,2020-07-28T00:00:00.000+05:30
Western Sahara,ESH,Africa,597330,deaths,0,2020-07-29T00:00:00.000+05:30
Western Sahara,ESH,Africa,597330,deaths,0,2020-07-30T00:00:00.000+05:30
Western Sahara,ESH,Africa,597330,deaths,0,2020-07-31T00:00:00.000+05:30
Yemen,YEM,Asia,29825968,confirmed cases,30,2020-07-01T00:00:00.000+05:30
Yemen,YEM,Asia,29825968,confirmed cases,32,2020-07-02T00:00:00.000+05:30
Yemen,YEM,Asia,29825968,confirmed cases,31,2020-07-03T00:00:00.000+05:30
Yemen,YEM,Asia,29825968,confirmed cases,19,2020-07-04T00:00:00.000+05:30
Yemen,YEM,Asia,29825968,confirmed cases,8,2020-07-05T00:00:00.000+05:30
Yemen,YEM,Asia,29825968,confirmed cases,17,2020-07-06T00:00:00.000+05:30
Yemen,YEM,Asia,29825968,confirmed cases,25,2020-07-07T00:00:00.000+05:30
Yemen,YEM,Asia,29825968,confirmed cases,7,2020-07-08T00:00:00.000+05:30
Yemen,YEM,Asia,29825968,confirmed cases,21,2020-07-09T00:00:00.000+05:30
Yemen,YEM,Asia,29825968,confirmed cases,38,2020-07-10T00:00:00.000+05:30
Yemen,YEM,Asia,29825968,confirmed cases,24,2020-07-11T00:00:00.000+05:30
Yemen,YEM,Asia,29825968,confirmed cases,9,2020-07-12T00:00:00.000+05:30
Yemen,YEM,Asia,29825968,confirmed cases,76,2020-07-13T00:00:00.000+05:30
Yemen,YEM,Asia,29825968,confirmed cases,33,2020-07-14T00:00:00.000+05:30
Yemen,YEM,Asia,29825968,confirmed cases,4,2020-07-15T00:00:00.000+05:30
Yemen,YEM,Asia,29825968,confirmed cases,24,2020-07-16T00:00:00.000+05:30
Yemen,YEM,Asia,29825968,confirmed cases,26,2020-07-17T00:00:00.000+05:30
Yemen,YEM,Asia,29825968,confirmed cases,24,2020-07-18T00:00:00.000+05:30
Yemen,YEM,Asia,29825968,confirmed cases,5,2020-07-19T00:00:00.000+05:30
Yemen,YEM,Asia,29825968,confirmed cases,25,2020-07-20T00:00:00.000+05:30
Yemen,YEM,Asia,29825968,confirmed cases,13,2020-07-21T00:00:00.000+05:30
Yemen,YEM,Asia,29825968,confirmed cases,10,2020-07-22T00:00:00.000+05:30
Yemen,YEM,Asia,29825968,confirmed cases,11,2020-07-23T00:00:00.000+05:30
Yemen,YEM,Asia,29825968,confirmed cases,14,2020-07-24T00:00:00.000+05:30
Yemen,YEM,Asia,29825968,confirmed cases,0,2020-07-25T00:00:00.000+05:30
Yemen,YEM,Asia,29825968,confirmed cases,20,2020-07-26T00:00:00.000+05:30
Yemen,YEM,Asia,29825968,confirmed cases,7,2020-07-27T00:00:00.000+05:30
Yemen,YEM,Asia,29825968,confirmed cases,10,2020-07-28T00:00:00.000+05:30
Yemen,YEM,Asia,29825968,confirmed cases,4,2020-07-29T00:00:00.000+05:30
Yemen,YEM,Asia,29825968,confirmed cases,16,2020-07-30T00:00:00.000+05:30
Yemen,YEM,Asia,29825968,confirmed cases,15,2020-07-31T00:00:00.000+05:30
Yemen,YEM,Asia,29825968,deaths,8,2020-07-01T00:00:00.000+05:30
Yemen,YEM,Asia,29825968,deaths,6,2020-07-02T00:00:00.000+05:30
Yemen,YEM,Asia,29825968,deaths,7,2020-07-03T00:00:00.000+05:30
Yemen,YEM,Asia,29825968,deaths,10,2020-07-04T00:00:00.000+05:30
Yemen,YEM,Asia,29825968,deaths,2,2020-07-05T00:00:00.000+05:30
Yemen,YEM,Asia,29825968,deaths,1,2020-07-06T00:00:00.000+05:30
Yemen,YEM,Asia,29825968,deaths,7,2020-07-07T00:00:00.000+05:30
Yemen,YEM,Asia,29825968,deaths,3,2020-07-08T00:00:00.000+05:30
Yemen,YEM,Asia,29825968,deaths,3,2020-07-09T00:00:00.000+05:30
Yemen,YEM,Asia,29825968,deaths,10,2020-07-10T00:00:00.000+05:30
Yemen,YEM,Asia,29825968,deaths,3,2020-07-11T00:00:00.000+05:30
Yemen,YEM,Asia,29825968,deaths,1,2020-07-12T00:00:00.000+05:30
Yemen,YEM,Asia,29825968,deaths,52,2020-07-13T00:00:00.000+05:30
Yemen,YEM,Asia,29825968,deaths,7,2020-07-14T00:00:00.000+05:30
Yemen,YEM,Asia,29825968,deaths,6,2020-07-15T00:00:00.000+05:30
Yemen,YEM,Asia,29825968,deaths,3,2020-07-16T00:00:00.000+05:30
Yemen,YEM,Asia,29825968,deaths,5,2020-07-17T00:00:00.000+05:30
Yemen,YEM,Asia,29825968,deaths,2,2020-07-18T00:00:00.000+05:30
Yemen,YEM,Asia,29825968,deaths,3,2020-07-19T00:00:00.000+05:30
Yemen,YEM,Asia,29825968,deaths,2,2020-07-20T00:00:00.000+05:30
Yemen,YEM,Asia,29825968,deaths,2,2020-07-21T00:00:00.000+05:30
Yemen,YEM,Asia,29825968,deaths,9,2020-07-22T00:00:00.000+05:30
Yemen,YEM,Asia,29825968,deaths,2,2020-07-23T00:00:00.000+05:30
Yemen,YEM,Asia,29825968,deaths,3,2020-07-24T00:00:00.000+05:30
Yemen,YEM,Asia,29825968,deaths,0,2020-07-25T00:00:00.000+05:30
Yemen,YEM,Asia,29825968,deaths,13,2020-07-26T00:00:00.000+05:30
Yemen,YEM,Asia,29825968,deaths,5,2020-07-27T00:00:00.000+05:30
Yemen,YEM,Asia,29825968,deaths,4,2020-07-28T00:00:00.000+05:30
Yemen,YEM,Asia,29825968,deaths,1,2020-07-29T00:00:00.000+05:30
Yemen,YEM,Asia,29825968,deaths,1,2020-07-30T00:00:00.000+05:30
Yemen,YEM,Asia,29825968,deaths,2,2020-07-31T00:00:00.000+05:30
Zambia,ZMB,Africa,18383956,confirmed cases,26,2020-07-01T00:00:00.000+05:30
Zambia,ZMB,Africa,18383956,confirmed cases,38,2020-07-02T00:00:00.000+05:30
Zambia,ZMB,Africa,18383956,confirmed cases,0,2020-07-03T00:00:00.000+05:30
Zambia,ZMB,Africa,18383956,confirmed cases,0,2020-07-04T00:00:00.000+05:30
Zambia,ZMB,Africa,18383956,confirmed cases,0,2020-07-05T00:00:00.000+05:30
Zambia,ZMB,Africa,18383956,confirmed cases,0,2020-07-06T00:00:00.000+05:30
Zambia,ZMB,Africa,18383956,confirmed cases,0,2020-07-07T00:00:00.000+05:30
Zambia,ZMB,Africa,18383956,confirmed cases,263,2020-07-08T00:00:00.000+05:30
Zambia,ZMB,Africa,18383956,confirmed cases,0,2020-07-09T00:00:00.000+05:30
Zambia,ZMB,Africa,18383956,confirmed cases,0,2020-07-10T00:00:00.000+05:30
Zambia,ZMB,Africa,18383956,confirmed cases,0,2020-07-11T00:00:00.000+05:30
Zambia,ZMB,Africa,18383956,confirmed cases,0,2020-07-12T00:00:00.000+05:30
Zambia,ZMB,Africa,18383956,confirmed cases,0,2020-07-13T00:00:00.000+05:30
Zambia,ZMB,Africa,18383956,confirmed cases,0,2020-07-14T00:00:00.000+05:30
Zambia,ZMB,Africa,18383956,confirmed cases,388,2020-07-15T00:00:00.000+05:30
Zambia,ZMB,Africa,18383956,confirmed cases,0,2020-07-16T00:00:00.000+05:30
Zambia,ZMB,Africa,18383956,confirmed cases,0,2020-07-17T00:00:00.000+05:30
Zambia,ZMB,Africa,18383956,confirmed cases,527,2020-07-18T00:00:00.000+05:30
Zambia,ZMB,Africa,18383956,confirmed cases,170,2020-07-19T00:00:00.000+05:30
Zambia,ZMB,Africa,18383956,confirmed cases,0,2020-07-20T00:00:00.000+05:30
Zambia,ZMB,Africa,18383956,confirmed cases,346,2020-07-21T00:00:00.000+05:30
Zambia,ZMB,Africa,18383956,confirmed cases,0,2020-07-22T00:00:00.000+05:30
Zambia,ZMB,Africa,18383956,confirmed cases,257,2020-07-23T00:00:00.000+05:30
Zambia,ZMB,Africa,18383956,confirmed cases,0,2020-07-24T00:00:00.000+05:30
Zambia,ZMB,Africa,18383956,confirmed cases,273,2020-07-25T00:00:00.000+05:30
Zambia,ZMB,Africa,18383956,confirmed cases,472,2020-07-26T00:00:00.000+05:30
Zambia,ZMB,Africa,18383956,confirmed cases,153,2020-07-27T00:00:00.000+05:30
Zambia,ZMB,Africa,18383956,confirmed cases,71,2020-07-28T00:00:00.000+05:30
Zambia,ZMB,Africa,18383956,confirmed cases,450,2020-07-29T00:00:00.000+05:30
Zambia,ZMB,Africa,18383956,confirmed cases,247,2020-07-30T00:00:00.000+05:30
Zambia,ZMB,Africa,18383956,confirmed cases,306,2020-07-31T00:00:00.000+05:30
Zambia,ZMB,Africa,18383956,deaths,2,2020-07-01T00:00:00.000+05:30
Zambia,ZMB,Africa,18383956,deaths,6,2020-07-02T00:00:00.000+05:30
Zambia,ZMB,Africa,18383956,deaths,0,2020-07-03T00:00:00.000+05:30
Zambia,ZMB,Africa,18383956,deaths,0,2020-07-04T00:00:00.000+05:30
Zambia,ZMB,Africa,18383956,deaths,0,2020-07-05T00:00:00.000+05:30
Zambia,ZMB,Africa,18383956,deaths,0,2020-07-06T00:00:00.000+05:30
Zambia,ZMB,Africa,18383956,deaths,0,2020-07-07T00:00:00.000+05:30
Zambia,ZMB,Africa,18383956,deaths,12,2020-07-08T00:00:00.000+05:30
Zambia,ZMB,Africa,18383956,deaths,0,2020-07-09T00:00:00.000+05:30
Zambia,ZMB,Africa,18383956,deaths,0,2020-07-10T00:00:00.000+05:30
Zambia,ZMB,Africa,18383956,deaths,0,2020-07-11T00:00:00.000+05:30
Zambia,ZMB,Africa,18383956,deaths,0,2020-07-12T00:00:00.000+05:30
Zambia,ZMB,Africa,18383956,deaths,0,2020-07-13T00:00:00.000+05:30
Zambia,ZMB,Africa,18383956,deaths,0,2020-07-14T00:00:00.000+05:30
Zambia,ZMB,Africa,18383956,deaths,40,2020-07-15T00:00:00.000+05:30
Zambia,ZMB,Africa,18383956,deaths,0,2020-07-16T00:00:00.000+05:30
Zambia,ZMB,Africa,18383956,deaths,0,2020-07-17T00:00:00.000+05:30
Zambia,ZMB,Africa,18383956,deaths,27,2020-07-18T00:00:00.000+05:30
Zambia,ZMB,Africa,18383956,deaths,0,2020-07-19T00:00:00.000+05:30
Zambia,ZMB,Africa,18383956,deaths,0,2020-07-20T00:00:00.000+05:30
Zambia,ZMB,Africa,18383956,deaths,11,2020-07-21T00:00:00.000+05:30
Zambia,ZMB,Africa,18383956,deaths,0,2020-07-22T00:00:00.000+05:30
Zambia,ZMB,Africa,18383956,deaths,8,2020-07-23T00:00:00.000+05:30
Zambia,ZMB,Africa,18383956,deaths,0,2020-07-24T00:00:00.000+05:30
Zambia,ZMB,Africa,18383956,deaths,2,2020-07-25T00:00:00.000+05:30
Zambia,ZMB,Africa,18383956,deaths,0,2020-07-26T00:00:00.000+05:30
Zambia,ZMB,Africa,18383956,deaths,9,2020-07-27T00:00:00.000+05:30
Zambia,ZMB,Africa,18383956,deaths,1,2020-07-28T00:00:00.000+05:30
Zambia,ZMB,Africa,18383956,deaths,2,2020-07-29T00:00:00.000+05:30
Zambia,ZMB,Africa,18383956,deaths,4,2020-07-30T00:00:00.000+05:30
Zambia,ZMB,Africa,18383956,deaths,3,2020-07-31T00:00:00.000+05:30
Zimbabwe,ZWE,Africa,14862927,confirmed cases,17,2020-07-01T00:00:00.000+05:30
Zimbabwe,ZWE,Africa,14862927,confirmed cases,14,2020-07-02T00:00:00.000+05:30
Zimbabwe,ZWE,Africa,14862927,confirmed cases,12,2020-07-03T00:00:00.000+05:30
Zimbabwe,ZWE,Africa,14862927,confirmed cases,8,2020-07-04T00:00:00.000+05:30
Zimbabwe,ZWE,Africa,14862927,confirmed cases,73,2020-07-05T00:00:00.000+05:30
Zimbabwe,ZWE,Africa,14862927,confirmed cases,18,2020-07-06T00:00:00.000+05:30
Zimbabwe,ZWE,Africa,14862927,confirmed cases,18,2020-07-07T00:00:00.000+05:30
Zimbabwe,ZWE,Africa,14862927,confirmed cases,53,2020-07-08T00:00:00.000+05:30
Zimbabwe,ZWE,Africa,14862927,confirmed cases,98,2020-07-09T00:00:00.000+05:30
Zimbabwe,ZWE,Africa,14862927,confirmed cases,41,2020-07-10T00:00:00.000+05:30
Zimbabwe,ZWE,Africa,14862927,confirmed cases,16,2020-07-11T00:00:00.000+05:30
Zimbabwe,ZWE,Africa,14862927,confirmed cases,40,2020-07-12T00:00:00.000+05:30
Zimbabwe,ZWE,Africa,14862927,confirmed cases,3,2020-07-13T00:00:00.000+05:30
Zimbabwe,ZWE,Africa,14862927,confirmed cases,49,2020-07-14T00:00:00.000+05:30
Zimbabwe,ZWE,Africa,14862927,confirmed cases,0,2020-07-15T00:00:00.000+05:30
Zimbabwe,ZWE,Africa,14862927,confirmed cases,55,2020-07-16T00:00:00.000+05:30
Zimbabwe,ZWE,Africa,14862927,confirmed cases,273,2020-07-17T00:00:00.000+05:30
Zimbabwe,ZWE,Africa,14862927,confirmed cases,58,2020-07-18T00:00:00.000+05:30
Zimbabwe,ZWE,Africa,14862927,confirmed cases,58,2020-07-19T00:00:00.000+05:30
Zimbabwe,ZWE,Africa,14862927,confirmed cases,133,2020-07-20T00:00:00.000+05:30
Zimbabwe,ZWE,Africa,14862927,confirmed cases,102,2020-07-21T00:00:00.000+05:30
Zimbabwe,ZWE,Africa,14862927,confirmed cases,107,2020-07-22T00:00:00.000+05:30
Zimbabwe,ZWE,Africa,14862927,confirmed cases,214,2020-07-23T00:00:00.000+05:30
Zimbabwe,ZWE,Africa,14862927,confirmed cases,90,2020-07-24T00:00:00.000+05:30
Zimbabwe,ZWE,Africa,14862927,confirmed cases,172,2020-07-25T00:00:00.000+05:30
Zimbabwe,ZWE,Africa,14862927,confirmed cases,138,2020-07-26T00:00:00.000+05:30
Zimbabwe,ZWE,Africa,14862927,confirmed cases,78,2020-07-27T00:00:00.000+05:30
Zimbabwe,ZWE,Africa,14862927,confirmed cases,192,2020-07-28T00:00:00.000+05:30
Zimbabwe,ZWE,Africa,14862927,confirmed cases,113,2020-07-29T00:00:00.000+05:30
Zimbabwe,ZWE,Africa,14862927,confirmed cases,62,2020-07-30T00:00:00.000+05:30
Zimbabwe,ZWE,Africa,14862927,confirmed cases,213,2020-07-31T00:00:00.000+05:30
Zimbabwe,ZWE,Africa,14862927,deaths,0,2020-07-01T00:00:00.000+05:30
Zimbabwe,ZWE,Africa,14862927,deaths,0,2020-07-02T00:00:00.000+05:30
Zimbabwe,ZWE,Africa,14862927,deaths,0,2020-07-03T00:00:00.000+05:30
Zimbabwe,ZWE,Africa,14862927,deaths,0,2020-07-04T00:00:00.000+05:30
Zimbabwe,ZWE,Africa,14862927,deaths,1,2020-07-05T00:00:00.000+05:30
Zimbabwe,ZWE,Africa,14862927,deaths,0,2020-07-06T00:00:00.000+05:30
Zimbabwe,ZWE,Africa,14862927,deaths,1,2020-07-07T00:00:00.000+05:30
Zimbabwe,ZWE,Africa,14862927,deaths,0,2020-07-08T00:00:00.000+05:30
Zimbabwe,ZWE,Africa,14862927,deaths,0,2020-07-09T00:00:00.000+05:30
Zimbabwe,ZWE,Africa,14862927,deaths,3,2020-07-10T00:00:00.000+05:30
Zimbabwe,ZWE,Africa,14862927,deaths,1,2020-07-11T00:00:00.000+05:30
Zimbabwe,ZWE,Africa,14862927,deaths,5,2020-07-12T00:00:00.000+05:30
Zimbabwe,ZWE,Africa,14862927,deaths,0,2020-07-13T00:00:00.000+05:30
Zimbabwe,ZWE,Africa,14862927,deaths,1,2020-07-14T00:00:00.000+05:30
Zimbabwe,ZWE,Africa,14862927,deaths,0,2020-07-15T00:00:00.000+05:30
Zimbabwe,ZWE,Africa,14862927,deaths,1,2020-07-16T00:00:00.000+05:30
Zimbabwe,ZWE,Africa,14862927,deaths,3,2020-07-17T00:00:00.000+05:30
Zimbabwe,ZWE,Africa,14862927,deaths,1,2020-07-18T00:00:00.000+05:30
Zimbabwe,ZWE,Africa,14862927,deaths,1,2020-07-19T00:00:00.000+05:30
Zimbabwe,ZWE,Africa,14862927,deaths,0,2020-07-20T00:00:00.000+05:30
Zimbabwe,ZWE,Africa,14862927,deaths,1,2020-07-21T00:00:00.000+05:30
Zimbabwe,ZWE,Africa,14862927,deaths,0,2020-07-22T00:00:00.000+05:30
Zimbabwe,ZWE,Africa,14862927,deaths,0,2020-07-23T00:00:00.000+05:30
Zimbabwe,ZWE,Africa,14862927,deaths,2,2020-07-24T00:00:00.000+05:30
Zimbabwe,ZWE,Africa,14862927,deaths,4,2020-07-25T00:00:00.000+05:30
Zimbabwe,ZWE,Africa,14862927,deaths,2,2020-07-26T00:00:00.000+05:30
Zimbabwe,ZWE,Africa,14862927,deaths,0,2020-07-27T00:00:00.000+05:30
Zimbabwe,ZWE,Africa,14862927,deaths,2,2020-07-28T00:00:00.000+05:30
Zimbabwe,ZWE,Africa,14862927,deaths,4,2020-07-29T00:00:00.000+05:30
Zimbabwe,ZWE,Africa,14862927,deaths,1,2020-07-30T00:00:00.000+05:30
Zimbabwe,ZWE,Africa,14862927,deaths,12,2020-07-31T00:00:00.000+05:30
