Uzbekistan,UZB,Asia,33469199,deaths,3,2020-10-01T00:00:00.000+05:30
Uzbekistan,UZB,Asia,33469199,deaths,1,2020-10-02T00:00:00.000+05:30
Uzbekistan,UZB,Asia,33469199,deaths,3,2020-10-03T00:00:00.000+05:30
Uzbekistan,UZB,Asia,33469199,deaths,4,2020-10-04T00:00:00.000+05:30
Uzbekistan,UZB,Asia,33469199,deaths,4,2020-10-05T00:00:00.000+05:30
Uzbekistan,UZB,Asia,33469199,deaths,2,2020-10-06T00:00:00.000+05:30
Uzbekistan,UZB,Asia,33469199,deaths,4,2020-10-07T00:00:00.000+05:30
Uzbekistan,UZB,Asia,33469199,deaths,5,2020-10-08T00:00:00.000+05:30
Uzbekistan,UZB,Asia,33469199,deaths,2,2020-10-09T00:00:00.000+05:30
Uzbekistan,UZB,Asia,33469199,deaths,2,2020-10-10T00:00:00.000+05:30
Uzbekistan,UZB,Asia,33469199,deaths,5,2020-10-11T00:00:00.000+05:30
Uzbekistan,UZB,Asia,33469199,deaths,2,2020-10-12T00:00:00.000+05:30
Uzbekistan,UZB,Asia,33469199,deaths,5,2020-10-13T00:00:00.000+05:30
Uzbekistan,UZB,Asia,33469199,deaths,2,2020-10-14T00:00:00.000+05:30
Uzbekistan,UZB,Asia,33469199,deaths,4,2020-10-15T00:00:00.000+05:30
Uzbekistan,UZB,Asia,33469199,deaths,3,2020-10-16T00:00:00.000+05:30
Uzbekistan,UZB,Asia,33469199,deaths,1,2020-10-17T00:00:00.000+05:30
Uzbekistan,UZB,Asia,33469199,deaths,5,2020-10-18T00:00:00.000+05:30
Uzbekistan,UZB,Asia,33469199,deaths,4,2020-10-19T00:00:00.000+05:30
Uzbekistan,UZB,Asia,33469199,deaths,4,2020-10-20T00:00:00.000+05:30
Uzbekistan,UZB,Asia,33469199,deaths,1,2020-10-21T00:00:00.000+05:30
Uzbekistan,UZB,Asia,33469199,deaths,4,2020-10-22T00:00:00.000+05:30
Uzbekistan,UZB,Asia,33469199,deaths,3,2020-10-23T00:00:00.000+05:30
Uzbekistan,UZB,Asia,33469199,deaths,1,2020-10-24T00:00:00.000+05:30
Uzbekistan,UZB,Asia,33469199,deaths,5,2020-10-25T00:00:00.000+05:30
Venezuela,VEN,America,28435943,confirmed cases,759,2020-10-01T00:00:00.000+05:30
Venezuela,VEN,America,28435943,confirmed cases,907,2020-10-02T00:00:00.000+05:30
Venezuela,VEN,America,28435943,confirmed cases,791,2020-10-03T00:00:00.000+05:30
Venezuela,VEN,America,28435943,confirmed cases,0,2020-10-04T00:00:00.000+05:30
Venezuela,VEN,America,28435943,confirmed cases,1614,2020-10-05T00:00:00.000+05:30
Venezuela,VEN,America,28435943,confirmed cases,683,2020-10-06T00:00:00.000+05:30
Venezuela,VEN,America,28435943,confirmed cases,679,2020-10-07T00:00:00.000+05:30
Venezuela,VEN,America,28435943,confirmed cases,608,2020-10-08T00:00:00.000+05:30
Venezuela,VEN,America,28435943,confirmed cases,615,2020-10-09T00:00:00.000+05:30
Venezuela,VEN,America,28435943,confirmed cases,677,2020-10-10T00:00:00.000+05:30
Venezuela,VEN,America,28435943,confirmed cases,757,2020-10-11T00:00:00.000+05:30
Venezuela,VEN,America,28435943,confirmed cases,684,2020-10-12T00:00:00.000+05:30
Venezuela,VEN,America,28435943,confirmed cases,619,2020-10-13T00:00:00.000+05:30
Venezuela,VEN,America,28435943,confirmed cases,635,2020-10-14T00:00:00.000+05:30
Venezuela,VEN,America,28435943,confirmed cases,614,2020-10-15T00:00:00.000+05:30
Venezuela,VEN,America,28435943,confirmed cases,464,2020-10-16T00:00:00.000+05:30
Venezuela,VEN,America,28435943,confirmed cases,0,2020-10-17T00:00:00.000+05:30
Venezuela,VEN,America,28435943,confirmed cases,289,2020-10-18T00:00:00.000+05:30
Venezuela,VEN,America,28435943,confirmed cases,878,2020-10-19T00:00:00.000+05:30
Venezuela,VEN,America,28435943,confirmed cases,0,2020-10-20T00:00:00.000+05:30
Venezuela,VEN,America,28435943,confirmed cases,1008,2020-10-21T00:00:00.000+05:30
Venezuela,VEN,America,28435943,confirmed cases,391,2020-10-22T00:00:00.000+05:30
Venezuela,VEN,America,28435943,confirmed cases,381,2020-10-23T00:00:00.000+05:30
Venezuela,VEN,America,28435943,confirmed cases,302,2020-10-24T00:00:00.000+05:30
Venezuela,VEN,America,28435943,confirmed cases,424,2020-10-25T00:00:00.000+05:30
Venezuela,VEN,America,28435943,deaths,7,2020-10-01T00:00:00.000+05:30
Venezuela,VEN,America,28435943,deaths,7,2020-10-02T00:00:00.000+05:30
Venezuela,VEN,America,28435943,deaths,8,2020-10-03T00:00:00.000+05:30
Venezuela,VEN,America,28435943,deaths,0,2020-10-04T00:00:00.000+05:30
Venezuela,VEN,America,28435943,deaths,10,2020-10-05T00:00:00.000+05:30
Venezuela,VEN,America,28435943,deaths,5,2020-10-06T00:00:00.000+05:30
Venezuela,VEN,America,28435943,deaths,7,2020-10-07T00:00:00.000+05:30
Venezuela,VEN,America,28435943,deaths,6,2020-10-08T00:00:00.000+05:30
Venezuela,VEN,America,28435943,deaths,7,2020-10-09T00:00:00.000+05:30
Venezuela,VEN,America,28435943,deaths,6,2020-10-10T00:00:00.000+05:30
Venezuela,VEN,America,28435943,deaths,7,2020-10-11T00:00:00.000+05:30
Venezuela,VEN,America,28435943,deaths,6,2020-10-12T00:00:00.000+05:30
Venezuela,VEN,America,28435943,deaths,7,2020-10-13T00:00:00.000+05:30
Venezuela,VEN,America,28435943,deaths,6,2020-10-14T00:00:00.000+05:30
Venezuela,VEN,America,28435943,deaths,4,2020-10-15T00:00:00.000+05:30
Venezuela,VEN,America,28435943,deaths,6,2020-10-16T00:00:00.000+05:30
Venezuela,VEN,America,28435943,deaths,0,2020-10-17T00:00:00.000+05:30
Venezuela,VEN,America,28435943,deaths,5,2020-10-18T00:00:00.000+05:30
Venezuela,VEN,America,28435943,deaths,11,2020-10-19T00:00:00.000+05:30
Venezuela,VEN,America,28435943,deaths,0,2020-10-20T00:00:00.000+05:30
Venezuela,VEN,America,28435943,deaths,11,2020-10-21T00:00:00.000+05:30
Venezuela,VEN,America,28435943,deaths,6,2020-10-22T00:00:00.000+05:30
Venezuela,VEN,America,28435943,deaths,6,2020-10-23T00:00:00.000+05:30
Venezuela,VEN,America,28435943,deaths,5,2020-10-24T00:00:00.000+05:30
Venezuela,VEN,America,28435943,deaths,6,2020-10-25T00:00:00.000+05:30
Vietnam,VNM,Asia,97338583,confirmed cases,0,2020-10-01T00:00:00.000+05:30
Vietnam,VNM,Asia,97338583,confirmed cases,1,2020-10-02T00:00:00.000+05:30
Vietnam,VNM,Asia,97338583,confirmed cases,1,2020-10-03T00:00:00.000+05:30
Vietnam,VNM,Asia,97338583,confirmed cases,0,2020-10-04T00:00:00.000+05:30
Vietnam,VNM,Asia,97338583,confirmed cases,0,2020-10-05T00:00:00.000+05:30
Vietnam,VNM,Asia,97338583,confirmed cases,1,2020-10-06T00:00:00.000+05:30
Vietnam,VNM,Asia,97338583,confirmed cases,1,2020-10-07T00:00:00.000+05:30
Vietnam,VNM,Asia,97338583,confirmed cases,1,2020-10-08T00:00:00.000+05:30
Vietnam,VNM,Asia,97338583,confirmed cases,1,2020-10-09T00:00:00.000+05:30
Vietnam,VNM,Asia,97338583,confirmed cases,5,2020-10-10T00:00:00.000+05:30
Vietnam,VNM,Asia,97338583,confirmed cases,2,2020-10-11T00:00:00.000+05:30
Vietnam,VNM,Asia,97338583,confirmed cases,2,2020-10-12T00:00:00.000+05:30
Vietnam,VNM,Asia,97338583,confirmed cases,1,2020-10-13T00:00:00.000+05:30
Vietnam,VNM,Asia,97338583,confirmed cases,3,2020-10-14T00:00:00.000+05:30
Vietnam,VNM,Asia,97338583,confirmed cases,9,2020-10-15T00:00:00.000+05:30
Vietnam,VNM,Asia,97338583,confirmed cases,2,2020-10-16T00:00:00.000+05:30
Vietnam,VNM,Asia,97338583,confirmed cases,0,2020-10-17T00:00:00.000+05:30
Vietnam,VNM,Asia,97338583,confirmed cases,2,2020-10-18T00:00:00.000+05:30
Vietnam,VNM,Asia,97338583,confirmed cases,8,2020-10-19T00:00:00.000+05:30
Vietnam,VNM,Asia,97338583,confirmed cases,6,2020-10-20T00:00:00.000+05:30
Vietnam,VNM,Asia,97338583,confirmed cases,1,2020-10-21T00:00:00.000+05:30
Vietnam,VNM,Asia,97338583,confirmed cases,4,2020-10-22T00:00:00.000+05:30
Vietnam,VNM,Asia,97338583,confirmed cases,3,2020-10-23T00:00:00.000+05:30
Vietnam,VNM,Asia,97338583,confirmed cases,0,2020-10-24T00:00:00.000+05:30
Vietnam,VNM,Asia,97338583,confirmed cases,12,2020-10-25T00:00:00.000+05:30
Vietnam,VNM,Asia,97338583,deaths,0,2020-10-01T00:00:00.000+05:30
Vietnam,VNM,Asia,97338583,deaths,0,2020-10-02T00:00:00.000+05:30
Vietnam,VNM,Asia,97338583,deaths,0,2020-10-03T00:00:00.000+05:30
Vietnam,VNM,Asia,97338583,deaths,0,2020-10-04T00:00:00.000+05:30
Vietnam,VNM,Asia,97338583,deaths,0,2020-10-05T00:00:00.000+05:30
Vietnam,VNM,Asia,97338583,deaths,0,2020-10-06T00:00:00.000+05:30
Vietnam,VNM,Asia,97338583,deaths,0,2020-10-07T00:00:00.000+05:30
Vietnam,VNM,Asia,97338583,deaths,0,2020-10-08T00:00:00.000+05:30
Vietnam,VNM,Asia,97338583,deaths,0,2020-10-09T00:00:00.000+05:30
Vietnam,VNM,Asia,97338583,deaths,0,2020-10-10T00:00:00.000+05:30
Vietnam,VNM,Asia,97338583,deaths,0,2020-10-11T00:00:00.000+05:30
Vietnam,VNM,Asia,97338583,deaths,0,2020-10-12T00:00:00.000+05:30
Vietnam,VNM,Asia,97338583,deaths,0,2020-10-13T00:00:00.000+05:30
Vietnam,VNM,Asia,97338583,deaths,0,2020-10-14T00:00:00.000+05:30
Vietnam,VNM,Asia,97338583,deaths,0,2020-10-15T00:00:00.000+05:30
Vietnam,VNM,Asia,97338583,deaths,0,2020-10-16T00:00:00.000+05:30
Vietnam,VNM,Asia,97338583,deaths,0,2020-10-17T00:00:00.000+05:30
Vietnam,VNM,Asia,97338583,deaths,0,2020-10-18T00:00:00.000+05:30
Vietnam,VNM,Asia,97338583,deaths,0,2020-10-19T00:00:00.000+05:30
Vietnam,VNM,Asia,97338583,deaths,0,2020-10-20T00:00:00.000+05:30
Vietnam,VNM,Asia,97338583,deaths,0,2020-10-21T00:00:00.000+05:30
Vietnam,VNM,Asia,97338583,deaths,0,2020-10-22T00:00:00.000+05:30
Vietnam,VNM,Asia,97338583,deaths,0,2020-10-23T00:00:00.000+05:30
Vietnam,VNM,Asia,97338583,deaths,0,2020-10-24T00:00:00.000+05:30
Vietnam,VNM,Asia,97338583,deaths,0,2020-10-25T00:00:00.000+05:30
Wallis and Futuna,WLF,Oceania,11246,confirmed cases,0,2020-10-01T00:00:00.000+05:30
Wallis and Futuna,WLF,Oceania,11246,confirmed cases,0,2020-10-02T00:00:00.000+05:30
Wallis and Futuna,WLF,Oceania,11246,confirmed cases,0,2020-10-03T00:00:00.000+05:30
Wallis and Futuna,WLF,Oceania,11246,confirmed cases,0,2020-10-04T00:00:00.000+05:30
Wallis and Futuna,WLF,Oceania,11246,confirmed cases,0,2020-10-05T00:00:00.000+05:30
Wallis and Futuna,WLF,Oceania,11246,confirmed cases,0,2020-10-06T00:00:00.000+05:30
Wallis and Futuna,WLF,Oceania,11246,confirmed cases,0,2020-10-07T00:00:00.000+05:30
Wallis and Futuna,WLF,Oceania,11246,confirmed cases,0,2020-10-08T00:00:00.000+05:30
Wallis and Futuna,WLF,Oceania,11246,confirmed cases,0,2020-10-09T00:00:00.000+05:30
Wallis and Futuna,WLF,Oceania,11246,confirmed cases,0,2020-10-10T00:00:00.000+05:30
Wallis and Futuna,WLF,Oceania,11246,confirmed cases,0,2020-10-11T00:00:00.000+05:30
Wallis and Futuna,WLF,Oceania,11246,confirmed cases,0,2020-10-12T00:00:00.000+05:30
Wallis and Futuna,WLF,Oceania,11246,confirmed cases,0,2020-10-13T00:00:00.000+05:30
Wallis and Futuna,WLF,Oceania,11246,confirmed cases,0,2020-10-14T00:00:00.000+05:30
Wallis and Futuna,WLF,Oceania,11246,confirmed cases,0,2020-10-15T00:00:00.000+05:30
Wallis and Futuna,WLF,Oceania,11246,confirmed cases,0,2020-10-16T00:00:00.000+05:30
Wallis and Futuna,WLF,Oceania,11246,confirmed cases,1,2020-10-17T00:00:00.000+05:30
Wallis and Futuna,WLF,Oceania,11246,confirmed cases,0,2020-10-18T00:00:00.000+05:30
Wallis and Futuna,WLF,Oceania,11246,confirmed cases,0,2020-10-19T00:00:00.000+05:30
Wallis and Futuna,WLF,Oceania,11246,confirmed cases,0,2020-10-20T00:00:00.000+05:30
Wallis and Futuna,WLF,Oceania,11246,confirmed cases,0,2020-10-21T00:00:00.000+05:30
Wallis and Futuna,WLF,Oceania,11246,confirmed cases,0,2020-10-22T00:00:00.000+05:30
Wallis and Futuna,WLF,Oceania,11246,confirmed cases,0,2020-10-23T00:00:00.000+05:30
Wallis and Futuna,WLF,Oceania,11246,confirmed cases,0,2020-10-24T00:00:00.000+05:30
Wallis and Futuna,WLF,Oceania,11246,confirmed cases,0,2020-10-25T00:00:00.000+05:30
Wallis and Futuna,WLF,Oceania,11246,deaths,0,2020-10-01T00:00:00.000+05:30
Wallis and Futuna,WLF,Oceania,11246,deaths,0,2020-10-02T00:00:00.000+05:30
Wallis and Futuna,WLF,Oceania,11246,deaths,0,2020-10-03T00:00:00.000+05:30
Wallis and Futuna,WLF,Oceania,11246,deaths,0,2020-10-04T00:00:00.000+05:30
Wallis and Futuna,WLF,Oceania,11246,deaths,0,2020-10-05T00:00:00.000+05:30
Wallis and Futuna,WLF,Oceania,11246,deaths,0,2020-10-06T00:00:00.000+05:30
Wallis and Futuna,WLF,Oceania,11246,deaths,0,2020-10-07T00:00:00.000+05:30
Wallis and Futuna,WLF,Oceania,11246,deaths,0,2020-10-08T00:00:00.000+05:30
Wallis and Futuna,WLF,Oceania,11246,deaths,0,2020-10-09T00:00:00.000+05:30
Wallis and Futuna,WLF,Oceania,11246,deaths,0,2020-10-10T00:00:00.000+05:30
Wallis and Futuna,WLF,Oceania,11246,deaths,0,2020-10-11T00:00:00.000+05:30
Wallis and Futuna,WLF,Oceania,11246,deaths,0,2020-10-12T00:00:00.000+05:30
Wallis and Futuna,WLF,Oceania,11246,deaths,0,2020-10-13T00:00:00.000+05:30
Wallis and Futuna,WLF,Oceania,11246,deaths,0,2020-10-14T00:00:00.000+05:30
Wallis and Futuna,WLF,Oceania,11246,deaths,0,2020-10-15T00:00:00.000+05:30
Wallis and Futuna,WLF,Oceania,11246,deaths,0,2020-10-16T00:00:00.000+05:30
Wallis and Futuna,WLF,Oceania,11246,deaths,0,2020-10-17T00:00:00.000+05:30
Wallis and Futuna,WLF,Oceania,11246,deaths,0,2020-10-18T00:00:00.000+05:30
Wallis and Futuna,WLF,Oceania,11246,deaths,0,2020-10-19T00:00:00.000+05:30
Wallis and Futuna,WLF,Oceania,11246,deaths,0,2020-10-20T00:00:00.000+05:30
Wallis and Futuna,WLF,Oceania,11246,deaths,0,2020-10-21T00:00:00.000+05:30
Wallis and Futuna,WLF,Oceania,11246,deaths,0,2020-10-22T00:00:00.000+05:30
Wallis and Futuna,WLF,Oceania,11246,deaths,0,2020-10-23T00:00:00.000+05:30
Wallis and Futuna,WLF,Oceania,11246,deaths,0,2020-10-24T00:00:00.000+05:30
Wallis and Futuna,WLF,Oceania,11246,deaths,0,2020-10-25T00:00:00.000+05:30
Western Sahara,ESH,Africa,597330,confirmed cases,0,2020-10-01T00:00:00.000+05:30
Western Sahara,ESH,Africa,597330,confirmed cases,0,2020-10-02T00:00:00.000+05:30
Western Sahara,ESH,Africa,597330,confirmed cases,0,2020-10-03T00:00:00.000+05:30
Western Sahara,ESH,Africa,597330,confirmed cases,0,2020-10-04T00:00:00.000+05:30
Western Sahara,ESH,Africa,597330,confirmed cases,0,2020-10-05T00:00:00.000+05:30
Western Sahara,ESH,Africa,597330,confirmed cases,0,2020-10-06T00:00:00.000+05:30
Western Sahara,ESH,Africa,597330,confirmed cases,0,2020-10-07T00:00:00.000+05:30
Western Sahara,ESH,Africa,597330,confirmed cases,0,2020-10-08T00:00:00.000+05:30
Western Sahara,ESH,Africa,597330,confirmed cases,0,2020-10-09T00:00:00.000+05:30
Western Sahara,ESH,Africa,597330,confirmed cases,0,2020-10-10T00:00:00.000+05:30
Western Sahara,ESH,Africa,597330,confirmed cases,0,2020-10-11T00:00:00.000+05:30
Western Sahara,ESH,Africa,597330,confirmed cases,0,2020-10-12T00:00:00.000+05:30
Western Sahara,ESH,Africa,597330,confirmed cases,0,2020-10-13T00:00:00.000+05:30
Western Sahara,ESH,Africa,597330,confirmed cases,0,2020-10-14T00:00:00.000+05:30
Western Sahara,ESH,Africa,597330,confirmed cases,0,2020-10-15T00:00:00.000+05:30
Western Sahara,ESH,Africa,597330,confirmed cases,0,2020-10-16T00:00:00.000+05:30
Western Sahara,ESH,Africa,597330,confirmed cases,0,2020-10-17T00:00:00.000+05:30
Western Sahara,ESH,Africa,597330,confirmed cases,0,2020-10-18T00:00:00.000+05:30
Western Sahara,ESH,Africa,597330,confirmed cases,0,2020-10-19T00:00:00.000+05:30
Western Sahara,ESH,Africa,597330,confirmed cases,0,2020-10-20T00:00:00.000+05:30
Western Sahara,ESH,Africa,597330,confirmed cases,0,2020-10-21T00:00:00.000+05:30
Western Sahara,ESH,Africa,597330,confirmed cases,0,2020-10-22T00:00:00.000+05:30
Western Sahara,ESH,Africa,597330,confirmed cases,0,2020-10-23T00:00:00.000+05:30
Western Sahara,ESH,Africa,597330,confirmed cases,0,2020-10-24T00:00:00.000+05:30
Western Sahara,ESH,Africa,597330,confirmed cases,0,2020-10-25T00:00:00.000+05:30
Western Sahara,ESH,Africa,597330,deaths,0,2020-10-01T00:00:00.000+05:30
Western Sahara,ESH,Africa,597330,deaths,0,2020-10-02T00:00:00.000+05:30
Western Sahara,ESH,Africa,597330,deaths,0,2020-10-03T00:00:00.000+05:30
Western Sahara,ESH,Africa,597330,deaths,0,2020-10-04T00:00:00.000+05:30
Western Sahara,ESH,Africa,597330,deaths,0,2020-10-05T00:00:00.000+05:30
Western Sahara,ESH,Africa,597330,deaths,0,2020-10-06T00:00:00.000+05:30
Western Sahara,ESH,Africa,597330,deaths,0,2020-10-07T00:00:00.000+05:30
Western Sahara,ESH,Africa,597330,deaths,0,2020-10-08T00:00:00.000+05:30
Western Sahara,ESH,Africa,597330,deaths,0,2020-10-09T00:00:00.000+05:30
Western Sahara,ESH,Africa,597330,deaths,0,2020-10-10T00:00:00.000+05:30
Western Sahara,ESH,Africa,597330,deaths,0,2020-10-11T00:00:00.000+05:30
Western Sahara,ESH,Africa,597330,deaths,0,2020-10-12T00:00:00.000+05:30
Western Sahara,ESH,Africa,597330,deaths,0,2020-10-13T00:00:00.000+05:30
Western Sahara,ESH,Africa,597330,deaths,0,2020-10-14T00:00:00.000+05:30
Western Sahara,ESH,Africa,597330,deaths,0,2020-10-15T00:00:00.000+05:30
Western Sahara,ESH,Africa,597330,deaths,0,2020-10-16T00:00:00.000+05:30
Western Sahara,ESH,Africa,597330,deaths,0,2020-10-17T00:00:00.000+05:30
Western Sahara,ESH,Africa,597330,deaths,0,2020-10-18T00:00:00.000+05:30
Western Sahara,ESH,Africa,597330,deaths,0,2020-10-19T00:00:00.000+05:30
Western Sahara,ESH,Africa,597330,deaths,0,2020-10-20T00:00:00.000+05:30
Western Sahara,ESH,Africa,597330,deaths,0,2020-10-21T00:00:00.000+05:30
Western Sahara,ESH,Africa,597330,deaths,0,2020-10-22T00:00:00.000+05:30
Western Sahara,ESH,Africa,597330,deaths,0,2020-10-23T00:00:00.000+05:30
Western Sahara,ESH,Africa,597330,deaths,0,2020-10-24T00:00:00.000+05:30
Western Sahara,ESH,Africa,597330,deaths,0,2020-10-25T00:00:00.000+05:30
Yemen,YEM,Asia,29825968,confirmed cases,0,2020-10-01T00:00:00.000+05:30
Yemen,YEM,Asia,29825968,confirmed cases,3,2020-10-02T00:00:00.000+05:30
Yemen,YEM,Asia,29825968,confirmed cases,5,2020-10-03T00:00:00.000+05:30
Yemen,YEM,Asia,29825968,confirmed cases,1,2020-10-04T00:00:00.000+05:30
Yemen,YEM,Asia,29825968,confirmed cases,1,2020-10-05T00:00:00.000+05:30
Yemen,YEM,Asia,29825968,confirmed cases,0,2020-10-06T00:00:00.000+05:30
Yemen,YEM,Asia,29825968,confirmed cases,0,2020-10-07T00:00:00.000+05:30
Yemen,YEM,Asia,29825968,confirmed cases,8,2020-10-08T00:00:00.000+05:30
Yemen,YEM,Asia,29825968,confirmed cases,1,2020-10-09T00:00:00.000+05:30
Yemen,YEM,Asia,29825968,confirmed cases,0,2020-10-10T00:00:00.000+05:30
Yemen,YEM,Asia,29825968,confirmed cases,1,2020-10-11T00:00:00.000+05:30
Yemen,YEM,Asia,29825968,confirmed cases,0,2020-10-12T00:00:00.000+05:30
Yemen,YEM,Asia,29825968,confirmed cases,1,2020-10-13T00:00:00.000+05:30
Yemen,YEM,Asia,29825968,confirmed cases,0,2020-10-14T00:00:00.000+05:30
Yemen,YEM,Asia,29825968,confirmed cases,1,2020-10-15T00:00:00.000+05:30
Yemen,YEM,Asia,29825968,confirmed cases,0,2020-10-16T00:00:00.000+05:30
Yemen,YEM,Asia,29825968,confirmed cases,0,2020-10-17T00:00:00.000+05:30
Yemen,YEM,Asia,29825968,confirmed cases,2,2020-10-18T00:00:00.000+05:30
Yemen,YEM,Asia,29825968,confirmed cases,0,2020-10-19T00:00:00.000+05:30
Yemen,YEM,Asia,29825968,confirmed cases,1,2020-10-20T00:00:00.000+05:30
Yemen,YEM,Asia,29825968,confirmed cases,0,2020-10-21T00:00:00.000+05:30
Yemen,YEM,Asia,29825968,confirmed cases,1,2020-10-22T00:00:00.000+05:30
Yemen,YEM,Asia,29825968,confirmed cases,0,2020-10-23T00:00:00.000+05:30
Yemen,YEM,Asia,29825968,confirmed cases,0,2020-10-24T00:00:00.000+05:30
Yemen,YEM,Asia,29825968,confirmed cases,3,2020-10-25T00:00:00.000+05:30
Yemen,YEM,Asia,29825968,deaths,0,2020-10-01T00:00:00.000+05:30
Yemen,YEM,Asia,29825968,deaths,0,2020-10-02T00:00:00.000+05:30
Yemen,YEM,Asia,29825968,deaths,0,2020-10-03T00:00:00.000+05:30
Yemen,YEM,Asia,29825968,deaths,2,2020-10-04T00:00:00.000+05:30
Yemen,YEM,Asia,29825968,deaths,1,2020-10-05T00:00:00.000+05:30
Yemen,YEM,Asia,29825968,deaths,1,2020-10-06T00:00:00.000+05:30
Yemen,YEM,Asia,29825968,deaths,1,2020-10-07T00:00:00.000+05:30
Yemen,YEM,Asia,29825968,deaths,1,2020-10-08T00:00:00.000+05:30
Yemen,YEM,Asia,29825968,deaths,0,2020-10-09T00:00:00.000+05:30
Yemen,YEM,Asia,29825968,deaths,0,2020-10-10T00:00:00.000+05:30
Yemen,YEM,Asia,29825968,deaths,1,2020-10-11T00:00:00.000+05:30
Yemen,YEM,Asia,29825968,deaths,1,2020-10-12T00:00:00.000+05:30
Yemen,YEM,Asia,29825968,deaths,0,2020-10-13T00:00:00.000+05:30
Yemen,YEM,Asia,29825968,deaths,1,2020-10-14T00:00:00.000+05:30
Yemen,YEM,Asia,29825968,deaths,0,2020-10-15T00:00:00.000+05:30
Yemen,YEM,Asia,29825968,deaths,0,2020-10-16T00:00:00.000+05:30
Yemen,YEM,Asia,29825968,deaths,0,2020-10-17T00:00:00.000+05:30
Yemen,YEM,Asia,29825968,deaths,0,2020-10-18T00:00:00.000+05:30
Yemen,YEM,Asia,29825968,deaths,0,2020-10-19T00:00:00.000+05:30
Yemen,YEM,Asia,29825968,deaths,2,2020-10-20T00:00:00.000+05:30
Yemen,YEM,Asia,29825968,deaths,0,2020-10-21T00:00:00.000+05:30
Yemen,YEM,Asia,29825968,deaths,0,2020-10-22T00:00:00.000+05:30
Yemen,YEM,Asia,29825968,deaths,0,2020-10-23T00:00:00.000+05:30
Yemen,YEM,Asia,29825968,deaths,0,2020-10-24T00:00:00.000+05:30
Yemen,YEM,Asia,29825968,deaths,1,2020-10-25T00:00:00.000+05:30
Zambia,ZMB,Africa,18383956,confirmed cases,44,2020-10-01T00:00:00.000+05:30
Zambia,ZMB,Africa,18383956,confirmed cases,43,2020-10-02T00:00:00.000+05:30
Zambia,ZMB,Africa,18383956,confirmed cases,28,2020-10-03T00:00:00.000+05:30
Zambia,ZMB,Africa,18383956,confirmed cases,144,2020-10-04T00:00:00.000+05:30
Zambia,ZMB,Africa,18383956,confirmed cases,78,2020-10-05T00:00:00.000+05:30
Zambia,ZMB,Africa,18383956,confirmed cases,37,2020-10-06T00:00:00.000+05:30
Zambia,ZMB,Africa,18383956,confirmed cases,81,2020-10-07T00:00:00.000+05:30
Zambia,ZMB,Africa,18383956,confirmed cases,54,2020-10-08T00:00:00.000+05:30
Zambia,ZMB,Africa,18383956,confirmed cases,0,2020-10-09T00:00:00.000+05:30
Zambia,ZMB,Africa,18383956,confirmed cases,77,2020-10-10T00:00:00.000+05:30
Zambia,ZMB,Africa,18383956,confirmed cases,38,2020-10-11T00:00:00.000+05:30
Zambia,ZMB,Africa,18383956,confirmed cases,119,2020-10-12T00:00:00.000+05:30
Zambia,ZMB,Africa,18383956,confirmed cases,91,2020-10-13T00:00:00.000+05:30
Zambia,ZMB,Africa,18383956,confirmed cases,38,2020-10-14T00:00:00.000+05:30
Zambia,ZMB,Africa,18383956,confirmed cases,29,2020-10-15T00:00:00.000+05:30
Zambia,ZMB,Africa,18383956,confirmed cases,43,2020-10-16T00:00:00.000+05:30
Zambia,ZMB,Africa,18383956,confirmed cases,0,2020-10-17T00:00:00.000+05:30
Zambia,ZMB,Africa,18383956,confirmed cases,130,2020-10-18T00:00:00.000+05:30
Zambia,ZMB,Africa,18383956,confirmed cases,64,2020-10-19T00:00:00.000+05:30
Zambia,ZMB,Africa,18383956,confirmed cases,44,2020-10-20T00:00:00.000+05:30
Zambia,ZMB,Africa,18383956,confirmed cases,85,2020-10-21T00:00:00.000+05:30
Zambia,ZMB,Africa,18383956,confirmed cases,18,2020-10-22T00:00:00.000+05:30
Zambia,ZMB,Africa,18383956,confirmed cases,35,2020-10-23T00:00:00.000+05:30
Zambia,ZMB,Africa,18383956,confirmed cases,60,2020-10-24T00:00:00.000+05:30
Zambia,ZMB,Africa,18383956,confirmed cases,22,2020-10-25T00:00:00.000+05:30
Zambia,ZMB,Africa,18383956,deaths,0,2020-10-01T00:00:00.000+05:30
Zambia,ZMB,Africa,18383956,deaths,1,2020-10-02T00:00:00.000+05:30
Zambia,ZMB,Africa,18383956,deaths,0,2020-10-03T00:00:00.000+05:30
Zambia,ZMB,Africa,18383956,deaths,0,2020-10-04T00:00:00.000+05:30
Zambia,ZMB,Africa,18383956,deaths,0,2020-10-05T00:00:00.000+05:30
Zambia,ZMB,Africa,18383956,deaths,0,2020-10-06T00:00:00.000+05:30
Zambia,ZMB,Africa,18383956,deaths,1,2020-10-07T00:00:00.000+05:30
Zambia,ZMB,Africa,18383956,deaths,0,2020-10-08T00:00:00.000+05:30
Zambia,ZMB,Africa,18383956,deaths,0,2020-10-09T00:00:00.000+05:30
Zambia,ZMB,Africa,18383956,deaths,1,2020-10-10T00:00:00.000+05:30
Zambia,ZMB,Africa,18383956,deaths,1,2020-10-11T00:00:00.000+05:30
Zambia,ZMB,Africa,18383956,deaths,0,2020-10-12T00:00:00.000+05:30
Zambia,ZMB,Africa,18383956,deaths,9,2020-10-13T00:00:00.000+05:30
Zambia,ZMB,Africa,18383956,deaths,0,2020-10-14T00:00:00.000+05:30
Zambia,ZMB,Africa,18383956,deaths,0,2020-10-15T00:00:00.000+05:30
Zambia,ZMB,Africa,18383956,deaths,1,2020-10-16T00:00:00.000+05:30
Zambia,ZMB,Africa,18383956,deaths,0,2020-10-17T00:00:00.000+05:30
Zambia,ZMB,Africa,18383956,deaths,0,2020-10-18T00:00:00.000+05:30
Zambia,ZMB,Africa,18383956,deaths,0,2020-10-19T00:00:00.000+05:30
Zambia,ZMB,Africa,18383956,deaths,0,2020-10-20T00:00:00.000+05:30
Zambia,ZMB,Africa,18383956,deaths,0,2020-10-21T00:00:00.000+05:30
Zambia,ZMB,Africa,18383956,deaths,0,2020-10-22T00:00:00.000+05:30
Zambia,ZMB,Africa,18383956,deaths,0,2020-10-23T00:00:00.000+05:30
Zambia,ZMB,Africa,18383956,deaths,0,2020-10-24T00:00:00.000+05:30
Zambia,ZMB,Africa,18383956,deaths,2,2020-10-25T00:00:00.000+05:30
Zimbabwe,ZWE,Africa,14862927,confirmed cases,1,2020-10-01T00:00:00.000+05:30
Zimbabwe,ZWE,Africa,14862927,confirmed cases,12,2020-10-02T00:00:00.000+05:30
Zimbabwe,ZWE,Africa,14862927,confirmed cases,8,2020-10-03T00:00:00.000+05:30
Zimbabwe,ZWE,Africa,14862927,confirmed cases,27,2020-10-04T00:00:00.000+05:30
Zimbabwe,ZWE,Africa,14862927,confirmed cases,0,2020-10-05T00:00:00.000+05:30
Zimbabwe,ZWE,Africa,14862927,confirmed cases,13,2020-10-06T00:00:00.000+05:30
Zimbabwe,ZWE,Africa,14862927,confirmed cases,17,2020-10-07T00:00:00.000+05:30
Zimbabwe,ZWE,Africa,14862927,confirmed cases,4,2020-10-08T00:00:00.000+05:30
Zimbabwe,ZWE,Africa,14862927,confirmed cases,32,2020-10-09T00:00:00.000+05:30
Zimbabwe,ZWE,Africa,14862927,confirmed cases,43,2020-10-10T00:00:00.000+05:30
Zimbabwe,ZWE,Africa,14862927,confirmed cases,16,2020-10-11T00:00:00.000+05:30
Zimbabwe,ZWE,Africa,14862927,confirmed cases,1,2020-10-12T00:00:00.000+05:30
Zimbabwe,ZWE,Africa,14862927,confirmed cases,10,2020-10-13T00:00:00.000+05:30
Zimbabwe,ZWE,Africa,14862927,confirmed cases,15,2020-10-14T00:00:00.000+05:30
Zimbabwe,ZWE,Africa,14862927,confirmed cases,19,2020-10-15T00:00:00.000+05:30
Zimbabwe,ZWE,Africa,14862927,confirmed cases,20,2020-10-16T00:00:00.000+05:30
Zimbabwe,ZWE,Africa,14862927,confirmed cases,24,2020-10-17T00:00:00.000+05:30
Zimbabwe,ZWE,Africa,14862927,confirmed cases,11,2020-10-18T00:00:00.000+05:30
Zimbabwe,ZWE,Africa,14862927,confirmed cases,37,2020-10-19T00:00:00.000+05:30
Zimbabwe,ZWE,Africa,14862927,confirmed cases,12,2020-10-20T00:00:00.000+05:30
Zimbabwe,ZWE,Africa,14862927,confirmed cases,28,2020-10-21T00:00:00.000+05:30
Zimbabwe,ZWE,Africa,14862927,confirmed cases,28,2020-10-22T00:00:00.000+05:30
Zimbabwe,ZWE,Africa,14862927,confirmed cases,27,2020-10-23T00:00:00.000+05:30
Zimbabwe,ZWE,Africa,14862927,confirmed cases,15,2020-10-24T00:00:00.000+05:30
Zimbabwe,ZWE,Africa,14862927,confirmed cases,12,2020-10-25T00:00:00.000+05:30
Zimbabwe,ZWE,Africa,14862927,deaths,0,2020-10-01T00:00:00.000+05:30
Zimbabwe,ZWE,Africa,14862927,deaths,0,2020-10-02T00:00:00.000+05:30
Zimbabwe,ZWE,Africa,14862927,deaths,0,2020-10-03T00:00:00.000+05:30
Zimbabwe,ZWE,Africa,14862927,deaths,0,2020-10-04T00:00:00.000+05:30
Zimbabwe,ZWE,Africa,14862927,deaths,0,2020-10-05T00:00:00.000+05:30
Zimbabwe,ZWE,Africa,14862927,deaths,0,2020-10-06T00:00:00.000+05:30
Zimbabwe,ZWE,Africa,14862927,deaths,1,2020-10-07T00:00:00.000+05:30
Zimbabwe,ZWE,Africa,14862927,deaths,0,2020-10-08T00:00:00.000+05:30
Zimbabwe,ZWE,Africa,14862927,deaths,0,2020-10-09T00:00:00.000+05:30
Zimbabwe,ZWE,Africa,14862927,deaths,0,2020-10-10T00:00:00.000+05:30
Zimbabwe,ZWE,Africa,14862927,deaths,1,2020-10-11T00:00:00.000+05:30
Zimbabwe,ZWE,Africa,14862927,deaths,0,2020-10-12T00:00:00.000+05:30
Zimbabwe,ZWE,Africa,14862927,deaths,0,2020-10-13T00:00:00.000+05:30
Zimbabwe,ZWE,Africa,14862927,deaths,0,2020-10-14T00:00:00.000+05:30
Zimbabwe,ZWE,Africa,14862927,deaths,1,2020-10-15T00:00:00.000+05:30
Zimbabwe,ZWE,Africa,14862927,deaths,0,2020-10-16T00:00:00.000+05:30
Zimbabwe,ZWE,Africa,14862927,deaths,0,2020-10-17T00:00:00.000+05:30
Zimbabwe,ZWE,Africa,14862927,deaths,0,2020-10-18T00:00:00.000+05:30
Zimbabwe,ZWE,Africa,14862927,deaths,0,2020-10-19T00:00:00.000+05:30
Zimbabwe,ZWE,Africa,14862927,deaths,1,2020-10-20T00:00:00.000+05:30
Zimbabwe,ZWE,Africa,14862927,deaths,1,2020-10-21T00:00:00.000+05:30
Zimbabwe,ZWE,Africa,14862927,deaths,3,2020-10-22T00:00:00.000+05:30
Zimbabwe,ZWE,Africa,14862927,deaths,0,2020-10-23T00:00:00.000+05:30
Zimbabwe,ZWE,Africa,14862927,deaths,0,2020-10-24T00:00:00.000+05:30
Zimbabwe,ZWE,Africa,14862927,deaths,0,2020-10-25T00:00:00.000+05:30
