Uzbekistan,UZB,Asia,33469199,deaths,5,2020-09-01T00:00:00.000+05:30
Uzbekistan,UZB,Asia,33469199,deaths,4,2020-09-02T00:00:00.000+05:30
Uzbekistan,UZB,Asia,33469199,deaths,3,2020-09-03T00:00:00.000+05:30
Uzbekistan,UZB,Asia,33469199,deaths,7,2020-09-04T00:00:00.000+05:30
Uzbekistan,UZB,Asia,33469199,deaths,2,2020-09-05T00:00:00.000+05:30
Uzbekistan,UZB,Asia,33469199,deaths,7,2020-09-06T00:00:00.000+05:30
Uzbekistan,UZB,Asia,33469199,deaths,5,2020-09-07T00:00:00.000+05:30
Uzbekistan,UZB,Asia,33469199,deaths,6,2020-09-08T00:00:00.000+05:30
Uzbekistan,UZB,Asia,33469199,deaths,6,2020-09-09T00:00:00.000+05:30
Uzbekistan,UZB,Asia,33469199,deaths,6,2020-09-10T00:00:00.000+05:30
Uzbekistan,UZB,Asia,33469199,deaths,7,2020-09-11T00:00:00.000+05:30
Uzbekistan,UZB,Asia,33469199,deaths,7,2020-09-12T00:00:00.000+05:30
Uzbekistan,UZB,Asia,33469199,deaths,6,2020-09-13T00:00:00.000+05:30
Uzbekistan,UZB,Asia,33469199,deaths,6,2020-09-14T00:00:00.000+05:30
Uzbekistan,UZB,Asia,33469199,deaths,6,2020-09-15T00:00:00.000+05:30
Uzbekistan,UZB,Asia,33469199,deaths,5,2020-09-16T00:00:00.000+05:30
Uzbekistan,UZB,Asia,33469199,deaths,6,2020-09-17T00:00:00.000+05:30
Uzbekistan,UZB,Asia,33469199,deaths,6,2020-09-18T00:00:00.000+05:30
Uzbekistan,UZB,Asia,33469199,deaths,2,2020-09-19T00:00:00.000+05:30
Uzbekistan,UZB,Asia,33469199,deaths,10,2020-09-20T00:00:00.000+05:30
Uzbekistan,UZB,Asia,33469199,deaths,6,2020-09-21T00:00:00.000+05:30
Uzbekistan,UZB,Asia,33469199,deaths,5,2020-09-22T00:00:00.000+05:30
Uzbekistan,UZB,Asia,33469199,deaths,3,2020-09-23T00:00:00.000+05:30
Uzbekistan,UZB,Asia,33469199,deaths,2,2020-09-24T00:00:00.000+05:30
Uzbekistan,UZB,Asia,33469199,deaths,2,2020-09-25T00:00:00.000+05:30
Uzbekistan,UZB,Asia,33469199,deaths,3,2020-09-26T00:00:00.000+05:30
Uzbekistan,UZB,Asia,33469199,deaths,4,2020-09-27T00:00:00.000+05:30
Uzbekistan,UZB,Asia,33469199,deaths,6,2020-09-28T00:00:00.000+05:30
Uzbekistan,UZB,Asia,33469199,deaths,3,2020-09-29T00:00:00.000+05:30
Uzbekistan,UZB,Asia,33469199,deaths,5,2020-09-30T00:00:00.000+05:30
Venezuela,VEN,America,28435943,confirmed cases,0,2020-09-01T00:00:00.000+05:30
Venezuela,VEN,America,28435943,confirmed cases,1888,2020-09-02T00:00:00.000+05:30
Venezuela,VEN,America,28435943,confirmed cases,1127,2020-09-03T00:00:00.000+05:30
Venezuela,VEN,America,28435943,confirmed cases,994,2020-09-04T00:00:00.000+05:30
Venezuela,VEN,America,28435943,confirmed cases,1096,2020-09-05T00:00:00.000+05:30
Venezuela,VEN,America,28435943,confirmed cases,1192,2020-09-06T00:00:00.000+05:30
Venezuela,VEN,America,28435943,confirmed cases,1124,2020-09-07T00:00:00.000+05:30
Venezuela,VEN,America,28435943,confirmed cases,1061,2020-09-08T00:00:00.000+05:30
Venezuela,VEN,America,28435943,confirmed cases,1213,2020-09-09T00:00:00.000+05:30
Venezuela,VEN,America,28435943,confirmed cases,1188,2020-09-10T00:00:00.000+05:30
Venezuela,VEN,America,28435943,confirmed cases,1072,2020-09-11T00:00:00.000+05:30
Venezuela,VEN,America,28435943,confirmed cases,840,2020-09-12T00:00:00.000+05:30
Venezuela,VEN,America,28435943,confirmed cases,967,2020-09-13T00:00:00.000+05:30
Venezuela,VEN,America,28435943,confirmed cases,910,2020-09-14T00:00:00.000+05:30
Venezuela,VEN,America,28435943,confirmed cases,1029,2020-09-15T00:00:00.000+05:30
Venezuela,VEN,America,28435943,confirmed cases,1086,2020-09-16T00:00:00.000+05:30
Venezuela,VEN,America,28435943,confirmed cases,761,2020-09-17T00:00:00.000+05:30
Venezuela,VEN,America,28435943,confirmed cases,868,2020-09-18T00:00:00.000+05:30
Venezuela,VEN,America,28435943,confirmed cases,890,2020-09-19T00:00:00.000+05:30
Venezuela,VEN,America,28435943,confirmed cases,775,2020-09-20T00:00:00.000+05:30
Venezuela,VEN,America,28435943,confirmed cases,707,2020-09-21T00:00:00.000+05:30
Venezuela,VEN,America,28435943,confirmed cases,787,2020-09-22T00:00:00.000+05:30
Venezuela,VEN,America,28435943,confirmed cases,1010,2020-09-23T00:00:00.000+05:30
Venezuela,VEN,America,28435943,confirmed cases,986,2020-09-24T00:00:00.000+05:30
Venezuela,VEN,America,28435943,confirmed cases,967,2020-09-25T00:00:00.000+05:30
Venezuela,VEN,America,28435943,confirmed cases,867,2020-09-26T00:00:00.000+05:30
Venezuela,VEN,America,28435943,confirmed cases,667,2020-09-27T00:00:00.000+05:30
Venezuela,VEN,America,28435943,confirmed cases,751,2020-09-28T00:00:00.000+05:30
Venezuela,VEN,America,28435943,confirmed cases,837,2020-09-29T00:00:00.000+05:30
Venezuela,VEN,America,28435943,confirmed cases,835,2020-09-30T00:00:00.000+05:30
Venezuela,VEN,America,28435943,deaths,0,2020-09-01T00:00:00.000+05:30
Venezuela,VEN,America,28435943,deaths,10,2020-09-02T00:00:00.000+05:30
Venezuela,VEN,America,28435943,deaths,7,2020-09-03T00:00:00.000+05:30
Venezuela,VEN,America,28435943,deaths,4,2020-09-04T00:00:00.000+05:30
Venezuela,VEN,America,28435943,deaths,10,2020-09-05T00:00:00.000+05:30
Venezuela,VEN,America,28435943,deaths,8,2020-09-06T00:00:00.000+05:30
Venezuela,VEN,America,28435943,deaths,8,2020-09-07T00:00:00.000+05:30
Venezuela,VEN,America,28435943,deaths,8,2020-09-08T00:00:00.000+05:30
Venezuela,VEN,America,28435943,deaths,8,2020-09-09T00:00:00.000+05:30
Venezuela,VEN,America,28435943,deaths,8,2020-09-10T00:00:00.000+05:30
Venezuela,VEN,America,28435943,deaths,8,2020-09-11T00:00:00.000+05:30
Venezuela,VEN,America,28435943,deaths,8,2020-09-12T00:00:00.000+05:30
Venezuela,VEN,America,28435943,deaths,9,2020-09-13T00:00:00.000+05:30
Venezuela,VEN,America,28435943,deaths,8,2020-09-14T00:00:00.000+05:30
Venezuela,VEN,America,28435943,deaths,9,2020-09-15T00:00:00.000+05:30
Venezuela,VEN,America,28435943,deaths,8,2020-09-16T00:00:00.000+05:30
Venezuela,VEN,America,28435943,deaths,9,2020-09-17T00:00:00.000+05:30
Venezuela,VEN,America,28435943,deaths,10,2020-09-18T00:00:00.000+05:30
Venezuela,VEN,America,28435943,deaths,9,2020-09-19T00:00:00.000+05:30
Venezuela,VEN,America,28435943,deaths,9,2020-09-20T00:00:00.000+05:30
Venezuela,VEN,America,28435943,deaths,8,2020-09-21T00:00:00.000+05:30
Venezuela,VEN,America,28435943,deaths,8,2020-09-22T00:00:00.000+05:30
Venezuela,VEN,America,28435943,deaths,9,2020-09-23T00:00:00.000+05:30
Venezuela,VEN,America,28435943,deaths,10,2020-09-24T00:00:00.000+05:30
Venezuela,VEN,America,28435943,deaths,7,2020-09-25T00:00:00.000+05:30
Venezuela,VEN,America,28435943,deaths,10,2020-09-26T00:00:00.000+05:30
Venezuela,VEN,America,28435943,deaths,9,2020-09-27T00:00:00.000+05:30
Venezuela,VEN,America,28435943,deaths,6,2020-09-28T00:00:00.000+05:30
Venezuela,VEN,America,28435943,deaths,8,2020-09-29T00:00:00.000+05:30
Venezuela,VEN,America,28435943,deaths,7,2020-09-30T00:00:00.000+05:30
Vietnam,VNM,Asia,97338583,confirmed cases,4,2020-09-01T00:00:00.000+05:30
Vietnam,VNM,Asia,97338583,confirmed cases,0,2020-09-02T00:00:00.000+05:30
Vietnam,VNM,Asia,97338583,confirmed cases,2,2020-09-03T00:00:00.000+05:30
Vietnam,VNM,Asia,97338583,confirmed cases,0,2020-09-04T00:00:00.000+05:30
Vietnam,VNM,Asia,97338583,confirmed cases,0,2020-09-05T00:00:00.000+05:30
Vietnam,VNM,Asia,97338583,confirmed cases,3,2020-09-06T00:00:00.000+05:30
Vietnam,VNM,Asia,97338583,confirmed cases,0,2020-09-07T00:00:00.000+05:30
Vietnam,VNM,Asia,97338583,confirmed cases,0,2020-09-08T00:00:00.000+05:30
Vietnam,VNM,Asia,97338583,confirmed cases,5,2020-09-09T00:00:00.000+05:30
Vietnam,VNM,Asia,97338583,confirmed cases,5,2020-09-10T00:00:00.000+05:30
Vietnam,VNM,Asia,97338583,confirmed cases,0,2020-09-11T00:00:00.000+05:30
Vietnam,VNM,Asia,97338583,confirmed cases,1,2020-09-12T00:00:00.000+05:30
Vietnam,VNM,Asia,97338583,confirmed cases,0,2020-09-13T00:00:00.000+05:30
Vietnam,VNM,Asia,97338583,confirmed cases,3,2020-09-14T00:00:00.000+05:30
Vietnam,VNM,Asia,97338583,confirmed cases,0,2020-09-15T00:00:00.000+05:30
Vietnam,VNM,Asia,97338583,confirmed cases,0,2020-09-16T00:00:00.000+05:30
Vietnam,VNM,Asia,97338583,confirmed cases,0,2020-09-17T00:00:00.000+05:30
Vietnam,VNM,Asia,97338583,confirmed cases,3,2020-09-18T00:00:00.000+05:30
Vietnam,VNM,Asia,97338583,confirmed cases,2,2020-09-19T00:00:00.000+05:30
Vietnam,VNM,Asia,97338583,confirmed cases,0,2020-09-20T00:00:00.000+05:30
Vietnam,VNM,Asia,97338583,confirmed cases,0,2020-09-21T00:00:00.000+05:30
Vietnam,VNM,Asia,97338583,confirmed cases,0,2020-09-22T00:00:00.000+05:30
Vietnam,VNM,Asia,97338583,confirmed cases,0,2020-09-23T00:00:00.000+05:30
Vietnam,VNM,Asia,97338583,confirmed cases,1,2020-09-24T00:00:00.000+05:30
Vietnam,VNM,Asia,97338583,confirmed cases,0,2020-09-25T00:00:00.000+05:30
Vietnam,VNM,Asia,97338583,confirmed cases,0,2020-09-26T00:00:00.000+05:30
Vietnam,VNM,Asia,97338583,confirmed cases,0,2020-09-27T00:00:00.000+05:30
Vietnam,VNM,Asia,97338583,confirmed cases,5,2020-09-28T00:00:00.000+05:30
Vietnam,VNM,Asia,97338583,confirmed cases,3,2020-09-29T00:00:00.000+05:30
Vietnam,VNM,Asia,97338583,confirmed cases,17,2020-09-30T00:00:00.000+05:30
Vietnam,VNM,Asia,97338583,deaths,2,2020-09-01T00:00:00.000+05:30
Vietnam,VNM,Asia,97338583,deaths,0,2020-09-02T00:00:00.000+05:30
Vietnam,VNM,Asia,97338583,deaths,1,2020-09-03T00:00:00.000+05:30
Vietnam,VNM,Asia,97338583,deaths,0,2020-09-04T00:00:00.000+05:30
Vietnam,VNM,Asia,97338583,deaths,0,2020-09-05T00:00:00.000+05:30
Vietnam,VNM,Asia,97338583,deaths,0,2020-09-06T00:00:00.000+05:30
Vietnam,VNM,Asia,97338583,deaths,0,2020-09-07T00:00:00.000+05:30
Vietnam,VNM,Asia,97338583,deaths,0,2020-09-08T00:00:00.000+05:30
Vietnam,VNM,Asia,97338583,deaths,0,2020-09-09T00:00:00.000+05:30
Vietnam,VNM,Asia,97338583,deaths,0,2020-09-10T00:00:00.000+05:30
Vietnam,VNM,Asia,97338583,deaths,0,2020-09-11T00:00:00.000+05:30
Vietnam,VNM,Asia,97338583,deaths,0,2020-09-12T00:00:00.000+05:30
Vietnam,VNM,Asia,97338583,deaths,0,2020-09-13T00:00:00.000+05:30
Vietnam,VNM,Asia,97338583,deaths,0,2020-09-14T00:00:00.000+05:30
Vietnam,VNM,Asia,97338583,deaths,0,2020-09-15T00:00:00.000+05:30
Vietnam,VNM,Asia,97338583,deaths,0,2020-09-16T00:00:00.000+05:30
Vietnam,VNM,Asia,97338583,deaths,0,2020-09-17T00:00:00.000+05:30
Vietnam,VNM,Asia,97338583,deaths,0,2020-09-18T00:00:00.000+05:30
Vietnam,VNM,Asia,97338583,deaths,0,2020-09-19T00:00:00.000+05:30
Vietnam,VNM,Asia,97338583,deaths,0,2020-09-20T00:00:00.000+05:30
Vietnam,VNM,Asia,97338583,deaths,0,2020-09-21T00:00:00.000+05:30
Vietnam,VNM,Asia,97338583,deaths,0,2020-09-22T00:00:00.000+05:30
Vietnam,VNM,Asia,97338583,deaths,0,2020-09-23T00:00:00.000+05:30
Vietnam,VNM,Asia,97338583,deaths,0,2020-09-24T00:00:00.000+05:30
Vietnam,VNM,Asia,97338583,deaths,0,2020-09-25T00:00:00.000+05:30
Vietnam,VNM,Asia,97338583,deaths,0,2020-09-26T00:00:00.000+05:30
Vietnam,VNM,Asia,97338583,deaths,0,2020-09-27T00:00:00.000+05:30
Vietnam,VNM,Asia,97338583,deaths,0,2020-09-28T00:00:00.000+05:30
Vietnam,VNM,Asia,97338583,deaths,0,2020-09-29T00:00:00.000+05:30
Vietnam,VNM,Asia,97338583,deaths,0,2020-09-30T00:00:00.000+05:30
Wallis and Futuna,WLF,Oceania,11246,confirmed cases,0,2020-09-01T00:00:00.000+05:30
Wallis and Futuna,WLF,Oceania,11246,confirmed cases,0,2020-09-02T00:00:00.000+05:30
Wallis and Futuna,WLF,Oceania,11246,confirmed cases,0,2020-09-03T00:00:00.000+05:30
Wallis and Futuna,WLF,Oceania,11246,confirmed cases,0,2020-09-04T00:00:00.000+05:30
Wallis and Futuna,WLF,Oceania,11246,confirmed cases,0,2020-09-05T00:00:00.000+05:30
Wallis and Futuna,WLF,Oceania,11246,confirmed cases,0,2020-09-06T00:00:00.000+05:30
Wallis and Futuna,WLF,Oceania,11246,confirmed cases,0,2020-09-07T00:00:00.000+05:30
Wallis and Futuna,WLF,Oceania,11246,confirmed cases,0,2020-09-08T00:00:00.000+05:30
Wallis and Futuna,WLF,Oceania,11246,confirmed cases,0,2020-09-09T00:00:00.000+05:30
Wallis and Futuna,WLF,Oceania,11246,confirmed cases,0,2020-09-10T00:00:00.000+05:30
Wallis and Futuna,WLF,Oceania,11246,confirmed cases,0,2020-09-11T00:00:00.000+05:30
Wallis and Futuna,WLF,Oceania,11246,confirmed cases,0,2020-09-12T00:00:00.000+05:30
Wallis and Futuna,WLF,Oceania,11246,confirmed cases,0,2020-09-13T00:00:00.000+05:30
Wallis and Futuna,WLF,Oceania,11246,confirmed cases,0,2020-09-14T00:00:00.000+05:30
Wallis and Futuna,WLF,Oceania,11246,confirmed cases,0,2020-09-15T00:00:00.000+05:30
Wallis and Futuna,WLF,Oceania,11246,confirmed cases,0,2020-09-16T00:00:00.000+05:30
Wallis and Futuna,WLF,Oceania,11246,confirmed cases,0,2020-09-17T00:00:00.000+05:30
Wallis and Futuna,WLF,Oceania,11246,confirmed cases,0,2020-09-18T00:00:00.000+05:30
Wallis and Futuna,WLF,Oceania,11246,confirmed cases,0,2020-09-19T00:00:00.000+05:30
Wallis and Futuna,WLF,Oceania,11246,confirmed cases,0,2020-09-20T00:00:00.000+05:30
Wallis and Futuna,WLF,Oceania,11246,confirmed cases,0,2020-09-21T00:00:00.000+05:30
Wallis and Futuna,WLF,Oceania,11246,confirmed cases,0,2020-09-22T00:00:00.000+05:30
Wallis and Futuna,WLF,Oceania,11246,confirmed cases,0,2020-09-23T00:00:00.000+05:30
Wallis and Futuna,WLF,Oceania,11246,confirmed cases,0,2020-09-24T00:00:00.000+05:30
Wallis and Futuna,WLF,Oceania,11246,confirmed cases,0,2020-09-25T00:00:00.000+05:30
Wallis and Futuna,WLF,Oceania,11246,confirmed cases,0,2020-09-26T00:00:00.000+05:30
Wallis and Futuna,WLF,Oceania,11246,confirmed cases,0,2020-09-27T00:00:00.000+05:30
Wallis and Futuna,WLF,Oceania,11246,confirmed cases,0,2020-09-28T00:00:00.000+05:30
Wallis and Futuna,WLF,Oceania,11246,confirmed cases,0,2020-09-29T00:00:00.000+05:30
Wallis and Futuna,WLF,Oceania,11246,confirmed cases,0,2020-09-30T00:00:00.000+05:30
Wallis and Futuna,WLF,Oceania,11246,deaths,0,2020-09-01T00:00:00.000+05:30
Wallis and Futuna,WLF,Oceania,11246,deaths,0,2020-09-02T00:00:00.000+05:30
Wallis and Futuna,WLF,Oceania,11246,deaths,0,2020-09-03T00:00:00.000+05:30
Wallis and Futuna,WLF,Oceania,11246,deaths,0,2020-09-04T00:00:00.000+05:30
Wallis and Futuna,WLF,Oceania,11246,deaths,0,2020-09-05T00:00:00.000+05:30
Wallis and Futuna,WLF,Oceania,11246,deaths,0,2020-09-06T00:00:00.000+05:30
Wallis and Futuna,WLF,Oceania,11246,deaths,0,2020-09-07T00:00:00.000+05:30
Wallis and Futuna,WLF,Oceania,11246,deaths,0,2020-09-08T00:00:00.000+05:30
Wallis and Futuna,WLF,Oceania,11246,deaths,0,2020-09-09T00:00:00.000+05:30
Wallis and Futuna,WLF,Oceania,11246,deaths,0,2020-09-10T00:00:00.000+05:30
Wallis and Futuna,WLF,Oceania,11246,deaths,0,2020-09-11T00:00:00.000+05:30
Wallis and Futuna,WLF,Oceania,11246,deaths,0,2020-09-12T00:00:00.000+05:30
Wallis and Futuna,WLF,Oceania,11246,deaths,0,2020-09-13T00:00:00.000+05:30
Wallis and Futuna,WLF,Oceania,11246,deaths,0,2020-09-14T00:00:00.000+05:30
Wallis and Futuna,WLF,Oceania,11246,deaths,0,2020-09-15T00:00:00.000+05:30
Wallis and Futuna,WLF,Oceania,11246,deaths,0,2020-09-16T00:00:00.000+05:30
Wallis and Futuna,WLF,Oceania,11246,deaths,0,2020-09-17T00:00:00.000+05:30
Wallis and Futuna,WLF,Oceania,11246,deaths,0,2020-09-18T00:00:00.000+05:30
Wallis and Futuna,WLF,Oceania,11246,deaths,0,2020-09-19T00:00:00.000+05:30
Wallis and Futuna,WLF,Oceania,11246,deaths,0,2020-09-20T00:00:00.000+05:30
Wallis and Futuna,WLF,Oceania,11246,deaths,0,2020-09-21T00:00:00.000+05:30
Wallis and Futuna,WLF,Oceania,11246,deaths,0,2020-09-22T00:00:00.000+05:30
Wallis and Futuna,WLF,Oceania,11246,deaths,0,2020-09-23T00:00:00.000+05:30
Wallis and Futuna,WLF,Oceania,11246,deaths,0,2020-09-24T00:00:00.000+05:30
Wallis and Futuna,WLF,Oceania,11246,deaths,0,2020-09-25T00:00:00.000+05:30
Wallis and Futuna,WLF,Oceania,11246,deaths,0,2020-09-26T00:00:00.000+05:30
Wallis and Futuna,WLF,Oceania,11246,deaths,0,2020-09-27T00:00:00.000+05:30
Wallis and Futuna,WLF,Oceania,11246,deaths,0,2020-09-28T00:00:00.000+05:30
Wallis and Futuna,WLF,Oceania,11246,deaths,0,2020-09-29T00:00:00.000+05:30
Wallis and Futuna,WLF,Oceania,11246,deaths,0,2020-09-30T00:00:00.000+05:30
Western Sahara,ESH,Africa,597330,confirmed cases,0,2020-09-01T00:00:00.000+05:30
Western Sahara,ESH,Africa,597330,confirmed cases,0,2020-09-02T00:00:00.000+05:30
Western Sahara,ESH,Africa,597330,confirmed cases,0,2020-09-03T00:00:00.000+05:30
Western Sahara,ESH,Africa,597330,confirmed cases,0,2020-09-04T00:00:00.000+05:30
Western Sahara,ESH,Africa,597330,confirmed cases,0,2020-09-05T00:00:00.000+05:30
Western Sahara,ESH,Africa,597330,confirmed cases,0,2020-09-06T00:00:00.000+05:30
Western Sahara,ESH,Africa,597330,confirmed cases,0,2020-09-07T00:00:00.000+05:30
Western Sahara,ESH,Africa,597330,confirmed cases,0,2020-09-08T00:00:00.000+05:30
Western Sahara,ESH,Africa,597330,confirmed cases,0,2020-09-09T00:00:00.000+05:30
Western Sahara,ESH,Africa,597330,confirmed cases,0,2020-09-10T00:00:00.000+05:30
Western Sahara,ESH,Africa,597330,confirmed cases,0,2020-09-11T00:00:00.000+05:30
Western Sahara,ESH,Africa,597330,confirmed cases,0,2020-09-12T00:00:00.000+05:30
Western Sahara,ESH,Africa,597330,confirmed cases,0,2020-09-13T00:00:00.000+05:30
Western Sahara,ESH,Africa,597330,confirmed cases,0,2020-09-14T00:00:00.000+05:30
Western Sahara,ESH,Africa,597330,confirmed cases,0,2020-09-15T00:00:00.000+05:30
Western Sahara,ESH,Africa,597330,confirmed cases,0,2020-09-16T00:00:00.000+05:30
Western Sahara,ESH,Africa,597330,confirmed cases,0,2020-09-17T00:00:00.000+05:30
Western Sahara,ESH,Africa,597330,confirmed cases,0,2020-09-18T00:00:00.000+05:30
Western Sahara,ESH,Africa,597330,confirmed cases,0,2020-09-19T00:00:00.000+05:30
Western Sahara,ESH,Africa,597330,confirmed cases,0,2020-09-20T00:00:00.000+05:30
Western Sahara,ESH,Africa,597330,confirmed cases,0,2020-09-21T00:00:00.000+05:30
Western Sahara,ESH,Africa,597330,confirmed cases,0,2020-09-22T00:00:00.000+05:30
Western Sahara,ESH,Africa,597330,confirmed cases,0,2020-09-23T00:00:00.000+05:30
Western Sahara,ESH,Africa,597330,confirmed cases,0,2020-09-24T00:00:00.000+05:30
Western Sahara,ESH,Africa,597330,confirmed cases,0,2020-09-25T00:00:00.000+05:30
Western Sahara,ESH,Africa,597330,confirmed cases,0,2020-09-26T00:00:00.000+05:30
Western Sahara,ESH,Africa,597330,confirmed cases,0,2020-09-27T00:00:00.000+05:30
Western Sahara,ESH,Africa,597330,confirmed cases,0,2020-09-28T00:00:00.000+05:30
Western Sahara,ESH,Africa,597330,confirmed cases,0,2020-09-29T00:00:00.000+05:30
Western Sahara,ESH,Africa,597330,confirmed cases,0,2020-09-30T00:00:00.000+05:30
Western Sahara,ESH,Africa,597330,deaths,0,2020-09-01T00:00:00.000+05:30
Western Sahara,ESH,Africa,597330,deaths,0,2020-09-02T00:00:00.000+05:30
Western Sahara,ESH,Africa,597330,deaths,0,2020-09-03T00:00:00.000+05:30
Western Sahara,ESH,Africa,597330,deaths,0,2020-09-04T00:00:00.000+05:30
Western Sahara,ESH,Africa,597330,deaths,0,2020-09-05T00:00:00.000+05:30
Western Sahara,ESH,Africa,597330,deaths,0,2020-09-06T00:00:00.000+05:30
Western Sahara,ESH,Africa,597330,deaths,0,2020-09-07T00:00:00.000+05:30
Western Sahara,ESH,Africa,597330,deaths,0,2020-09-08T00:00:00.000+05:30
Western Sahara,ESH,Africa,597330,deaths,0,2020-09-09T00:00:00.000+05:30
Western Sahara,ESH,Africa,597330,deaths,0,2020-09-10T00:00:00.000+05:30
Western Sahara,ESH,Africa,597330,deaths,0,2020-09-11T00:00:00.000+05:30
Western Sahara,ESH,Africa,597330,deaths,0,2020-09-12T00:00:00.000+05:30
Western Sahara,ESH,Africa,597330,deaths,0,2020-09-13T00:00:00.000+05:30
Western Sahara,ESH,Africa,597330,deaths,0,2020-09-14T00:00:00.000+05:30
Western Sahara,ESH,Africa,597330,deaths,0,2020-09-15T00:00:00.000+05:30
Western Sahara,ESH,Africa,597330,deaths,0,2020-09-16T00:00:00.000+05:30
Western Sahara,ESH,Africa,597330,deaths,0,2020-09-17T00:00:00.000+05:30
Western Sahara,ESH,Africa,597330,deaths,0,2020-09-18T00:00:00.000+05:30
Western Sahara,ESH,Africa,597330,deaths,0,2020-09-19T00:00:00.000+05:30
Western Sahara,ESH,Africa,597330,deaths,0,2020-09-20T00:00:00.000+05:30
Western Sahara,ESH,Africa,597330,deaths,0,2020-09-21T00:00:00.000+05:30
Western Sahara,ESH,Africa,597330,deaths,0,2020-09-22T00:00:00.000+05:30
Western Sahara,ESH,Africa,597330,deaths,0,2020-09-23T00:00:00.000+05:30
Western Sahara,ESH,Africa,597330,deaths,0,2020-09-24T00:00:00.000+05:30
Western Sahara,ESH,Africa,597330,deaths,0,2020-09-25T00:00:00.000+05:30
Western Sahara,ESH,Africa,597330,deaths,0,2020-09-26T00:00:00.000+05:30
Western Sahara,ESH,Africa,597330,deaths,0,2020-09-27T00:00:00.000+05:30
Western Sahara,ESH,Africa,597330,deaths,0,2020-09-28T00:00:00.000+05:30
Western Sahara,ESH,Africa,597330,deaths,0,2020-09-29T00:00:00.000+05:30
Western Sahara,ESH,Africa,597330,deaths,0,2020-09-30T00:00:00.000+05:30
Yemen,YEM,Asia,29825968,confirmed cases,5,2020-09-01T00:00:00.000+05:30
Yemen,YEM,Asia,29825968,confirmed cases,4,2020-09-02T00:00:00.000+05:30
Yemen,YEM,Asia,29825968,confirmed cases,14,2020-09-03T00:00:00.000+05:30
Yemen,YEM,Asia,29825968,confirmed cases,4,2020-09-04T00:00:00.000+05:30
Yemen,YEM,Asia,29825968,confirmed cases,3,2020-09-05T00:00:00.000+05:30
Yemen,YEM,Asia,29825968,confirmed cases,4,2020-09-06T00:00:00.000+05:30
Yemen,YEM,Asia,29825968,confirmed cases,0,2020-09-07T00:00:00.000+05:30
Yemen,YEM,Asia,29825968,confirmed cases,4,2020-09-08T00:00:00.000+05:30
Yemen,YEM,Asia,29825968,confirmed cases,3,2020-09-09T00:00:00.000+05:30
Yemen,YEM,Asia,29825968,confirmed cases,5,2020-09-10T00:00:00.000+05:30
Yemen,YEM,Asia,29825968,confirmed cases,4,2020-09-11T00:00:00.000+05:30
Yemen,YEM,Asia,29825968,confirmed cases,4,2020-09-12T00:00:00.000+05:30
Yemen,YEM,Asia,29825968,confirmed cases,4,2020-09-13T00:00:00.000+05:30
Yemen,YEM,Asia,29825968,confirmed cases,2,2020-09-14T00:00:00.000+05:30
Yemen,YEM,Asia,29825968,confirmed cases,0,2020-09-15T00:00:00.000+05:30
Yemen,YEM,Asia,29825968,confirmed cases,3,2020-09-16T00:00:00.000+05:30
Yemen,YEM,Asia,29825968,confirmed cases,4,2020-09-17T00:00:00.000+05:30
Yemen,YEM,Asia,29825968,confirmed cases,3,2020-09-18T00:00:00.000+05:30
Yemen,YEM,Asia,29825968,confirmed cases,1,2020-09-19T00:00:00.000+05:30
Yemen,YEM,Asia,29825968,confirmed cases,4,2020-09-20T00:00:00.000+05:30
Yemen,YEM,Asia,29825968,confirmed cases,2,2020-09-21T00:00:00.000+05:30
Yemen,YEM,Asia,29825968,confirmed cases,0,2020-09-22T00:00:00.000+05:30
Yemen,YEM,Asia,29825968,confirmed cases,2,2020-09-23T00:00:00.000+05:30
Yemen,YEM,Asia,29825968,confirmed cases,0,2020-09-24T00:00:00.000+05:30
Yemen,YEM,Asia,29825968,confirmed cases,1,2020-09-25T00:00:00.000+05:30
Yemen,YEM,Asia,29825968,confirmed cases,0,2020-09-26T00:00:00.000+05:30
Yemen,YEM,Asia,29825968,confirmed cases,0,2020-09-27T00:00:00.000+05:30
Yemen,YEM,Asia,29825968,confirmed cases,1,2020-09-28T00:00:00.000+05:30
Yemen,YEM,Asia,29825968,confirmed cases,1,2020-09-29T00:00:00.000+05:30
Yemen,YEM,Asia,29825968,confirmed cases,0,2020-09-30T00:00:00.000+05:30
Yemen,YEM,Asia,29825968,deaths,2,2020-09-01T00:00:00.000+05:30
Yemen,YEM,Asia,29825968,deaths,4,2020-09-02T00:00:00.000+05:30
Yemen,YEM,Asia,29825968,deaths,1,2020-09-03T00:00:00.000+05:30
Yemen,YEM,Asia,29825968,deaths,1,2020-09-04T00:00:00.000+05:30
Yemen,YEM,Asia,29825968,deaths,0,2020-09-05T00:00:00.000+05:30
Yemen,YEM,Asia,29825968,deaths,0,2020-09-06T00:00:00.000+05:30
Yemen,YEM,Asia,29825968,deaths,0,2020-09-07T00:00:00.000+05:30
Yemen,YEM,Asia,29825968,deaths,1,2020-09-08T00:00:00.000+05:30
Yemen,YEM,Asia,29825968,deaths,3,2020-09-09T00:00:00.000+05:30
Yemen,YEM,Asia,29825968,deaths,1,2020-09-10T00:00:00.000+05:30
Yemen,YEM,Asia,29825968,deaths,3,2020-09-11T00:00:00.000+05:30
Yemen,YEM,Asia,29825968,deaths,2,2020-09-12T00:00:00.000+05:30
Yemen,YEM,Asia,29825968,deaths,1,2020-09-13T00:00:00.000+05:30
Yemen,YEM,Asia,29825968,deaths,0,2020-09-14T00:00:00.000+05:30
Yemen,YEM,Asia,29825968,deaths,0,2020-09-15T00:00:00.000+05:30
Yemen,YEM,Asia,29825968,deaths,0,2020-09-16T00:00:00.000+05:30
Yemen,YEM,Asia,29825968,deaths,1,2020-09-17T00:00:00.000+05:30
Yemen,YEM,Asia,29825968,deaths,0,2020-09-18T00:00:00.000+05:30
Yemen,YEM,Asia,29825968,deaths,1,2020-09-19T00:00:00.000+05:30
Yemen,YEM,Asia,29825968,deaths,1,2020-09-20T00:00:00.000+05:30
Yemen,YEM,Asia,29825968,deaths,0,2020-09-21T00:00:00.000+05:30
Yemen,YEM,Asia,29825968,deaths,1,2020-09-22T00:00:00.000+05:30
Yemen,YEM,Asia,29825968,deaths,0,2020-09-23T00:00:00.000+05:30
Yemen,YEM,Asia,29825968,deaths,0,2020-09-24T00:00:00.000+05:30
Yemen,YEM,Asia,29825968,deaths,0,2020-09-25T00:00:00.000+05:30
Yemen,YEM,Asia,29825968,deaths,0,2020-09-26T00:00:00.000+05:30
Yemen,YEM,Asia,29825968,deaths,1,2020-09-27T00:00:00.000+05:30
Yemen,YEM,Asia,29825968,deaths,0,2020-09-28T00:00:00.000+05:30
Yemen,YEM,Asia,29825968,deaths,0,2020-09-29T00:00:00.000+05:30
Yemen,YEM,Asia,29825968,deaths,0,2020-09-30T00:00:00.000+05:30
Zambia,ZMB,Africa,18383956,confirmed cases,72,2020-09-01T00:00:00.000+05:30
Zambia,ZMB,Africa,18383956,confirmed cases,284,2020-09-02T00:00:00.000+05:30
Zambia,ZMB,Africa,18383956,confirmed cases,34,2020-09-03T00:00:00.000+05:30
Zambia,ZMB,Africa,18383956,confirmed cases,108,2020-09-04T00:00:00.000+05:30
Zambia,ZMB,Africa,18383956,confirmed cases,116,2020-09-05T00:00:00.000+05:30
Zambia,ZMB,Africa,18383956,confirmed cases,70,2020-09-06T00:00:00.000+05:30
Zambia,ZMB,Africa,18383956,confirmed cases,67,2020-09-07T00:00:00.000+05:30
Zambia,ZMB,Africa,18383956,confirmed cases,60,2020-09-08T00:00:00.000+05:30
Zambia,ZMB,Africa,18383956,confirmed cases,116,2020-09-09T00:00:00.000+05:30
Zambia,ZMB,Africa,18383956,confirmed cases,160,2020-09-10T00:00:00.000+05:30
Zambia,ZMB,Africa,18383956,confirmed cases,102,2020-09-11T00:00:00.000+05:30
Zambia,ZMB,Africa,18383956,confirmed cases,109,2020-09-12T00:00:00.000+05:30
Zambia,ZMB,Africa,18383956,confirmed cases,143,2020-09-13T00:00:00.000+05:30
Zambia,ZMB,Africa,18383956,confirmed cases,73,2020-09-14T00:00:00.000+05:30
Zambia,ZMB,Africa,18383956,confirmed cases,181,2020-09-15T00:00:00.000+05:30
Zambia,ZMB,Africa,18383956,confirmed cases,99,2020-09-16T00:00:00.000+05:30
Zambia,ZMB,Africa,18383956,confirmed cases,68,2020-09-17T00:00:00.000+05:30
Zambia,ZMB,Africa,18383956,confirmed cases,41,2020-09-18T00:00:00.000+05:30
Zambia,ZMB,Africa,18383956,confirmed cases,94,2020-09-19T00:00:00.000+05:30
Zambia,ZMB,Africa,18383956,confirmed cases,2,2020-09-20T00:00:00.000+05:30
Zambia,ZMB,Africa,18383956,confirmed cases,107,2020-09-21T00:00:00.000+05:30
Zambia,ZMB,Africa,18383956,confirmed cases,44,2020-09-22T00:00:00.000+05:30
Zambia,ZMB,Africa,18383956,confirmed cases,214,2020-09-23T00:00:00.000+05:30
Zambia,ZMB,Africa,18383956,confirmed cases,54,2020-09-24T00:00:00.000+05:30
Zambia,ZMB,Africa,18383956,confirmed cases,48,2020-09-25T00:00:00.000+05:30
Zambia,ZMB,Africa,18383956,confirmed cases,24,2020-09-26T00:00:00.000+05:30
Zambia,ZMB,Africa,18383956,confirmed cases,97,2020-09-27T00:00:00.000+05:30
Zambia,ZMB,Africa,18383956,confirmed cases,29,2020-09-28T00:00:00.000+05:30
Zambia,ZMB,Africa,18383956,confirmed cases,19,2020-09-29T00:00:00.000+05:30
Zambia,ZMB,Africa,18383956,confirmed cases,55,2020-09-30T00:00:00.000+05:30
Zambia,ZMB,Africa,18383956,deaths,1,2020-09-01T00:00:00.000+05:30
Zambia,ZMB,Africa,18383956,deaths,2,2020-09-02T00:00:00.000+05:30
Zambia,ZMB,Africa,18383956,deaths,2,2020-09-03T00:00:00.000+05:30
Zambia,ZMB,Africa,18383956,deaths,0,2020-09-04T00:00:00.000+05:30
Zambia,ZMB,Africa,18383956,deaths,0,2020-09-05T00:00:00.000+05:30
Zambia,ZMB,Africa,18383956,deaths,0,2020-09-06T00:00:00.000+05:30
Zambia,ZMB,Africa,18383956,deaths,3,2020-09-07T00:00:00.000+05:30
Zambia,ZMB,Africa,18383956,deaths,0,2020-09-08T00:00:00.000+05:30
Zambia,ZMB,Africa,18383956,deaths,1,2020-09-09T00:00:00.000+05:30
Zambia,ZMB,Africa,18383956,deaths,4,2020-09-10T00:00:00.000+05:30
Zambia,ZMB,Africa,18383956,deaths,0,2020-09-11T00:00:00.000+05:30
Zambia,ZMB,Africa,18383956,deaths,6,2020-09-12T00:00:00.000+05:30
Zambia,ZMB,Africa,18383956,deaths,6,2020-09-13T00:00:00.000+05:30
Zambia,ZMB,Africa,18383956,deaths,0,2020-09-14T00:00:00.000+05:30
Zambia,ZMB,Africa,18383956,deaths,8,2020-09-15T00:00:00.000+05:30
Zambia,ZMB,Africa,18383956,deaths,4,2020-09-16T00:00:00.000+05:30
Zambia,ZMB,Africa,18383956,deaths,2,2020-09-17T00:00:00.000+05:30
Zambia,ZMB,Africa,18383956,deaths,0,2020-09-18T00:00:00.000+05:30
Zambia,ZMB,Africa,18383956,deaths,3,2020-09-19T00:00:00.000+05:30
Zambia,ZMB,Africa,18383956,deaths,0,2020-09-20T00:00:00.000+05:30
Zambia,ZMB,Africa,18383956,deaths,1,2020-09-21T00:00:00.000+05:30
Zambia,ZMB,Africa,18383956,deaths,1,2020-09-22T00:00:00.000+05:30
Zambia,ZMB,Africa,18383956,deaths,0,2020-09-23T00:00:00.000+05:30
Zambia,ZMB,Africa,18383956,deaths,1,2020-09-24T00:00:00.000+05:30
Zambia,ZMB,Africa,18383956,deaths,0,2020-09-25T00:00:00.000+05:30
Zambia,ZMB,Africa,18383956,deaths,0,2020-09-26T00:00:00.000+05:30
Zambia,ZMB,Africa,18383956,deaths,0,2020-09-27T00:00:00.000+05:30
Zambia,ZMB,Africa,18383956,deaths,0,2020-09-28T00:00:00.000+05:30
Zambia,ZMB,Africa,18383956,deaths,0,2020-09-29T00:00:00.000+05:30
Zambia,ZMB,Africa,18383956,deaths,0,2020-09-30T00:00:00.000+05:30
Zimbabwe,ZWE,Africa,14862927,confirmed cases,85,2020-09-01T00:00:00.000+05:30
Zimbabwe,ZWE,Africa,14862927,confirmed cases,62,2020-09-02T00:00:00.000+05:30
Zimbabwe,ZWE,Africa,14862927,confirmed cases,79,2020-09-03T00:00:00.000+05:30
Zimbabwe,ZWE,Africa,14862927,confirmed cases,40,2020-09-04T00:00:00.000+05:30
Zimbabwe,ZWE,Africa,14862927,confirmed cases,159,2020-09-05T00:00:00.000+05:30
Zimbabwe,ZWE,Africa,14862927,confirmed cases,0,2020-09-06T00:00:00.000+05:30
Zimbabwe,ZWE,Africa,14862927,confirmed cases,140,2020-09-07T00:00:00.000+05:30
Zimbabwe,ZWE,Africa,14862927,confirmed cases,321,2020-09-08T00:00:00.000+05:30
Zimbabwe,ZWE,Africa,14862927,confirmed cases,90,2020-09-09T00:00:00.000+05:30
Zimbabwe,ZWE,Africa,14862927,confirmed cases,41,2020-09-10T00:00:00.000+05:30
Zimbabwe,ZWE,Africa,14862927,confirmed cases,24,2020-09-11T00:00:00.000+05:30
Zimbabwe,ZWE,Africa,14862927,confirmed cases,26,2020-09-12T00:00:00.000+05:30
Zimbabwe,ZWE,Africa,14862927,confirmed cases,29,2020-09-13T00:00:00.000+05:30
Zimbabwe,ZWE,Africa,14862927,confirmed cases,18,2020-09-14T00:00:00.000+05:30
Zimbabwe,ZWE,Africa,14862927,confirmed cases,5,2020-09-15T00:00:00.000+05:30
Zimbabwe,ZWE,Africa,14862927,confirmed cases,45,2020-09-16T00:00:00.000+05:30
Zimbabwe,ZWE,Africa,14862927,confirmed cases,22,2020-09-17T00:00:00.000+05:30
Zimbabwe,ZWE,Africa,14862927,confirmed cases,35,2020-09-18T00:00:00.000+05:30
Zimbabwe,ZWE,Africa,14862927,confirmed cases,14,2020-09-19T00:00:00.000+05:30
Zimbabwe,ZWE,Africa,14862927,confirmed cases,25,2020-09-20T00:00:00.000+05:30
Zimbabwe,ZWE,Africa,14862927,confirmed cases,11,2020-09-21T00:00:00.000+05:30
Zimbabwe,ZWE,Africa,14862927,confirmed cases,23,2020-09-22T00:00:00.000+05:30
Zimbabwe,ZWE,Africa,14862927,confirmed cases,5,2020-09-23T00:00:00.000+05:30
Zimbabwe,ZWE,Africa,14862927,confirmed cases,14,2020-09-24T00:00:00.000+05:30
Zimbabwe,ZWE,Africa,14862927,confirmed cases,27,2020-09-25T00:00:00.000+05:30
Zimbabwe,ZWE,Africa,14862927,confirmed cases,35,2020-09-26T00:00:00.000+05:30
Zimbabwe,ZWE,Africa,14862927,confirmed cases,16,2020-09-27T00:00:00.000+05:30
Zimbabwe,ZWE,Africa,14862927,confirmed cases,9,2020-09-28T00:00:00.000+05:30
Zimbabwe,ZWE,Africa,14862927,confirmed cases,4,2020-09-29T00:00:00.000+05:30
Zimbabwe,ZWE,Africa,14862927,confirmed cases,21,2020-09-30T00:00:00.000+05:30
Zimbabwe,ZWE,Africa,14862927,deaths,6,2020-09-01T00:00:00.000+05:30
Zimbabwe,ZWE,Africa,14862927,deaths,1,2020-09-02T00:00:00.000+05:30
Zimbabwe,ZWE,Africa,14862927,deaths,3,2020-09-03T00:00:00.000+05:30
Zimbabwe,ZWE,Africa,14862927,deaths,0,2020-09-04T00:00:00.000+05:30
Zimbabwe,ZWE,Africa,14862927,deaths,0,2020-09-05T00:00:00.000+05:30
Zimbabwe,ZWE,Africa,14862927,deaths,0,2020-09-06T00:00:00.000+05:30
Zimbabwe,ZWE,Africa,14862927,deaths,1,2020-09-07T00:00:00.000+05:30
Zimbabwe,ZWE,Africa,14862927,deaths,3,2020-09-08T00:00:00.000+05:30
Zimbabwe,ZWE,Africa,14862927,deaths,8,2020-09-09T00:00:00.000+05:30
Zimbabwe,ZWE,Africa,14862927,deaths,4,2020-09-10T00:00:00.000+05:30
Zimbabwe,ZWE,Africa,14862927,deaths,0,2020-09-11T00:00:00.000+05:30
Zimbabwe,ZWE,Africa,14862927,deaths,2,2020-09-12T00:00:00.000+05:30
Zimbabwe,ZWE,Africa,14862927,deaths,0,2020-09-13T00:00:00.000+05:30
Zimbabwe,ZWE,Africa,14862927,deaths,0,2020-09-14T00:00:00.000+05:30
Zimbabwe,ZWE,Africa,14862927,deaths,0,2020-09-15T00:00:00.000+05:30
Zimbabwe,ZWE,Africa,14862927,deaths,0,2020-09-16T00:00:00.000+05:30
Zimbabwe,ZWE,Africa,14862927,deaths,0,2020-09-17T00:00:00.000+05:30
Zimbabwe,ZWE,Africa,14862927,deaths,0,2020-09-18T00:00:00.000+05:30
Zimbabwe,ZWE,Africa,14862927,deaths,0,2020-09-19T00:00:00.000+05:30
Zimbabwe,ZWE,Africa,14862927,deaths,1,2020-09-20T00:00:00.000+05:30
Zimbabwe,ZWE,Africa,14862927,deaths,0,2020-09-21T00:00:00.000+05:30
Zimbabwe,ZWE,Africa,14862927,deaths,1,2020-09-22T00:00:00.000+05:30
Zimbabwe,ZWE,Africa,14862927,deaths,0,2020-09-23T00:00:00.000+05:30
Zimbabwe,ZWE,Africa,14862927,deaths,1,2020-09-24T00:00:00.000+05:30
Zimbabwe,ZWE,Africa,14862927,deaths,0,2020-09-25T00:00:00.000+05:30
Zimbabwe,ZWE,Africa,14862927,deaths,0,2020-09-26T00:00:00.000+05:30
Zimbabwe,ZWE,Africa,14862927,deaths,0,2020-09-27T00:00:00.000+05:30
Zimbabwe,ZWE,Africa,14862927,deaths,0,2020-09-28T00:00:00.000+05:30
Zimbabwe,ZWE,Africa,14862927,deaths,1,2020-09-29T00:00:00.000+05:30
Zimbabwe,ZWE,Africa,14862927,deaths,0,2020-09-30T00:00:00.000+05:30
