Venezuela,VEN,America,28435943,confirmed cases,0,2020-04-01T00:00:00.000+05:30
Venezuela,VEN,America,28435943,confirmed cases,8,2020-04-02T00:00:00.000+05:30
Venezuela,VEN,America,28435943,confirmed cases,1,2020-04-03T00:00:00.000+05:30
Venezuela,VEN,America,28435943,confirmed cases,0,2020-04-04T00:00:00.000+05:30
Venezuela,VEN,America,28435943,confirmed cases,0,2020-04-05T00:00:00.000+05:30
Venezuela,VEN,America,28435943,confirmed cases,4,2020-04-06T00:00:00.000+05:30
Venezuela,VEN,America,28435943,confirmed cases,11,2020-04-07T00:00:00.000+05:30
Venezuela,VEN,America,28435943,confirmed cases,7,2020-04-08T00:00:00.000+05:30
Venezuela,VEN,America,28435943,confirmed cases,1,2020-04-09T00:00:00.000+05:30
Venezuela,VEN,America,28435943,confirmed cases,4,2020-04-10T00:00:00.000+05:30
Venezuela,VEN,America,28435943,confirmed cases,4,2020-04-11T00:00:00.000+05:30
Venezuela,VEN,America,28435943,confirmed cases,0,2020-04-12T00:00:00.000+05:30
Venezuela,VEN,America,28435943,confirmed cases,6,2020-04-13T00:00:00.000+05:30
Venezuela,VEN,America,28435943,confirmed cases,8,2020-04-14T00:00:00.000+05:30
Venezuela,VEN,America,28435943,confirmed cases,4,2020-04-15T00:00:00.000+05:30
Venezuela,VEN,America,28435943,confirmed cases,4,2020-04-16T00:00:00.000+05:30
Venezuela,VEN,America,28435943,confirmed cases,7,2020-04-17T00:00:00.000+05:30
Venezuela,VEN,America,28435943,confirmed cases,23,2020-04-18T00:00:00.000+05:30
Venezuela,VEN,America,28435943,confirmed cases,0,2020-04-19T00:00:00.000+05:30
Venezuela,VEN,America,28435943,confirmed cases,29,2020-04-20T00:00:00.000+05:30
Venezuela,VEN,America,28435943,confirmed cases,0,2020-04-21T00:00:00.000+05:30
Venezuela,VEN,America,28435943,confirmed cases,29,2020-04-22T00:00:00.000+05:30
Venezuela,VEN,America,28435943,confirmed cases,3,2020-04-23T00:00:00.000+05:30
Venezuela,VEN,America,28435943,confirmed cases,10,2020-04-24T00:00:00.000+05:30
Venezuela,VEN,America,28435943,confirmed cases,20,2020-04-25T00:00:00.000+05:30
Venezuela,VEN,America,28435943,confirmed cases,5,2020-04-26T00:00:00.000+05:30
Venezuela,VEN,America,28435943,confirmed cases,2,2020-04-27T00:00:00.000+05:30
Venezuela,VEN,America,28435943,confirmed cases,4,2020-04-28T00:00:00.000+05:30
Venezuela,VEN,America,28435943,confirmed cases,0,2020-04-29T00:00:00.000+05:30
Venezuela,VEN,America,28435943,confirmed cases,2,2020-04-30T00:00:00.000+05:30
Venezuela,VEN,America,28435943,deaths,0,2020-04-01T00:00:00.000+05:30
Venezuela,VEN,America,28435943,deaths,0,2020-04-02T00:00:00.000+05:30
Venezuela,VEN,America,28435943,deaths,0,2020-04-03T00:00:00.000+05:30
Venezuela,VEN,America,28435943,deaths,0,2020-04-04T00:00:00.000+05:30
Venezuela,VEN,America,28435943,deaths,2,2020-04-05T00:00:00.000+05:30
Venezuela,VEN,America,28435943,deaths,0,2020-04-06T00:00:00.000+05:30
Venezuela,VEN,America,28435943,deaths,0,2020-04-07T00:00:00.000+05:30
Venezuela,VEN,America,28435943,deaths,2,2020-04-08T00:00:00.000+05:30
Venezuela,VEN,America,28435943,deaths,1,2020-04-09T00:00:00.000+05:30
Venezuela,VEN,America,28435943,deaths,1,2020-04-10T00:00:00.000+05:30
Venezuela,VEN,America,28435943,deaths,0,2020-04-11T00:00:00.000+05:30
Venezuela,VEN,America,28435943,deaths,0,2020-04-12T00:00:00.000+05:30
Venezuela,VEN,America,28435943,deaths,0,2020-04-13T00:00:00.000+05:30
Venezuela,VEN,America,28435943,deaths,0,2020-04-14T00:00:00.000+05:30
Venezuela,VEN,America,28435943,deaths,0,2020-04-15T00:00:00.000+05:30
Venezuela,VEN,America,28435943,deaths,0,2020-04-16T00:00:00.000+05:30
Venezuela,VEN,America,28435943,deaths,0,2020-04-17T00:00:00.000+05:30
Venezuela,VEN,America,28435943,deaths,0,2020-04-18T00:00:00.000+05:30
Venezuela,VEN,America,28435943,deaths,0,2020-04-19T00:00:00.000+05:30
Venezuela,VEN,America,28435943,deaths,0,2020-04-20T00:00:00.000+05:30
Venezuela,VEN,America,28435943,deaths,0,2020-04-21T00:00:00.000+05:30
Venezuela,VEN,America,28435943,deaths,1,2020-04-22T00:00:00.000+05:30
Venezuela,VEN,America,28435943,deaths,0,2020-04-23T00:00:00.000+05:30
Venezuela,VEN,America,28435943,deaths,0,2020-04-24T00:00:00.000+05:30
Venezuela,VEN,America,28435943,deaths,0,2020-04-25T00:00:00.000+05:30
Venezuela,VEN,America,28435943,deaths,0,2020-04-26T00:00:00.000+05:30
Venezuela,VEN,America,28435943,deaths,0,2020-04-27T00:00:00.000+05:30
Venezuela,VEN,America,28435943,deaths,0,2020-04-28T00:00:00.000+05:30
Venezuela,VEN,America,28435943,deaths,0,2020-04-29T00:00:00.000+05:30
Venezuela,VEN,America,28435943,deaths,0,2020-04-30T00:00:00.000+05:30
Vietnam,VNM,Asia,97338583,confirmed cases,6,2020-04-01T00:00:00.000+05:30
Vietnam,VNM,Asia,97338583,confirmed cases,21,2020-04-02T00:00:00.000+05:30
Vietnam,VNM,Asia,97338583,confirmed cases,3,2020-04-03T00:00:00.000+05:30
Vietnam,VNM,Asia,97338583,confirmed cases,4,2020-04-04T00:00:00.000+05:30
Vietnam,VNM,Asia,97338583,confirmed cases,1,2020-04-05T00:00:00.000+05:30
Vietnam,VNM,Asia,97338583,confirmed cases,4,2020-04-06T00:00:00.000+05:30
Vietnam,VNM,Asia,97338583,confirmed cases,6,2020-04-07T00:00:00.000+05:30
Vietnam,VNM,Asia,97338583,confirmed cases,0,2020-04-08T00:00:00.000+05:30
Vietnam,VNM,Asia,97338583,confirmed cases,4,2020-04-09T00:00:00.000+05:30
Vietnam,VNM,Asia,97338583,confirmed cases,2,2020-04-10T00:00:00.000+05:30
Vietnam,VNM,Asia,97338583,confirmed cases,1,2020-04-11T00:00:00.000+05:30
Vietnam,VNM,Asia,97338583,confirmed cases,4,2020-04-12T00:00:00.000+05:30
Vietnam,VNM,Asia,97338583,confirmed cases,2,2020-04-13T00:00:00.000+05:30
Vietnam,VNM,Asia,97338583,confirmed cases,3,2020-04-14T00:00:00.000+05:30
Vietnam,VNM,Asia,97338583,confirmed cases,1,2020-04-15T00:00:00.000+05:30
Vietnam,VNM,Asia,97338583,confirmed cases,0,2020-04-16T00:00:00.000+05:30
Vietnam,VNM,Asia,97338583,confirmed cases,0,2020-04-17T00:00:00.000+05:30
Vietnam,VNM,Asia,97338583,confirmed cases,0,2020-04-18T00:00:00.000+05:30
Vietnam,VNM,Asia,97338583,confirmed cases,0,2020-04-19T00:00:00.000+05:30
Vietnam,VNM,Asia,97338583,confirmed cases,0,2020-04-20T00:00:00.000+05:30
Vietnam,VNM,Asia,97338583,confirmed cases,0,2020-04-21T00:00:00.000+05:30
Vietnam,VNM,Asia,97338583,confirmed cases,0,2020-04-22T00:00:00.000+05:30
Vietnam,VNM,Asia,97338583,confirmed cases,0,2020-04-23T00:00:00.000+05:30
Vietnam,VNM,Asia,97338583,confirmed cases,2,2020-04-24T00:00:00.000+05:30
Vietnam,VNM,Asia,97338583,confirmed cases,0,2020-04-25T00:00:00.000+05:30
Vietnam,VNM,Asia,97338583,confirmed cases,0,2020-04-26T00:00:00.000+05:30
Vietnam,VNM,Asia,97338583,confirmed cases,0,2020-04-27T00:00:00.000+05:30
Vietnam,VNM,Asia,97338583,confirmed cases,0,2020-04-28T00:00:00.000+05:30
Vietnam,VNM,Asia,97338583,confirmed cases,0,2020-04-29T00:00:00.000+05:30
Vietnam,VNM,Asia,97338583,confirmed cases,0,2020-04-30T00:00:00.000+05:30
Vietnam,VNM,Asia,97338583,deaths,0,2020-04-01T00:00:00.000+05:30
Vietnam,VNM,Asia,97338583,deaths,0,2020-04-02T00:00:00.000+05:30
Vietnam,VNM,Asia,97338583,deaths,0,2020-04-03T00:00:00.000+05:30
Vietnam,VNM,Asia,97338583,deaths,0,2020-04-04T00:00:00.000+05:30
Vietnam,VNM,Asia,97338583,deaths,0,2020-04-05T00:00:00.000+05:30
Vietnam,VNM,Asia,97338583,deaths,0,2020-04-06T00:00:00.000+05:30
Vietnam,VNM,Asia,97338583,deaths,0,2020-04-07T00:00:00.000+05:30
Vietnam,VNM,Asia,97338583,deaths,0,2020-04-08T00:00:00.000+05:30
Vietnam,VNM,Asia,97338583,deaths,0,2020-04-09T00:00:00.000+05:30
Vietnam,VNM,Asia,97338583,deaths,0,2020-04-10T00:00:00.000+05:30
Vietnam,VNM,Asia,97338583,deaths,0,2020-04-11T00:00:00.000+05:30
Vietnam,VNM,Asia,97338583,deaths,0,2020-04-12T00:00:00.000+05:30
Vietnam,VNM,Asia,97338583,deaths,0,2020-04-13T00:00:00.000+05:30
Vietnam,VNM,Asia,97338583,deaths,0,2020-04-14T00:00:00.000+05:30
Vietnam,VNM,Asia,97338583,deaths,0,2020-04-15T00:00:00.000+05:30
Vietnam,VNM,Asia,97338583,deaths,0,2020-04-16T00:00:00.000+05:30
Vietnam,VNM,Asia,97338583,deaths,0,2020-04-17T00:00:00.000+05:30
Vietnam,VNM,Asia,97338583,deaths,0,2020-04-18T00:00:00.000+05:30
Vietnam,VNM,Asia,97338583,deaths,0,2020-04-19T00:00:00.000+05:30
Vietnam,VNM,Asia,97338583,deaths,0,2020-04-20T00:00:00.000+05:30
Vietnam,VNM,Asia,97338583,deaths,0,2020-04-21T00:00:00.000+05:30
Vietnam,VNM,Asia,97338583,deaths,0,2020-04-22T00:00:00.000+05:30
Vietnam,VNM,Asia,97338583,deaths,0,2020-04-23T00:00:00.000+05:30
Vietnam,VNM,Asia,97338583,deaths,0,2020-04-24T00:00:00.000+05:30
Vietnam,VNM,Asia,97338583,deaths,0,2020-04-25T00:00:00.000+05:30
Vietnam,VNM,Asia,97338583,deaths,0,2020-04-26T00:00:00.000+05:30
Vietnam,VNM,Asia,97338583,deaths,0,2020-04-27T00:00:00.000+05:30
Vietnam,VNM,Asia,97338583,deaths,0,2020-04-28T00:00:00.000+05:30
Vietnam,VNM,Asia,97338583,deaths,0,2020-04-29T00:00:00.000+05:30
Vietnam,VNM,Asia,97338583,deaths,0,2020-04-30T00:00:00.000+05:30
Wallis and Futuna,WLF,Oceania,11246,confirmed cases,0,2020-04-01T00:00:00.000+05:30
Wallis and Futuna,WLF,Oceania,11246,confirmed cases,0,2020-04-02T00:00:00.000+05:30
Wallis and Futuna,WLF,Oceania,11246,confirmed cases,0,2020-04-03T00:00:00.000+05:30
Wallis and Futuna,WLF,Oceania,11246,confirmed cases,0,2020-04-04T00:00:00.000+05:30
Wallis and Futuna,WLF,Oceania,11246,confirmed cases,0,2020-04-05T00:00:00.000+05:30
Wallis and Futuna,WLF,Oceania,11246,confirmed cases,0,2020-04-06T00:00:00.000+05:30
Wallis and Futuna,WLF,Oceania,11246,confirmed cases,0,2020-04-07T00:00:00.000+05:30
Wallis and Futuna,WLF,Oceania,11246,confirmed cases,0,2020-04-08T00:00:00.000+05:30
Wallis and Futuna,WLF,Oceania,11246,confirmed cases,0,2020-04-09T00:00:00.000+05:30
Wallis and Futuna,WLF,Oceania,11246,confirmed cases,0,2020-04-10T00:00:00.000+05:30
Wallis and Futuna,WLF,Oceania,11246,confirmed cases,0,2020-04-11T00:00:00.000+05:30
Wallis and Futuna,WLF,Oceania,11246,confirmed cases,0,2020-04-12T00:00:00.000+05:30
Wallis and Futuna,WLF,Oceania,11246,confirmed cases,0,2020-04-13T00:00:00.000+05:30
Wallis and Futuna,WLF,Oceania,11246,confirmed cases,0,2020-04-14T00:00:00.000+05:30
Wallis and Futuna,WLF,Oceania,11246,confirmed cases,0,2020-04-15T00:00:00.000+05:30
Wallis and Futuna,WLF,Oceania,11246,confirmed cases,0,2020-04-16T00:00:00.000+05:30
Wallis and Futuna,WLF,Oceania,11246,confirmed cases,0,2020-04-17T00:00:00.000+05:30
Wallis and Futuna,WLF,Oceania,11246,confirmed cases,0,2020-04-18T00:00:00.000+05:30
Wallis and Futuna,WLF,Oceania,11246,confirmed cases,0,2020-04-19T00:00:00.000+05:30
Wallis and Futuna,WLF,Oceania,11246,confirmed cases,0,2020-04-20T00:00:00.000+05:30
Wallis and Futuna,WLF,Oceania,11246,confirmed cases,0,2020-04-21T00:00:00.000+05:30
Wallis and Futuna,WLF,Oceania,11246,confirmed cases,0,2020-04-22T00:00:00.000+05:30
Wallis and Futuna,WLF,Oceania,11246,confirmed cases,0,2020-04-23T00:00:00.000+05:30
Wallis and Futuna,WLF,Oceania,11246,confirmed cases,0,2020-04-24T00:00:00.000+05:30
Wallis and Futuna,WLF,Oceania,11246,confirmed cases,0,2020-04-25T00:00:00.000+05:30
Wallis and Futuna,WLF,Oceania,11246,confirmed cases,0,2020-04-26T00:00:00.000+05:30
Wallis and Futuna,WLF,Oceania,11246,confirmed cases,0,2020-04-27T00:00:00.000+05:30
Wallis and Futuna,WLF,Oceania,11246,confirmed cases,0,2020-04-28T00:00:00.000+05:30
Wallis and Futuna,WLF,Oceania,11246,confirmed cases,0,2020-04-29T00:00:00.000+05:30
Wallis and Futuna,WLF,Oceania,11246,confirmed cases,0,2020-04-30T00:00:00.000+05:30
Wallis and Futuna,WLF,Oceania,11246,deaths,0,2020-04-01T00:00:00.000+05:30
Wallis and Futuna,WLF,Oceania,11246,deaths,0,2020-04-02T00:00:00.000+05:30
Wallis and Futuna,WLF,Oceania,11246,deaths,0,2020-04-03T00:00:00.000+05:30
Wallis and Futuna,WLF,Oceania,11246,deaths,0,2020-04-04T00:00:00.000+05:30
Wallis and Futuna,WLF,Oceania,11246,deaths,0,2020-04-05T00:00:00.000+05:30
Wallis and Futuna,WLF,Oceania,11246,deaths,0,2020-04-06T00:00:00.000+05:30
Wallis and Futuna,WLF,Oceania,11246,deaths,0,2020-04-07T00:00:00.000+05:30
Wallis and Futuna,WLF,Oceania,11246,deaths,0,2020-04-08T00:00:00.000+05:30
Wallis and Futuna,WLF,Oceania,11246,deaths,0,2020-04-09T00:00:00.000+05:30
Wallis and Futuna,WLF,Oceania,11246,deaths,0,2020-04-10T00:00:00.000+05:30
Wallis and Futuna,WLF,Oceania,11246,deaths,0,2020-04-11T00:00:00.000+05:30
Wallis and Futuna,WLF,Oceania,11246,deaths,0,2020-04-12T00:00:00.000+05:30
Wallis and Futuna,WLF,Oceania,11246,deaths,0,2020-04-13T00:00:00.000+05:30
Wallis and Futuna,WLF,Oceania,11246,deaths,0,2020-04-14T00:00:00.000+05:30
Wallis and Futuna,WLF,Oceania,11246,deaths,0,2020-04-15T00:00:00.000+05:30
Wallis and Futuna,WLF,Oceania,11246,deaths,0,2020-04-16T00:00:00.000+05:30
Wallis and Futuna,WLF,Oceania,11246,deaths,0,2020-04-17T00:00:00.000+05:30
Wallis and Futuna,WLF,Oceania,11246,deaths,0,2020-04-18T00:00:00.000+05:30
Wallis and Futuna,WLF,Oceania,11246,deaths,0,2020-04-19T00:00:00.000+05:30
Wallis and Futuna,WLF,Oceania,11246,deaths,0,2020-04-20T00:00:00.000+05:30
Wallis and Futuna,WLF,Oceania,11246,deaths,0,2020-04-21T00:00:00.000+05:30
Wallis and Futuna,WLF,Oceania,11246,deaths,0,2020-04-22T00:00:00.000+05:30
Wallis and Futuna,WLF,Oceania,11246,deaths,0,2020-04-23T00:00:00.000+05:30
Wallis and Futuna,WLF,Oceania,11246,deaths,0,2020-04-24T00:00:00.000+05:30
Wallis and Futuna,WLF,Oceania,11246,deaths,0,2020-04-25T00:00:00.000+05:30
Wallis and Futuna,WLF,Oceania,11246,deaths,0,2020-04-26T00:00:00.000+05:30
Wallis and Futuna,WLF,Oceania,11246,deaths,0,2020-04-27T00:00:00.000+05:30
Wallis and Futuna,WLF,Oceania,11246,deaths,0,2020-04-28T00:00:00.000+05:30
Wallis and Futuna,WLF,Oceania,11246,deaths,0,2020-04-29T00:00:00.000+05:30
Wallis and Futuna,WLF,Oceania,11246,deaths,0,2020-04-30T00:00:00.000+05:30
Western Sahara,ESH,Africa,597330,confirmed cases,0,2020-04-01T00:00:00.000+05:30
Western Sahara,ESH,Africa,597330,confirmed cases,0,2020-04-02T00:00:00.000+05:30
Western Sahara,ESH,Africa,597330,confirmed cases,0,2020-04-03T00:00:00.000+05:30
Western Sahara,ESH,Africa,597330,confirmed cases,0,2020-04-04T00:00:00.000+05:30
Western Sahara,ESH,Africa,597330,confirmed cases,0,2020-04-05T00:00:00.000+05:30
Western Sahara,ESH,Africa,597330,confirmed cases,0,2020-04-06T00:00:00.000+05:30
Western Sahara,ESH,Africa,597330,confirmed cases,0,2020-04-07T00:00:00.000+05:30
Western Sahara,ESH,Africa,597330,confirmed cases,0,2020-04-08T00:00:00.000+05:30
Western Sahara,ESH,Africa,597330,confirmed cases,0,2020-04-09T00:00:00.000+05:30
Western Sahara,ESH,Africa,597330,confirmed cases,0,2020-04-10T00:00:00.000+05:30
Western Sahara,ESH,Africa,597330,confirmed cases,0,2020-04-11T00:00:00.000+05:30
Western Sahara,ESH,Africa,597330,confirmed cases,0,2020-04-12T00:00:00.000+05:30
Western Sahara,ESH,Africa,597330,confirmed cases,0,2020-04-13T00:00:00.000+05:30
Western Sahara,ESH,Africa,597330,confirmed cases,0,2020-04-14T00:00:00.000+05:30
Western Sahara,ESH,Africa,597330,confirmed cases,0,2020-04-15T00:00:00.000+05:30
Western Sahara,ESH,Africa,597330,confirmed cases,0,2020-04-16T00:00:00.000+05:30
Western Sahara,ESH,Africa,597330,confirmed cases,0,2020-04-17T00:00:00.000+05:30
Western Sahara,ESH,Africa,597330,confirmed cases,0,2020-04-18T00:00:00.000+05:30
Western Sahara,ESH,Africa,597330,confirmed cases,0,2020-04-19T00:00:00.000+05:30
Western Sahara,ESH,Africa,597330,confirmed cases,0,2020-04-20T00:00:00.000+05:30
Western Sahara,ESH,Africa,597330,confirmed cases,0,2020-04-21T00:00:00.000+05:30
Western Sahara,ESH,Africa,597330,confirmed cases,0,2020-04-22T00:00:00.000+05:30
Western Sahara,ESH,Africa,597330,confirmed cases,0,2020-04-23T00:00:00.000+05:30
Western Sahara,ESH,Africa,597330,confirmed cases,0,2020-04-24T00:00:00.000+05:30
Western Sahara,ESH,Africa,597330,confirmed cases,0,2020-04-25T00:00:00.000+05:30
Western Sahara,ESH,Africa,597330,confirmed cases,6,2020-04-26T00:00:00.000+05:30
Western Sahara,ESH,Africa,597330,confirmed cases,0,2020-04-27T00:00:00.000+05:30
Western Sahara,ESH,Africa,597330,confirmed cases,0,2020-04-28T00:00:00.000+05:30
Western Sahara,ESH,Africa,597330,confirmed cases,0,2020-04-29T00:00:00.000+05:30
Western Sahara,ESH,Africa,597330,confirmed cases,0,2020-04-30T00:00:00.000+05:30
Western Sahara,ESH,Africa,597330,deaths,0,2020-04-01T00:00:00.000+05:30
Western Sahara,ESH,Africa,597330,deaths,0,2020-04-02T00:00:00.000+05:30
Western Sahara,ESH,Africa,597330,deaths,0,2020-04-03T00:00:00.000+05:30
Western Sahara,ESH,Africa,597330,deaths,0,2020-04-04T00:00:00.000+05:30
Western Sahara,ESH,Africa,597330,deaths,0,2020-04-05T00:00:00.000+05:30
Western Sahara,ESH,Africa,597330,deaths,0,2020-04-06T00:00:00.000+05:30
Western Sahara,ESH,Africa,597330,deaths,0,2020-04-07T00:00:00.000+05:30
Western Sahara,ESH,Africa,597330,deaths,0,2020-04-08T00:00:00.000+05:30
Western Sahara,ESH,Africa,597330,deaths,0,2020-04-09T00:00:00.000+05:30
Western Sahara,ESH,Africa,597330,deaths,0,2020-04-10T00:00:00.000+05:30
Western Sahara,ESH,Africa,597330,deaths,0,2020-04-11T00:00:00.000+05:30
Western Sahara,ESH,Africa,597330,deaths,0,2020-04-12T00:00:00.000+05:30
Western Sahara,ESH,Africa,597330,deaths,0,2020-04-13T00:00:00.000+05:30
Western Sahara,ESH,Africa,597330,deaths,0,2020-04-14T00:00:00.000+05:30
Western Sahara,ESH,Africa,597330,deaths,0,2020-04-15T00:00:00.000+05:30
Western Sahara,ESH,Africa,597330,deaths,0,2020-04-16T00:00:00.000+05:30
Western Sahara,ESH,Africa,597330,deaths,0,2020-04-17T00:00:00.000+05:30
Western Sahara,ESH,Africa,597330,deaths,0,2020-04-18T00:00:00.000+05:30
Western Sahara,ESH,Africa,597330,deaths,0,2020-04-19T00:00:00.000+05:30
Western Sahara,ESH,Africa,597330,deaths,0,2020-04-20T00:00:00.000+05:30
Western Sahara,ESH,Africa,597330,deaths,0,2020-04-21T00:00:00.000+05:30
Western Sahara,ESH,Africa,597330,deaths,0,2020-04-22T00:00:00.000+05:30
Western Sahara,ESH,Africa,597330,deaths,0,2020-04-23T00:00:00.000+05:30
Western Sahara,ESH,Africa,597330,deaths,0,2020-04-24T00:00:00.000+05:30
Western Sahara,ESH,Africa,597330,deaths,0,2020-04-25T00:00:00.000+05:30
Western Sahara,ESH,Africa,597330,deaths,0,2020-04-26T00:00:00.000+05:30
Western Sahara,ESH,Africa,597330,deaths,0,2020-04-27T00:00:00.000+05:30
Western Sahara,ESH,Africa,597330,deaths,0,2020-04-28T00:00:00.000+05:30
Western Sahara,ESH,Africa,597330,deaths,0,2020-04-29T00:00:00.000+05:30
Western Sahara,ESH,Africa,597330,deaths,0,2020-04-30T00:00:00.000+05:30
Yemen,YEM,Asia,29825968,confirmed cases,0,2020-04-01T00:00:00.000+05:30
Yemen,YEM,Asia,29825968,confirmed cases,0,2020-04-02T00:00:00.000+05:30
Yemen,YEM,Asia,29825968,confirmed cases,0,2020-04-03T00:00:00.000+05:30
Yemen,YEM,Asia,29825968,confirmed cases,0,2020-04-04T00:00:00.000+05:30
Yemen,YEM,Asia,29825968,confirmed cases,0,2020-04-05T00:00:00.000+05:30
Yemen,YEM,Asia,29825968,confirmed cases,0,2020-04-06T00:00:00.000+05:30
Yemen,YEM,Asia,29825968,confirmed cases,0,2020-04-07T00:00:00.000+05:30
Yemen,YEM,Asia,29825968,confirmed cases,0,2020-04-08T00:00:00.000+05:30
Yemen,YEM,Asia,29825968,confirmed cases,0,2020-04-09T00:00:00.000+05:30
Yemen,YEM,Asia,29825968,confirmed cases,1,2020-04-10T00:00:00.000+05:30
Yemen,YEM,Asia,29825968,confirmed cases,0,2020-04-11T00:00:00.000+05:30
Yemen,YEM,Asia,29825968,confirmed cases,0,2020-04-12T00:00:00.000+05:30
Yemen,YEM,Asia,29825968,confirmed cases,0,2020-04-13T00:00:00.000+05:30
Yemen,YEM,Asia,29825968,confirmed cases,0,2020-04-14T00:00:00.000+05:30
Yemen,YEM,Asia,29825968,confirmed cases,0,2020-04-15T00:00:00.000+05:30
Yemen,YEM,Asia,29825968,confirmed cases,0,2020-04-16T00:00:00.000+05:30
Yemen,YEM,Asia,29825968,confirmed cases,0,2020-04-17T00:00:00.000+05:30
Yemen,YEM,Asia,29825968,confirmed cases,0,2020-04-18T00:00:00.000+05:30
Yemen,YEM,Asia,29825968,confirmed cases,0,2020-04-19T00:00:00.000+05:30
Yemen,YEM,Asia,29825968,confirmed cases,0,2020-04-20T00:00:00.000+05:30
Yemen,YEM,Asia,29825968,confirmed cases,0,2020-04-21T00:00:00.000+05:30
Yemen,YEM,Asia,29825968,confirmed cases,0,2020-04-22T00:00:00.000+05:30
Yemen,YEM,Asia,29825968,confirmed cases,0,2020-04-23T00:00:00.000+05:30
Yemen,YEM,Asia,29825968,confirmed cases,0,2020-04-24T00:00:00.000+05:30
Yemen,YEM,Asia,29825968,confirmed cases,0,2020-04-25T00:00:00.000+05:30
Yemen,YEM,Asia,29825968,confirmed cases,0,2020-04-26T00:00:00.000+05:30
Yemen,YEM,Asia,29825968,confirmed cases,0,2020-04-27T00:00:00.000+05:30
Yemen,YEM,Asia,29825968,confirmed cases,0,2020-04-28T00:00:00.000+05:30
Yemen,YEM,Asia,29825968,confirmed cases,0,2020-04-29T00:00:00.000+05:30
Yemen,YEM,Asia,29825968,confirmed cases,5,2020-04-30T00:00:00.000+05:30
Yemen,YEM,Asia,29825968,deaths,0,2020-04-01T00:00:00.000+05:30
Yemen,YEM,Asia,29825968,deaths,0,2020-04-02T00:00:00.000+05:30
Yemen,YEM,Asia,29825968,deaths,0,2020-04-03T00:00:00.000+05:30
Yemen,YEM,Asia,29825968,deaths,0,2020-04-04T00:00:00.000+05:30
Yemen,YEM,Asia,29825968,deaths,0,2020-04-05T00:00:00.000+05:30
Yemen,YEM,Asia,29825968,deaths,0,2020-04-06T00:00:00.000+05:30
Yemen,YEM,Asia,29825968,deaths,0,2020-04-07T00:00:00.000+05:30
Yemen,YEM,Asia,29825968,deaths,0,2020-04-08T00:00:00.000+05:30
Yemen,YEM,Asia,29825968,deaths,0,2020-04-09T00:00:00.000+05:30
Yemen,YEM,Asia,29825968,deaths,0,2020-04-10T00:00:00.000+05:30
Yemen,YEM,Asia,29825968,deaths,0,2020-04-11T00:00:00.000+05:30
Yemen,YEM,Asia,29825968,deaths,0,2020-04-12T00:00:00.000+05:30
Yemen,YEM,Asia,29825968,deaths,0,2020-04-13T00:00:00.000+05:30
Yemen,YEM,Asia,29825968,deaths,0,2020-04-14T00:00:00.000+05:30
Yemen,YEM,Asia,29825968,deaths,0,2020-04-15T00:00:00.000+05:30
Yemen,YEM,Asia,29825968,deaths,0,2020-04-16T00:00:00.000+05:30
Yemen,YEM,Asia,29825968,deaths,0,2020-04-17T00:00:00.000+05:30
Yemen,YEM,Asia,29825968,deaths,0,2020-04-18T00:00:00.000+05:30
Yemen,YEM,Asia,29825968,deaths,0,2020-04-19T00:00:00.000+05:30
Yemen,YEM,Asia,29825968,deaths,0,2020-04-20T00:00:00.000+05:30
Yemen,YEM,Asia,29825968,deaths,0,2020-04-21T00:00:00.000+05:30
Yemen,YEM,Asia,29825968,deaths,0,2020-04-22T00:00:00.000+05:30
Yemen,YEM,Asia,29825968,deaths,0,2020-04-23T00:00:00.000+05:30
Yemen,YEM,Asia,29825968,deaths,0,2020-04-24T00:00:00.000+05:30
Yemen,YEM,Asia,29825968,deaths,0,2020-04-25T00:00:00.000+05:30
Yemen,YEM,Asia,29825968,deaths,0,2020-04-26T00:00:00.000+05:30
Yemen,YEM,Asia,29825968,deaths,0,2020-04-27T00:00:00.000+05:30
Yemen,YEM,Asia,29825968,deaths,0,2020-04-28T00:00:00.000+05:30
Yemen,YEM,Asia,29825968,deaths,0,2020-04-29T00:00:00.000+05:30
Yemen,YEM,Asia,29825968,deaths,0,2020-04-30T00:00:00.000+05:30
Zambia,ZMB,Africa,18383956,confirmed cases,0,2020-04-01T00:00:00.000+05:30
Zambia,ZMB,Africa,18383956,confirmed cases,1,2020-04-02T00:00:00.000+05:30
Zambia,ZMB,Africa,18383956,confirmed cases,3,2020-04-03T00:00:00.000+05:30
Zambia,ZMB,Africa,18383956,confirmed cases,0,2020-04-04T00:00:00.000+05:30
Zambia,ZMB,Africa,18383956,confirmed cases,0,2020-04-05T00:00:00.000+05:30
Zambia,ZMB,Africa,18383956,confirmed cases,0,2020-04-06T00:00:00.000+05:30
Zambia,ZMB,Africa,18383956,confirmed cases,0,2020-04-07T00:00:00.000+05:30
Zambia,ZMB,Africa,18383956,confirmed cases,0,2020-04-08T00:00:00.000+05:30
Zambia,ZMB,Africa,18383956,confirmed cases,0,2020-04-09T00:00:00.000+05:30
Zambia,ZMB,Africa,18383956,confirmed cases,0,2020-04-10T00:00:00.000+05:30
Zambia,ZMB,Africa,18383956,confirmed cases,1,2020-04-11T00:00:00.000+05:30
Zambia,ZMB,Africa,18383956,confirmed cases,0,2020-04-12T00:00:00.000+05:30
Zambia,ZMB,Africa,18383956,confirmed cases,3,2020-04-13T00:00:00.000+05:30
Zambia,ZMB,Africa,18383956,confirmed cases,2,2020-04-14T00:00:00.000+05:30
Zambia,ZMB,Africa,18383956,confirmed cases,0,2020-04-15T00:00:00.000+05:30
Zambia,ZMB,Africa,18383956,confirmed cases,3,2020-04-16T00:00:00.000+05:30
Zambia,ZMB,Africa,18383956,confirmed cases,0,2020-04-17T00:00:00.000+05:30
Zambia,ZMB,Africa,18383956,confirmed cases,4,2020-04-18T00:00:00.000+05:30
Zambia,ZMB,Africa,18383956,confirmed cases,5,2020-04-19T00:00:00.000+05:30
Zambia,ZMB,Africa,18383956,confirmed cases,4,2020-04-20T00:00:00.000+05:30
Zambia,ZMB,Africa,18383956,confirmed cases,4,2020-04-21T00:00:00.000+05:30
Zambia,ZMB,Africa,18383956,confirmed cases,0,2020-04-22T00:00:00.000+05:30
Zambia,ZMB,Africa,18383956,confirmed cases,9,2020-04-23T00:00:00.000+05:30
Zambia,ZMB,Africa,18383956,confirmed cases,2,2020-04-24T00:00:00.000+05:30
Zambia,ZMB,Africa,18383956,confirmed cases,8,2020-04-25T00:00:00.000+05:30
Zambia,ZMB,Africa,18383956,confirmed cases,0,2020-04-26T00:00:00.000+05:30
Zambia,ZMB,Africa,18383956,confirmed cases,4,2020-04-27T00:00:00.000+05:30
Zambia,ZMB,Africa,18383956,confirmed cases,1,2020-04-28T00:00:00.000+05:30
Zambia,ZMB,Africa,18383956,confirmed cases,6,2020-04-29T00:00:00.000+05:30
Zambia,ZMB,Africa,18383956,confirmed cases,2,2020-04-30T00:00:00.000+05:30
Zambia,ZMB,Africa,18383956,deaths,0,2020-04-01T00:00:00.000+05:30
Zambia,ZMB,Africa,18383956,deaths,0,2020-04-02T00:00:00.000+05:30
Zambia,ZMB,Africa,18383956,deaths,1,2020-04-03T00:00:00.000+05:30
Zambia,ZMB,Africa,18383956,deaths,0,2020-04-04T00:00:00.000+05:30
Zambia,ZMB,Africa,18383956,deaths,0,2020-04-05T00:00:00.000+05:30
Zambia,ZMB,Africa,18383956,deaths,0,2020-04-06T00:00:00.000+05:30
Zambia,ZMB,Africa,18383956,deaths,0,2020-04-07T00:00:00.000+05:30
Zambia,ZMB,Africa,18383956,deaths,0,2020-04-08T00:00:00.000+05:30
Zambia,ZMB,Africa,18383956,deaths,0,2020-04-09T00:00:00.000+05:30
Zambia,ZMB,Africa,18383956,deaths,0,2020-04-10T00:00:00.000+05:30
Zambia,ZMB,Africa,18383956,deaths,1,2020-04-11T00:00:00.000+05:30
Zambia,ZMB,Africa,18383956,deaths,0,2020-04-12T00:00:00.000+05:30
Zambia,ZMB,Africa,18383956,deaths,0,2020-04-13T00:00:00.000+05:30
Zambia,ZMB,Africa,18383956,deaths,0,2020-04-14T00:00:00.000+05:30
Zambia,ZMB,Africa,18383956,deaths,0,2020-04-15T00:00:00.000+05:30
Zambia,ZMB,Africa,18383956,deaths,0,2020-04-16T00:00:00.000+05:30
Zambia,ZMB,Africa,18383956,deaths,0,2020-04-17T00:00:00.000+05:30
Zambia,ZMB,Africa,18383956,deaths,0,2020-04-18T00:00:00.000+05:30
Zambia,ZMB,Africa,18383956,deaths,0,2020-04-19T00:00:00.000+05:30
Zambia,ZMB,Africa,18383956,deaths,1,2020-04-20T00:00:00.000+05:30
Zambia,ZMB,Africa,18383956,deaths,0,2020-04-21T00:00:00.000+05:30
Zambia,ZMB,Africa,18383956,deaths,0,2020-04-22T00:00:00.000+05:30
Zambia,ZMB,Africa,18383956,deaths,0,2020-04-23T00:00:00.000+05:30
Zambia,ZMB,Africa,18383956,deaths,0,2020-04-24T00:00:00.000+05:30
Zambia,ZMB,Africa,18383956,deaths,0,2020-04-25T00:00:00.000+05:30
Zambia,ZMB,Africa,18383956,deaths,0,2020-04-26T00:00:00.000+05:30
Zambia,ZMB,Africa,18383956,deaths,0,2020-04-27T00:00:00.000+05:30
Zambia,ZMB,Africa,18383956,deaths,0,2020-04-28T00:00:00.000+05:30
Zambia,ZMB,Africa,18383956,deaths,0,2020-04-29T00:00:00.000+05:30
Zambia,ZMB,Africa,18383956,deaths,0,2020-04-30T00:00:00.000+05:30
Zimbabwe,ZWE,Africa,14862927,confirmed cases,1,2020-04-01T00:00:00.000+05:30
Zimbabwe,ZWE,Africa,14862927,confirmed cases,0,2020-04-02T00:00:00.000+05:30
Zimbabwe,ZWE,Africa,14862927,confirmed cases,0,2020-04-03T00:00:00.000+05:30
Zimbabwe,ZWE,Africa,14862927,confirmed cases,1,2020-04-04T00:00:00.000+05:30
Zimbabwe,ZWE,Africa,14862927,confirmed cases,0,2020-04-05T00:00:00.000+05:30
Zimbabwe,ZWE,Africa,14862927,confirmed cases,0,2020-04-06T00:00:00.000+05:30
Zimbabwe,ZWE,Africa,14862927,confirmed cases,0,2020-04-07T00:00:00.000+05:30
Zimbabwe,ZWE,Africa,14862927,confirmed cases,1,2020-04-08T00:00:00.000+05:30
Zimbabwe,ZWE,Africa,14862927,confirmed cases,1,2020-04-09T00:00:00.000+05:30
Zimbabwe,ZWE,Africa,14862927,confirmed cases,0,2020-04-10T00:00:00.000+05:30
Zimbabwe,ZWE,Africa,14862927,confirmed cases,0,2020-04-11T00:00:00.000+05:30
Zimbabwe,ZWE,Africa,14862927,confirmed cases,3,2020-04-12T00:00:00.000+05:30
Zimbabwe,ZWE,Africa,14862927,confirmed cases,0,2020-04-13T00:00:00.000+05:30
Zimbabwe,ZWE,Africa,14862927,confirmed cases,3,2020-04-14T00:00:00.000+05:30
Zimbabwe,ZWE,Africa,14862927,confirmed cases,0,2020-04-15T00:00:00.000+05:30
Zimbabwe,ZWE,Africa,14862927,confirmed cases,6,2020-04-16T00:00:00.000+05:30
Zimbabwe,ZWE,Africa,14862927,confirmed cases,1,2020-04-17T00:00:00.000+05:30
Zimbabwe,ZWE,Africa,14862927,confirmed cases,0,2020-04-18T00:00:00.000+05:30
Zimbabwe,ZWE,Africa,14862927,confirmed cases,1,2020-04-19T00:00:00.000+05:30
Zimbabwe,ZWE,Africa,14862927,confirmed cases,0,2020-04-20T00:00:00.000+05:30
Zimbabwe,ZWE,Africa,14862927,confirmed cases,0,2020-04-21T00:00:00.000+05:30
Zimbabwe,ZWE,Africa,14862927,confirmed cases,3,2020-04-22T00:00:00.000+05:30
Zimbabwe,ZWE,Africa,14862927,confirmed cases,0,2020-04-23T00:00:00.000+05:30
Zimbabwe,ZWE,Africa,14862927,confirmed cases,1,2020-04-24T00:00:00.000+05:30
Zimbabwe,ZWE,Africa,14862927,confirmed cases,0,2020-04-25T00:00:00.000+05:30
Zimbabwe,ZWE,Africa,14862927,confirmed cases,2,2020-04-26T00:00:00.000+05:30
Zimbabwe,ZWE,Africa,14862927,confirmed cases,0,2020-04-27T00:00:00.000+05:30
Zimbabwe,ZWE,Africa,14862927,confirmed cases,1,2020-04-28T00:00:00.000+05:30
Zimbabwe,ZWE,Africa,14862927,confirmed cases,0,2020-04-29T00:00:00.000+05:30
Zimbabwe,ZWE,Africa,14862927,confirmed cases,2,2020-04-30T00:00:00.000+05:30
Zimbabwe,ZWE,Africa,14862927,deaths,0,2020-04-01T00:00:00.000+05:30
Zimbabwe,ZWE,Africa,14862927,deaths,0,2020-04-02T00:00:00.000+05:30
Zimbabwe,ZWE,Africa,14862927,deaths,0,2020-04-03T00:00:00.000+05:30
Zimbabwe,ZWE,Africa,14862927,deaths,0,2020-04-04T00:00:00.000+05:30
Zimbabwe,ZWE,Africa,14862927,deaths,0,2020-04-05T00:00:00.000+05:30
Zimbabwe,ZWE,Africa,14862927,deaths,0,2020-04-06T00:00:00.000+05:30
Zimbabwe,ZWE,Africa,14862927,deaths,0,2020-04-07T00:00:00.000+05:30
Zimbabwe,ZWE,Africa,14862927,deaths,0,2020-04-08T00:00:00.000+05:30
Zimbabwe,ZWE,Africa,14862927,deaths,1,2020-04-09T00:00:00.000+05:30
Zimbabwe,ZWE,Africa,14862927,deaths,1,2020-04-10T00:00:00.000+05:30
Zimbabwe,ZWE,Africa,14862927,deaths,0,2020-04-11T00:00:00.000+05:30
Zimbabwe,ZWE,Africa,14862927,deaths,0,2020-04-12T00:00:00.000+05:30
Zimbabwe,ZWE,Africa,14862927,deaths,0,2020-04-13T00:00:00.000+05:30
Zimbabwe,ZWE,Africa,14862927,deaths,0,2020-04-14T00:00:00.000+05:30
Zimbabwe,ZWE,Africa,14862927,deaths,0,2020-04-15T00:00:00.000+05:30
Zimbabwe,ZWE,Africa,14862927,deaths,0,2020-04-16T00:00:00.000+05:30
Zimbabwe,ZWE,Africa,14862927,deaths,0,2020-04-17T00:00:00.000+05:30
Zimbabwe,ZWE,Africa,14862927,deaths,0,2020-04-18T00:00:00.000+05:30
Zimbabwe,ZWE,Africa,14862927,deaths,0,2020-04-19T00:00:00.000+05:30
Zimbabwe,ZWE,Africa,14862927,deaths,0,2020-04-20T00:00:00.000+05:30
Zimbabwe,ZWE,Africa,14862927,deaths,0,2020-04-21T00:00:00.000+05:30
Zimbabwe,ZWE,Africa,14862927,deaths,0,2020-04-22T00:00:00.000+05:30
Zimbabwe,ZWE,Africa,14862927,deaths,0,2020-04-23T00:00:00.000+05:30
Zimbabwe,ZWE,Africa,14862927,deaths,0,2020-04-24T00:00:00.000+05:30
Zimbabwe,ZWE,Africa,14862927,deaths,1,2020-04-25T00:00:00.000+05:30
Zimbabwe,ZWE,Africa,14862927,deaths,0,2020-04-26T00:00:00.000+05:30
Zimbabwe,ZWE,Africa,14862927,deaths,0,2020-04-27T00:00:00.000+05:30
Zimbabwe,ZWE,Africa,14862927,deaths,0,2020-04-28T00:00:00.000+05:30
Zimbabwe,ZWE,Africa,14862927,deaths,0,2020-04-29T00:00:00.000+05:30
Zimbabwe,ZWE,Africa,14862927,deaths,0,2020-04-30T00:00:00.000+05:30
