Venezuela,VEN,America,28435943,confirmed cases,0,2020-01-02T00:00:00.000+05:30
Venezuela,VEN,America,28435943,confirmed cases,0,2020-01-03T00:00:00.000+05:30
Venezuela,VEN,America,28435943,confirmed cases,0,2020-01-04T00:00:00.000+05:30
Venezuela,VEN,America,28435943,confirmed cases,0,2020-01-05T00:00:00.000+05:30
Venezuela,VEN,America,28435943,confirmed cases,0,2020-01-06T00:00:00.000+05:30
Venezuela,VEN,America,28435943,confirmed cases,0,2020-01-07T00:00:00.000+05:30
Venezuela,VEN,America,28435943,confirmed cases,0,2020-01-08T00:00:00.000+05:30
Venezuela,VEN,America,28435943,confirmed cases,0,2020-01-09T00:00:00.000+05:30
Venezuela,VEN,America,28435943,confirmed cases,0,2020-01-10T00:00:00.000+05:30
Venezuela,VEN,America,28435943,confirmed cases,0,2020-01-11T00:00:00.000+05:30
Venezuela,VEN,America,28435943,confirmed cases,0,2020-01-12T00:00:00.000+05:30
Venezuela,VEN,America,28435943,confirmed cases,0,2020-01-13T00:00:00.000+05:30
Venezuela,VEN,America,28435943,confirmed cases,0,2020-01-14T00:00:00.000+05:30
Venezuela,VEN,America,28435943,confirmed cases,0,2020-01-15T00:00:00.000+05:30
Venezuela,VEN,America,28435943,confirmed cases,0,2020-01-16T00:00:00.000+05:30
Venezuela,VEN,America,28435943,confirmed cases,0,2020-01-17T00:00:00.000+05:30
Venezuela,VEN,America,28435943,confirmed cases,0,2020-01-18T00:00:00.000+05:30
Venezuela,VEN,America,28435943,confirmed cases,0,2020-01-19T00:00:00.000+05:30
Venezuela,VEN,America,28435943,confirmed cases,0,2020-01-20T00:00:00.000+05:30
Venezuela,VEN,America,28435943,confirmed cases,0,2020-01-21T00:00:00.000+05:30
Venezuela,VEN,America,28435943,confirmed cases,0,2020-01-22T00:00:00.000+05:30
Venezuela,VEN,America,28435943,confirmed cases,0,2020-01-23T00:00:00.000+05:30
Venezuela,VEN,America,28435943,confirmed cases,0,2020-01-24T00:00:00.000+05:30
Venezuela,VEN,America,28435943,confirmed cases,0,2020-01-25T00:00:00.000+05:30
Venezuela,VEN,America,28435943,confirmed cases,0,2020-01-26T00:00:00.000+05:30
Venezuela,VEN,America,28435943,confirmed cases,0,2020-01-27T00:00:00.000+05:30
Venezuela,VEN,America,28435943,confirmed cases,0,2020-01-28T00:00:00.000+05:30
Venezuela,VEN,America,28435943,confirmed cases,0,2020-01-29T00:00:00.000+05:30
Venezuela,VEN,America,28435943,confirmed cases,0,2020-01-30T00:00:00.000+05:30
Venezuela,VEN,America,28435943,confirmed cases,0,2020-01-31T00:00:00.000+05:30
Venezuela,VEN,America,28435943,deaths,0,2020-01-02T00:00:00.000+05:30
Venezuela,VEN,America,28435943,deaths,0,2020-01-03T00:00:00.000+05:30
Venezuela,VEN,America,28435943,deaths,0,2020-01-04T00:00:00.000+05:30
Venezuela,VEN,America,28435943,deaths,0,2020-01-05T00:00:00.000+05:30
Venezuela,VEN,America,28435943,deaths,0,2020-01-06T00:00:00.000+05:30
Venezuela,VEN,America,28435943,deaths,0,2020-01-07T00:00:00.000+05:30
Venezuela,VEN,America,28435943,deaths,0,2020-01-08T00:00:00.000+05:30
Venezuela,VEN,America,28435943,deaths,0,2020-01-09T00:00:00.000+05:30
Venezuela,VEN,America,28435943,deaths,0,2020-01-10T00:00:00.000+05:30
Venezuela,VEN,America,28435943,deaths,0,2020-01-11T00:00:00.000+05:30
Venezuela,VEN,America,28435943,deaths,0,2020-01-12T00:00:00.000+05:30
Venezuela,VEN,America,28435943,deaths,0,2020-01-13T00:00:00.000+05:30
Venezuela,VEN,America,28435943,deaths,0,2020-01-14T00:00:00.000+05:30
Venezuela,VEN,America,28435943,deaths,0,2020-01-15T00:00:00.000+05:30
Venezuela,VEN,America,28435943,deaths,0,2020-01-16T00:00:00.000+05:30
Venezuela,VEN,America,28435943,deaths,0,2020-01-17T00:00:00.000+05:30
Venezuela,VEN,America,28435943,deaths,0,2020-01-18T00:00:00.000+05:30
Venezuela,VEN,America,28435943,deaths,0,2020-01-19T00:00:00.000+05:30
Venezuela,VEN,America,28435943,deaths,0,2020-01-20T00:00:00.000+05:30
Venezuela,VEN,America,28435943,deaths,0,2020-01-21T00:00:00.000+05:30
Venezuela,VEN,America,28435943,deaths,0,2020-01-22T00:00:00.000+05:30
Venezuela,VEN,America,28435943,deaths,0,2020-01-23T00:00:00.000+05:30
Venezuela,VEN,America,28435943,deaths,0,2020-01-24T00:00:00.000+05:30
Venezuela,VEN,America,28435943,deaths,0,2020-01-25T00:00:00.000+05:30
Venezuela,VEN,America,28435943,deaths,0,2020-01-26T00:00:00.000+05:30
Venezuela,VEN,America,28435943,deaths,0,2020-01-27T00:00:00.000+05:30
Venezuela,VEN,America,28435943,deaths,0,2020-01-28T00:00:00.000+05:30
Venezuela,VEN,America,28435943,deaths,0,2020-01-29T00:00:00.000+05:30
Venezuela,VEN,America,28435943,deaths,0,2020-01-30T00:00:00.000+05:30
Venezuela,VEN,America,28435943,deaths,0,2020-01-31T00:00:00.000+05:30
Vietnam,VNM,Asia,97338583,confirmed cases,0,2020-01-02T00:00:00.000+05:30
Vietnam,VNM,Asia,97338583,confirmed cases,0,2020-01-03T00:00:00.000+05:30
Vietnam,VNM,Asia,97338583,confirmed cases,0,2020-01-04T00:00:00.000+05:30
Vietnam,VNM,Asia,97338583,confirmed cases,0,2020-01-05T00:00:00.000+05:30
Vietnam,VNM,Asia,97338583,confirmed cases,0,2020-01-06T00:00:00.000+05:30
Vietnam,VNM,Asia,97338583,confirmed cases,0,2020-01-07T00:00:00.000+05:30
Vietnam,VNM,Asia,97338583,confirmed cases,0,2020-01-08T00:00:00.000+05:30
Vietnam,VNM,Asia,97338583,confirmed cases,0,2020-01-09T00:00:00.000+05:30
Vietnam,VNM,Asia,97338583,confirmed cases,0,2020-01-10T00:00:00.000+05:30
Vietnam,VNM,Asia,97338583,confirmed cases,0,2020-01-11T00:00:00.000+05:30
Vietnam,VNM,Asia,97338583,confirmed cases,0,2020-01-12T00:00:00.000+05:30
Vietnam,VNM,Asia,97338583,confirmed cases,0,2020-01-13T00:00:00.000+05:30
Vietnam,VNM,Asia,97338583,confirmed cases,0,2020-01-14T00:00:00.000+05:30
Vietnam,VNM,Asia,97338583,confirmed cases,0,2020-01-15T00:00:00.000+05:30
Vietnam,VNM,Asia,97338583,confirmed cases,0,2020-01-16T00:00:00.000+05:30
Vietnam,VNM,Asia,97338583,confirmed cases,0,2020-01-17T00:00:00.000+05:30
Vietnam,VNM,Asia,97338583,confirmed cases,0,2020-01-18T00:00:00.000+05:30
Vietnam,VNM,Asia,97338583,confirmed cases,0,2020-01-19T00:00:00.000+05:30
Vietnam,VNM,Asia,97338583,confirmed cases,0,2020-01-20T00:00:00.000+05:30
Vietnam,VNM,Asia,97338583,confirmed cases,0,2020-01-21T00:00:00.000+05:30
Vietnam,VNM,Asia,97338583,confirmed cases,0,2020-01-22T00:00:00.000+05:30
Vietnam,VNM,Asia,97338583,confirmed cases,0,2020-01-23T00:00:00.000+05:30
Vietnam,VNM,Asia,97338583,confirmed cases,2,2020-01-24T00:00:00.000+05:30
Vietnam,VNM,Asia,97338583,confirmed cases,0,2020-01-25T00:00:00.000+05:30
Vietnam,VNM,Asia,97338583,confirmed cases,0,2020-01-26T00:00:00.000+05:30
Vietnam,VNM,Asia,97338583,confirmed cases,0,2020-01-27T00:00:00.000+05:30
Vietnam,VNM,Asia,97338583,confirmed cases,0,2020-01-28T00:00:00.000+05:30
Vietnam,VNM,Asia,97338583,confirmed cases,0,2020-01-29T00:00:00.000+05:30
Vietnam,VNM,Asia,97338583,confirmed cases,0,2020-01-30T00:00:00.000+05:30
Vietnam,VNM,Asia,97338583,confirmed cases,3,2020-01-31T00:00:00.000+05:30
Vietnam,VNM,Asia,97338583,deaths,0,2020-01-02T00:00:00.000+05:30
Vietnam,VNM,Asia,97338583,deaths,0,2020-01-03T00:00:00.000+05:30
Vietnam,VNM,Asia,97338583,deaths,0,2020-01-04T00:00:00.000+05:30
Vietnam,VNM,Asia,97338583,deaths,0,2020-01-05T00:00:00.000+05:30
Vietnam,VNM,Asia,97338583,deaths,0,2020-01-06T00:00:00.000+05:30
Vietnam,VNM,Asia,97338583,deaths,0,2020-01-07T00:00:00.000+05:30
Vietnam,VNM,Asia,97338583,deaths,0,2020-01-08T00:00:00.000+05:30
Vietnam,VNM,Asia,97338583,deaths,0,2020-01-09T00:00:00.000+05:30
Vietnam,VNM,Asia,97338583,deaths,0,2020-01-10T00:00:00.000+05:30
Vietnam,VNM,Asia,97338583,deaths,0,2020-01-11T00:00:00.000+05:30
Vietnam,VNM,Asia,97338583,deaths,0,2020-01-12T00:00:00.000+05:30
Vietnam,VNM,Asia,97338583,deaths,0,2020-01-13T00:00:00.000+05:30
Vietnam,VNM,Asia,97338583,deaths,0,2020-01-14T00:00:00.000+05:30
Vietnam,VNM,Asia,97338583,deaths,0,2020-01-15T00:00:00.000+05:30
Vietnam,VNM,Asia,97338583,deaths,0,2020-01-16T00:00:00.000+05:30
Vietnam,VNM,Asia,97338583,deaths,0,2020-01-17T00:00:00.000+05:30
Vietnam,VNM,Asia,97338583,deaths,0,2020-01-18T00:00:00.000+05:30
Vietnam,VNM,Asia,97338583,deaths,0,2020-01-19T00:00:00.000+05:30
Vietnam,VNM,Asia,97338583,deaths,0,2020-01-20T00:00:00.000+05:30
Vietnam,VNM,Asia,97338583,deaths,0,2020-01-21T00:00:00.000+05:30
Vietnam,VNM,Asia,97338583,deaths,0,2020-01-22T00:00:00.000+05:30
Vietnam,VNM,Asia,97338583,deaths,0,2020-01-23T00:00:00.000+05:30
Vietnam,VNM,Asia,97338583,deaths,0,2020-01-24T00:00:00.000+05:30
Vietnam,VNM,Asia,97338583,deaths,0,2020-01-25T00:00:00.000+05:30
Vietnam,VNM,Asia,97338583,deaths,0,2020-01-26T00:00:00.000+05:30
Vietnam,VNM,Asia,97338583,deaths,0,2020-01-27T00:00:00.000+05:30
Vietnam,VNM,Asia,97338583,deaths,0,2020-01-28T00:00:00.000+05:30
Vietnam,VNM,Asia,97338583,deaths,0,2020-01-29T00:00:00.000+05:30
Vietnam,VNM,Asia,97338583,deaths,0,2020-01-30T00:00:00.000+05:30
Vietnam,VNM,Asia,97338583,deaths,0,2020-01-31T00:00:00.000+05:30
Wallis and Futuna,WLF,Oceania,11246,confirmed cases,0,2020-01-02T00:00:00.000+05:30
Wallis and Futuna,WLF,Oceania,11246,confirmed cases,0,2020-01-03T00:00:00.000+05:30
Wallis and Futuna,WLF,Oceania,11246,confirmed cases,0,2020-01-04T00:00:00.000+05:30
Wallis and Futuna,WLF,Oceania,11246,confirmed cases,0,2020-01-05T00:00:00.000+05:30
Wallis and Futuna,WLF,Oceania,11246,confirmed cases,0,2020-01-06T00:00:00.000+05:30
Wallis and Futuna,WLF,Oceania,11246,confirmed cases,0,2020-01-07T00:00:00.000+05:30
Wallis and Futuna,WLF,Oceania,11246,confirmed cases,0,2020-01-08T00:00:00.000+05:30
Wallis and Futuna,WLF,Oceania,11246,confirmed cases,0,2020-01-09T00:00:00.000+05:30
Wallis and Futuna,WLF,Oceania,11246,confirmed cases,0,2020-01-10T00:00:00.000+05:30
Wallis and Futuna,WLF,Oceania,11246,confirmed cases,0,2020-01-11T00:00:00.000+05:30
Wallis and Futuna,WLF,Oceania,11246,confirmed cases,0,2020-01-12T00:00:00.000+05:30
Wallis and Futuna,WLF,Oceania,11246,confirmed cases,0,2020-01-13T00:00:00.000+05:30
Wallis and Futuna,WLF,Oceania,11246,confirmed cases,0,2020-01-14T00:00:00.000+05:30
Wallis and Futuna,WLF,Oceania,11246,confirmed cases,0,2020-01-15T00:00:00.000+05:30
Wallis and Futuna,WLF,Oceania,11246,confirmed cases,0,2020-01-16T00:00:00.000+05:30
Wallis and Futuna,WLF,Oceania,11246,confirmed cases,0,2020-01-17T00:00:00.000+05:30
Wallis and Futuna,WLF,Oceania,11246,confirmed cases,0,2020-01-18T00:00:00.000+05:30
Wallis and Futuna,WLF,Oceania,11246,confirmed cases,0,2020-01-19T00:00:00.000+05:30
Wallis and Futuna,WLF,Oceania,11246,confirmed cases,0,2020-01-20T00:00:00.000+05:30
Wallis and Futuna,WLF,Oceania,11246,confirmed cases,0,2020-01-21T00:00:00.000+05:30
Wallis and Futuna,WLF,Oceania,11246,confirmed cases,0,2020-01-22T00:00:00.000+05:30
Wallis and Futuna,WLF,Oceania,11246,confirmed cases,0,2020-01-23T00:00:00.000+05:30
Wallis and Futuna,WLF,Oceania,11246,confirmed cases,0,2020-01-24T00:00:00.000+05:30
Wallis and Futuna,WLF,Oceania,11246,confirmed cases,0,2020-01-25T00:00:00.000+05:30
Wallis and Futuna,WLF,Oceania,11246,confirmed cases,0,2020-01-26T00:00:00.000+05:30
Wallis and Futuna,WLF,Oceania,11246,confirmed cases,0,2020-01-27T00:00:00.000+05:30
Wallis and Futuna,WLF,Oceania,11246,confirmed cases,0,2020-01-28T00:00:00.000+05:30
Wallis and Futuna,WLF,Oceania,11246,confirmed cases,0,2020-01-29T00:00:00.000+05:30
Wallis and Futuna,WLF,Oceania,11246,confirmed cases,0,2020-01-30T00:00:00.000+05:30
Wallis and Futuna,WLF,Oceania,11246,confirmed cases,0,2020-01-31T00:00:00.000+05:30
Wallis and Futuna,WLF,Oceania,11246,deaths,0,2020-01-02T00:00:00.000+05:30
Wallis and Futuna,WLF,Oceania,11246,deaths,0,2020-01-03T00:00:00.000+05:30
Wallis and Futuna,WLF,Oceania,11246,deaths,0,2020-01-04T00:00:00.000+05:30
Wallis and Futuna,WLF,Oceania,11246,deaths,0,2020-01-05T00:00:00.000+05:30
Wallis and Futuna,WLF,Oceania,11246,deaths,0,2020-01-06T00:00:00.000+05:30
Wallis and Futuna,WLF,Oceania,11246,deaths,0,2020-01-07T00:00:00.000+05:30
Wallis and Futuna,WLF,Oceania,11246,deaths,0,2020-01-08T00:00:00.000+05:30
Wallis and Futuna,WLF,Oceania,11246,deaths,0,2020-01-09T00:00:00.000+05:30
Wallis and Futuna,WLF,Oceania,11246,deaths,0,2020-01-10T00:00:00.000+05:30
Wallis and Futuna,WLF,Oceania,11246,deaths,0,2020-01-11T00:00:00.000+05:30
Wallis and Futuna,WLF,Oceania,11246,deaths,0,2020-01-12T00:00:00.000+05:30
Wallis and Futuna,WLF,Oceania,11246,deaths,0,2020-01-13T00:00:00.000+05:30
Wallis and Futuna,WLF,Oceania,11246,deaths,0,2020-01-14T00:00:00.000+05:30
Wallis and Futuna,WLF,Oceania,11246,deaths,0,2020-01-15T00:00:00.000+05:30
Wallis and Futuna,WLF,Oceania,11246,deaths,0,2020-01-16T00:00:00.000+05:30
Wallis and Futuna,WLF,Oceania,11246,deaths,0,2020-01-17T00:00:00.000+05:30
Wallis and Futuna,WLF,Oceania,11246,deaths,0,2020-01-18T00:00:00.000+05:30
Wallis and Futuna,WLF,Oceania,11246,deaths,0,2020-01-19T00:00:00.000+05:30
Wallis and Futuna,WLF,Oceania,11246,deaths,0,2020-01-20T00:00:00.000+05:30
Wallis and Futuna,WLF,Oceania,11246,deaths,0,2020-01-21T00:00:00.000+05:30
Wallis and Futuna,WLF,Oceania,11246,deaths,0,2020-01-22T00:00:00.000+05:30
Wallis and Futuna,WLF,Oceania,11246,deaths,0,2020-01-23T00:00:00.000+05:30
Wallis and Futuna,WLF,Oceania,11246,deaths,0,2020-01-24T00:00:00.000+05:30
Wallis and Futuna,WLF,Oceania,11246,deaths,0,2020-01-25T00:00:00.000+05:30
Wallis and Futuna,WLF,Oceania,11246,deaths,0,2020-01-26T00:00:00.000+05:30
Wallis and Futuna,WLF,Oceania,11246,deaths,0,2020-01-27T00:00:00.000+05:30
Wallis and Futuna,WLF,Oceania,11246,deaths,0,2020-01-28T00:00:00.000+05:30
Wallis and Futuna,WLF,Oceania,11246,deaths,0,2020-01-29T00:00:00.000+05:30
Wallis and Futuna,WLF,Oceania,11246,deaths,0,2020-01-30T00:00:00.000+05:30
Wallis and Futuna,WLF,Oceania,11246,deaths,0,2020-01-31T00:00:00.000+05:30
Western Sahara,ESH,Africa,597330,confirmed cases,0,2020-01-02T00:00:00.000+05:30
Western Sahara,ESH,Africa,597330,confirmed cases,0,2020-01-03T00:00:00.000+05:30
Western Sahara,ESH,Africa,597330,confirmed cases,0,2020-01-04T00:00:00.000+05:30
Western Sahara,ESH,Africa,597330,confirmed cases,0,2020-01-05T00:00:00.000+05:30
Western Sahara,ESH,Africa,597330,confirmed cases,0,2020-01-06T00:00:00.000+05:30
Western Sahara,ESH,Africa,597330,confirmed cases,0,2020-01-07T00:00:00.000+05:30
Western Sahara,ESH,Africa,597330,confirmed cases,0,2020-01-08T00:00:00.000+05:30
Western Sahara,ESH,Africa,597330,confirmed cases,0,2020-01-09T00:00:00.000+05:30
Western Sahara,ESH,Africa,597330,confirmed cases,0,2020-01-10T00:00:00.000+05:30
Western Sahara,ESH,Africa,597330,confirmed cases,0,2020-01-11T00:00:00.000+05:30
Western Sahara,ESH,Africa,597330,confirmed cases,0,2020-01-12T00:00:00.000+05:30
Western Sahara,ESH,Africa,597330,confirmed cases,0,2020-01-13T00:00:00.000+05:30
Western Sahara,ESH,Africa,597330,confirmed cases,0,2020-01-14T00:00:00.000+05:30
Western Sahara,ESH,Africa,597330,confirmed cases,0,2020-01-15T00:00:00.000+05:30
Western Sahara,ESH,Africa,597330,confirmed cases,0,2020-01-16T00:00:00.000+05:30
Western Sahara,ESH,Africa,597330,confirmed cases,0,2020-01-17T00:00:00.000+05:30
Western Sahara,ESH,Africa,597330,confirmed cases,0,2020-01-18T00:00:00.000+05:30
Western Sahara,ESH,Africa,597330,confirmed cases,0,2020-01-19T00:00:00.000+05:30
Western Sahara,ESH,Africa,597330,confirmed cases,0,2020-01-20T00:00:00.000+05:30
Western Sahara,ESH,Africa,597330,confirmed cases,0,2020-01-21T00:00:00.000+05:30
Western Sahara,ESH,Africa,597330,confirmed cases,0,2020-01-22T00:00:00.000+05:30
Western Sahara,ESH,Africa,597330,confirmed cases,0,2020-01-23T00:00:00.000+05:30
Western Sahara,ESH,Africa,597330,confirmed cases,0,2020-01-24T00:00:00.000+05:30
Western Sahara,ESH,Africa,597330,confirmed cases,0,2020-01-25T00:00:00.000+05:30
Western Sahara,ESH,Africa,597330,confirmed cases,0,2020-01-26T00:00:00.000+05:30
Western Sahara,ESH,Africa,597330,confirmed cases,0,2020-01-27T00:00:00.000+05:30
Western Sahara,ESH,Africa,597330,confirmed cases,0,2020-01-28T00:00:00.000+05:30
Western Sahara,ESH,Africa,597330,confirmed cases,0,2020-01-29T00:00:00.000+05:30
Western Sahara,ESH,Africa,597330,confirmed cases,0,2020-01-30T00:00:00.000+05:30
Western Sahara,ESH,Africa,597330,confirmed cases,0,2020-01-31T00:00:00.000+05:30
Western Sahara,ESH,Africa,597330,deaths,0,2020-01-02T00:00:00.000+05:30
Western Sahara,ESH,Africa,597330,deaths,0,2020-01-03T00:00:00.000+05:30
Western Sahara,ESH,Africa,597330,deaths,0,2020-01-04T00:00:00.000+05:30
Western Sahara,ESH,Africa,597330,deaths,0,2020-01-05T00:00:00.000+05:30
Western Sahara,ESH,Africa,597330,deaths,0,2020-01-06T00:00:00.000+05:30
Western Sahara,ESH,Africa,597330,deaths,0,2020-01-07T00:00:00.000+05:30
Western Sahara,ESH,Africa,597330,deaths,0,2020-01-08T00:00:00.000+05:30
Western Sahara,ESH,Africa,597330,deaths,0,2020-01-09T00:00:00.000+05:30
Western Sahara,ESH,Africa,597330,deaths,0,2020-01-10T00:00:00.000+05:30
Western Sahara,ESH,Africa,597330,deaths,0,2020-01-11T00:00:00.000+05:30
Western Sahara,ESH,Africa,597330,deaths,0,2020-01-12T00:00:00.000+05:30
Western Sahara,ESH,Africa,597330,deaths,0,2020-01-13T00:00:00.000+05:30
Western Sahara,ESH,Africa,597330,deaths,0,2020-01-14T00:00:00.000+05:30
Western Sahara,ESH,Africa,597330,deaths,0,2020-01-15T00:00:00.000+05:30
Western Sahara,ESH,Africa,597330,deaths,0,2020-01-16T00:00:00.000+05:30
Western Sahara,ESH,Africa,597330,deaths,0,2020-01-17T00:00:00.000+05:30
Western Sahara,ESH,Africa,597330,deaths,0,2020-01-18T00:00:00.000+05:30
Western Sahara,ESH,Africa,597330,deaths,0,2020-01-19T00:00:00.000+05:30
Western Sahara,ESH,Africa,597330,deaths,0,2020-01-20T00:00:00.000+05:30
Western Sahara,ESH,Africa,597330,deaths,0,2020-01-21T00:00:00.000+05:30
Western Sahara,ESH,Africa,597330,deaths,0,2020-01-22T00:00:00.000+05:30
Western Sahara,ESH,Africa,597330,deaths,0,2020-01-23T00:00:00.000+05:30
Western Sahara,ESH,Africa,597330,deaths,0,2020-01-24T00:00:00.000+05:30
Western Sahara,ESH,Africa,597330,deaths,0,2020-01-25T00:00:00.000+05:30
Western Sahara,ESH,Africa,597330,deaths,0,2020-01-26T00:00:00.000+05:30
Western Sahara,ESH,Africa,597330,deaths,0,2020-01-27T00:00:00.000+05:30
Western Sahara,ESH,Africa,597330,deaths,0,2020-01-28T00:00:00.000+05:30
Western Sahara,ESH,Africa,597330,deaths,0,2020-01-29T00:00:00.000+05:30
Western Sahara,ESH,Africa,597330,deaths,0,2020-01-30T00:00:00.000+05:30
Western Sahara,ESH,Africa,597330,deaths,0,2020-01-31T00:00:00.000+05:30
Yemen,YEM,Asia,29825968,confirmed cases,0,2020-01-02T00:00:00.000+05:30
Yemen,YEM,Asia,29825968,confirmed cases,0,2020-01-03T00:00:00.000+05:30
Yemen,YEM,Asia,29825968,confirmed cases,0,2020-01-04T00:00:00.000+05:30
Yemen,YEM,Asia,29825968,confirmed cases,0,2020-01-05T00:00:00.000+05:30
Yemen,YEM,Asia,29825968,confirmed cases,0,2020-01-06T00:00:00.000+05:30
Yemen,YEM,Asia,29825968,confirmed cases,0,2020-01-07T00:00:00.000+05:30
Yemen,YEM,Asia,29825968,confirmed cases,0,2020-01-08T00:00:00.000+05:30
Yemen,YEM,Asia,29825968,confirmed cases,0,2020-01-09T00:00:00.000+05:30
Yemen,YEM,Asia,29825968,confirmed cases,0,2020-01-10T00:00:00.000+05:30
Yemen,YEM,Asia,29825968,confirmed cases,0,2020-01-11T00:00:00.000+05:30
Yemen,YEM,Asia,29825968,confirmed cases,0,2020-01-12T00:00:00.000+05:30
Yemen,YEM,Asia,29825968,confirmed cases,0,2020-01-13T00:00:00.000+05:30
Yemen,YEM,Asia,29825968,confirmed cases,0,2020-01-14T00:00:00.000+05:30
Yemen,YEM,Asia,29825968,confirmed cases,0,2020-01-15T00:00:00.000+05:30
Yemen,YEM,Asia,29825968,confirmed cases,0,2020-01-16T00:00:00.000+05:30
Yemen,YEM,Asia,29825968,confirmed cases,0,2020-01-17T00:00:00.000+05:30
Yemen,YEM,Asia,29825968,confirmed cases,0,2020-01-18T00:00:00.000+05:30
Yemen,YEM,Asia,29825968,confirmed cases,0,2020-01-19T00:00:00.000+05:30
Yemen,YEM,Asia,29825968,confirmed cases,0,2020-01-20T00:00:00.000+05:30
Yemen,YEM,Asia,29825968,confirmed cases,0,2020-01-21T00:00:00.000+05:30
Yemen,YEM,Asia,29825968,confirmed cases,0,2020-01-22T00:00:00.000+05:30
Yemen,YEM,Asia,29825968,confirmed cases,0,2020-01-23T00:00:00.000+05:30
Yemen,YEM,Asia,29825968,confirmed cases,0,2020-01-24T00:00:00.000+05:30
Yemen,YEM,Asia,29825968,confirmed cases,0,2020-01-25T00:00:00.000+05:30
Yemen,YEM,Asia,29825968,confirmed cases,0,2020-01-26T00:00:00.000+05:30
Yemen,YEM,Asia,29825968,confirmed cases,0,2020-01-27T00:00:00.000+05:30
Yemen,YEM,Asia,29825968,confirmed cases,0,2020-01-28T00:00:00.000+05:30
Yemen,YEM,Asia,29825968,confirmed cases,0,2020-01-29T00:00:00.000+05:30
Yemen,YEM,Asia,29825968,confirmed cases,0,2020-01-30T00:00:00.000+05:30
Yemen,YEM,Asia,29825968,confirmed cases,0,2020-01-31T00:00:00.000+05:30
Yemen,YEM,Asia,29825968,deaths,0,2020-01-02T00:00:00.000+05:30
Yemen,YEM,Asia,29825968,deaths,0,2020-01-03T00:00:00.000+05:30
Yemen,YEM,Asia,29825968,deaths,0,2020-01-04T00:00:00.000+05:30
Yemen,YEM,Asia,29825968,deaths,0,2020-01-05T00:00:00.000+05:30
Yemen,YEM,Asia,29825968,deaths,0,2020-01-06T00:00:00.000+05:30
Yemen,YEM,Asia,29825968,deaths,0,2020-01-07T00:00:00.000+05:30
Yemen,YEM,Asia,29825968,deaths,0,2020-01-08T00:00:00.000+05:30
Yemen,YEM,Asia,29825968,deaths,0,2020-01-09T00:00:00.000+05:30
Yemen,YEM,Asia,29825968,deaths,0,2020-01-10T00:00:00.000+05:30
Yemen,YEM,Asia,29825968,deaths,0,2020-01-11T00:00:00.000+05:30
Yemen,YEM,Asia,29825968,deaths,0,2020-01-12T00:00:00.000+05:30
Yemen,YEM,Asia,29825968,deaths,0,2020-01-13T00:00:00.000+05:30
Yemen,YEM,Asia,29825968,deaths,0,2020-01-14T00:00:00.000+05:30
Yemen,YEM,Asia,29825968,deaths,0,2020-01-15T00:00:00.000+05:30
Yemen,YEM,Asia,29825968,deaths,0,2020-01-16T00:00:00.000+05:30
Yemen,YEM,Asia,29825968,deaths,0,2020-01-17T00:00:00.000+05:30
Yemen,YEM,Asia,29825968,deaths,0,2020-01-18T00:00:00.000+05:30
Yemen,YEM,Asia,29825968,deaths,0,2020-01-19T00:00:00.000+05:30
Yemen,YEM,Asia,29825968,deaths,0,2020-01-20T00:00:00.000+05:30
Yemen,YEM,Asia,29825968,deaths,0,2020-01-21T00:00:00.000+05:30
Yemen,YEM,Asia,29825968,deaths,0,2020-01-22T00:00:00.000+05:30
Yemen,YEM,Asia,29825968,deaths,0,2020-01-23T00:00:00.000+05:30
Yemen,YEM,Asia,29825968,deaths,0,2020-01-24T00:00:00.000+05:30
Yemen,YEM,Asia,29825968,deaths,0,2020-01-25T00:00:00.000+05:30
Yemen,YEM,Asia,29825968,deaths,0,2020-01-26T00:00:00.000+05:30
Yemen,YEM,Asia,29825968,deaths,0,2020-01-27T00:00:00.000+05:30
Yemen,YEM,Asia,29825968,deaths,0,2020-01-28T00:00:00.000+05:30
Yemen,YEM,Asia,29825968,deaths,0,2020-01-29T00:00:00.000+05:30
Yemen,YEM,Asia,29825968,deaths,0,2020-01-30T00:00:00.000+05:30
Yemen,YEM,Asia,29825968,deaths,0,2020-01-31T00:00:00.000+05:30
Zambia,ZMB,Africa,18383956,confirmed cases,0,2020-01-02T00:00:00.000+05:30
Zambia,ZMB,Africa,18383956,confirmed cases,0,2020-01-03T00:00:00.000+05:30
Zambia,ZMB,Africa,18383956,confirmed cases,0,2020-01-04T00:00:00.000+05:30
Zambia,ZMB,Africa,18383956,confirmed cases,0,2020-01-05T00:00:00.000+05:30
Zambia,ZMB,Africa,18383956,confirmed cases,0,2020-01-06T00:00:00.000+05:30
Zambia,ZMB,Africa,18383956,confirmed cases,0,2020-01-07T00:00:00.000+05:30
Zambia,ZMB,Africa,18383956,confirmed cases,0,2020-01-08T00:00:00.000+05:30
Zambia,ZMB,Africa,18383956,confirmed cases,0,2020-01-09T00:00:00.000+05:30
Zambia,ZMB,Africa,18383956,confirmed cases,0,2020-01-10T00:00:00.000+05:30
Zambia,ZMB,Africa,18383956,confirmed cases,0,2020-01-11T00:00:00.000+05:30
Zambia,ZMB,Africa,18383956,confirmed cases,0,2020-01-12T00:00:00.000+05:30
Zambia,ZMB,Africa,18383956,confirmed cases,0,2020-01-13T00:00:00.000+05:30
Zambia,ZMB,Africa,18383956,confirmed cases,0,2020-01-14T00:00:00.000+05:30
Zambia,ZMB,Africa,18383956,confirmed cases,0,2020-01-15T00:00:00.000+05:30
Zambia,ZMB,Africa,18383956,confirmed cases,0,2020-01-16T00:00:00.000+05:30
Zambia,ZMB,Africa,18383956,confirmed cases,0,2020-01-17T00:00:00.000+05:30
Zambia,ZMB,Africa,18383956,confirmed cases,0,2020-01-18T00:00:00.000+05:30
Zambia,ZMB,Africa,18383956,confirmed cases,0,2020-01-19T00:00:00.000+05:30
Zambia,ZMB,Africa,18383956,confirmed cases,0,2020-01-20T00:00:00.000+05:30
Zambia,ZMB,Africa,18383956,confirmed cases,0,2020-01-21T00:00:00.000+05:30
Zambia,ZMB,Africa,18383956,confirmed cases,0,2020-01-22T00:00:00.000+05:30
Zambia,ZMB,Africa,18383956,confirmed cases,0,2020-01-23T00:00:00.000+05:30
Zambia,ZMB,Africa,18383956,confirmed cases,0,2020-01-24T00:00:00.000+05:30
Zambia,ZMB,Africa,18383956,confirmed cases,0,2020-01-25T00:00:00.000+05:30
Zambia,ZMB,Africa,18383956,confirmed cases,0,2020-01-26T00:00:00.000+05:30
Zambia,ZMB,Africa,18383956,confirmed cases,0,2020-01-27T00:00:00.000+05:30
Zambia,ZMB,Africa,18383956,confirmed cases,0,2020-01-28T00:00:00.000+05:30
Zambia,ZMB,Africa,18383956,confirmed cases,0,2020-01-29T00:00:00.000+05:30
Zambia,ZMB,Africa,18383956,confirmed cases,0,2020-01-30T00:00:00.000+05:30
Zambia,ZMB,Africa,18383956,confirmed cases,0,2020-01-31T00:00:00.000+05:30
Zambia,ZMB,Africa,18383956,deaths,0,2020-01-02T00:00:00.000+05:30
Zambia,ZMB,Africa,18383956,deaths,0,2020-01-03T00:00:00.000+05:30
Zambia,ZMB,Africa,18383956,deaths,0,2020-01-04T00:00:00.000+05:30
Zambia,ZMB,Africa,18383956,deaths,0,2020-01-05T00:00:00.000+05:30
Zambia,ZMB,Africa,18383956,deaths,0,2020-01-06T00:00:00.000+05:30
Zambia,ZMB,Africa,18383956,deaths,0,2020-01-07T00:00:00.000+05:30
Zambia,ZMB,Africa,18383956,deaths,0,2020-01-08T00:00:00.000+05:30
Zambia,ZMB,Africa,18383956,deaths,0,2020-01-09T00:00:00.000+05:30
Zambia,ZMB,Africa,18383956,deaths,0,2020-01-10T00:00:00.000+05:30
Zambia,ZMB,Africa,18383956,deaths,0,2020-01-11T00:00:00.000+05:30
Zambia,ZMB,Africa,18383956,deaths,0,2020-01-12T00:00:00.000+05:30
Zambia,ZMB,Africa,18383956,deaths,0,2020-01-13T00:00:00.000+05:30
Zambia,ZMB,Africa,18383956,deaths,0,2020-01-14T00:00:00.000+05:30
Zambia,ZMB,Africa,18383956,deaths,0,2020-01-15T00:00:00.000+05:30
Zambia,ZMB,Africa,18383956,deaths,0,2020-01-16T00:00:00.000+05:30
Zambia,ZMB,Africa,18383956,deaths,0,2020-01-17T00:00:00.000+05:30
Zambia,ZMB,Africa,18383956,deaths,0,2020-01-18T00:00:00.000+05:30
Zambia,ZMB,Africa,18383956,deaths,0,2020-01-19T00:00:00.000+05:30
Zambia,ZMB,Africa,18383956,deaths,0,2020-01-20T00:00:00.000+05:30
Zambia,ZMB,Africa,18383956,deaths,0,2020-01-21T00:00:00.000+05:30
Zambia,ZMB,Africa,18383956,deaths,0,2020-01-22T00:00:00.000+05:30
Zambia,ZMB,Africa,18383956,deaths,0,2020-01-23T00:00:00.000+05:30
Zambia,ZMB,Africa,18383956,deaths,0,2020-01-24T00:00:00.000+05:30
Zambia,ZMB,Africa,18383956,deaths,0,2020-01-25T00:00:00.000+05:30
Zambia,ZMB,Africa,18383956,deaths,0,2020-01-26T00:00:00.000+05:30
Zambia,ZMB,Africa,18383956,deaths,0,2020-01-27T00:00:00.000+05:30
Zambia,ZMB,Africa,18383956,deaths,0,2020-01-28T00:00:00.000+05:30
Zambia,ZMB,Africa,18383956,deaths,0,2020-01-29T00:00:00.000+05:30
Zambia,ZMB,Africa,18383956,deaths,0,2020-01-30T00:00:00.000+05:30
Zambia,ZMB,Africa,18383956,deaths,0,2020-01-31T00:00:00.000+05:30
Zimbabwe,ZWE,Africa,14862927,confirmed cases,0,2020-01-02T00:00:00.000+05:30
Zimbabwe,ZWE,Africa,14862927,confirmed cases,0,2020-01-03T00:00:00.000+05:30
Zimbabwe,ZWE,Africa,14862927,confirmed cases,0,2020-01-04T00:00:00.000+05:30
Zimbabwe,ZWE,Africa,14862927,confirmed cases,0,2020-01-05T00:00:00.000+05:30
Zimbabwe,ZWE,Africa,14862927,confirmed cases,0,2020-01-06T00:00:00.000+05:30
Zimbabwe,ZWE,Africa,14862927,confirmed cases,0,2020-01-07T00:00:00.000+05:30
Zimbabwe,ZWE,Africa,14862927,confirmed cases,0,2020-01-08T00:00:00.000+05:30
Zimbabwe,ZWE,Africa,14862927,confirmed cases,0,2020-01-09T00:00:00.000+05:30
Zimbabwe,ZWE,Africa,14862927,confirmed cases,0,2020-01-10T00:00:00.000+05:30
Zimbabwe,ZWE,Africa,14862927,confirmed cases,0,2020-01-11T00:00:00.000+05:30
Zimbabwe,ZWE,Africa,14862927,confirmed cases,0,2020-01-12T00:00:00.000+05:30
Zimbabwe,ZWE,Africa,14862927,confirmed cases,0,2020-01-13T00:00:00.000+05:30
Zimbabwe,ZWE,Africa,14862927,confirmed cases,0,2020-01-14T00:00:00.000+05:30
Zimbabwe,ZWE,Africa,14862927,confirmed cases,0,2020-01-15T00:00:00.000+05:30
Zimbabwe,ZWE,Africa,14862927,confirmed cases,0,2020-01-16T00:00:00.000+05:30
Zimbabwe,ZWE,Africa,14862927,confirmed cases,0,2020-01-17T00:00:00.000+05:30
Zimbabwe,ZWE,Africa,14862927,confirmed cases,0,2020-01-18T00:00:00.000+05:30
Zimbabwe,ZWE,Africa,14862927,confirmed cases,0,2020-01-19T00:00:00.000+05:30
Zimbabwe,ZWE,Africa,14862927,confirmed cases,0,2020-01-20T00:00:00.000+05:30
Zimbabwe,ZWE,Africa,14862927,confirmed cases,0,2020-01-21T00:00:00.000+05:30
Zimbabwe,ZWE,Africa,14862927,confirmed cases,0,2020-01-22T00:00:00.000+05:30
Zimbabwe,ZWE,Africa,14862927,confirmed cases,0,2020-01-23T00:00:00.000+05:30
Zimbabwe,ZWE,Africa,14862927,confirmed cases,0,2020-01-24T00:00:00.000+05:30
Zimbabwe,ZWE,Africa,14862927,confirmed cases,0,2020-01-25T00:00:00.000+05:30
Zimbabwe,ZWE,Africa,14862927,confirmed cases,0,2020-01-26T00:00:00.000+05:30
Zimbabwe,ZWE,Africa,14862927,confirmed cases,0,2020-01-27T00:00:00.000+05:30
Zimbabwe,ZWE,Africa,14862927,confirmed cases,0,2020-01-28T00:00:00.000+05:30
Zimbabwe,ZWE,Africa,14862927,confirmed cases,0,2020-01-29T00:00:00.000+05:30
Zimbabwe,ZWE,Africa,14862927,confirmed cases,0,2020-01-30T00:00:00.000+05:30
Zimbabwe,ZWE,Africa,14862927,confirmed cases,0,2020-01-31T00:00:00.000+05:30
Zimbabwe,ZWE,Africa,14862927,deaths,0,2020-01-02T00:00:00.000+05:30
Zimbabwe,ZWE,Africa,14862927,deaths,0,2020-01-03T00:00:00.000+05:30
Zimbabwe,ZWE,Africa,14862927,deaths,0,2020-01-04T00:00:00.000+05:30
Zimbabwe,ZWE,Africa,14862927,deaths,0,2020-01-05T00:00:00.000+05:30
Zimbabwe,ZWE,Africa,14862927,deaths,0,2020-01-06T00:00:00.000+05:30
Zimbabwe,ZWE,Africa,14862927,deaths,0,2020-01-07T00:00:00.000+05:30
Zimbabwe,ZWE,Africa,14862927,deaths,0,2020-01-08T00:00:00.000+05:30
Zimbabwe,ZWE,Africa,14862927,deaths,0,2020-01-09T00:00:00.000+05:30
Zimbabwe,ZWE,Africa,14862927,deaths,0,2020-01-10T00:00:00.000+05:30
Zimbabwe,ZWE,Africa,14862927,deaths,0,2020-01-11T00:00:00.000+05:30
Zimbabwe,ZWE,Africa,14862927,deaths,0,2020-01-12T00:00:00.000+05:30
Zimbabwe,ZWE,Africa,14862927,deaths,0,2020-01-13T00:00:00.000+05:30
Zimbabwe,ZWE,Africa,14862927,deaths,0,2020-01-14T00:00:00.000+05:30
Zimbabwe,ZWE,Africa,14862927,deaths,0,2020-01-15T00:00:00.000+05:30
Zimbabwe,ZWE,Africa,14862927,deaths,0,2020-01-16T00:00:00.000+05:30
Zimbabwe,ZWE,Africa,14862927,deaths,0,2020-01-17T00:00:00.000+05:30
Zimbabwe,ZWE,Africa,14862927,deaths,0,2020-01-18T00:00:00.000+05:30
Zimbabwe,ZWE,Africa,14862927,deaths,0,2020-01-19T00:00:00.000+05:30
Zimbabwe,ZWE,Africa,14862927,deaths,0,2020-01-20T00:00:00.000+05:30
Zimbabwe,ZWE,Africa,14862927,deaths,0,2020-01-21T00:00:00.000+05:30
Zimbabwe,ZWE,Africa,14862927,deaths,0,2020-01-22T00:00:00.000+05:30
Zimbabwe,ZWE,Africa,14862927,deaths,0,2020-01-23T00:00:00.000+05:30
Zimbabwe,ZWE,Africa,14862927,deaths,0,2020-01-24T00:00:00.000+05:30
Zimbabwe,ZWE,Africa,14862927,deaths,0,2020-01-25T00:00:00.000+05:30
Zimbabwe,ZWE,Africa,14862927,deaths,0,2020-01-26T00:00:00.000+05:30
Zimbabwe,ZWE,Africa,14862927,deaths,0,2020-01-27T00:00:00.000+05:30
Zimbabwe,ZWE,Africa,14862927,deaths,0,2020-01-28T00:00:00.000+05:30
Zimbabwe,ZWE,Africa,14862927,deaths,0,2020-01-29T00:00:00.000+05:30
Zimbabwe,ZWE,Africa,14862927,deaths,0,2020-01-30T00:00:00.000+05:30
Zimbabwe,ZWE,Africa,14862927,deaths,0,2020-01-31T00:00:00.000+05:30
