Venezuela,VEN,America,28435943,confirmed cases,2,2020-05-01T00:00:00.000+05:30
Venezuela,VEN,America,28435943,confirmed cases,2,2020-05-02T00:00:00.000+05:30
Venezuela,VEN,America,28435943,confirmed cases,10,2020-05-03T00:00:00.000+05:30
Venezuela,VEN,America,28435943,confirmed cases,12,2020-05-04T00:00:00.000+05:30
Venezuela,VEN,America,28435943,confirmed cases,4,2020-05-05T00:00:00.000+05:30
Venezuela,VEN,America,28435943,confirmed cases,6,2020-05-06T00:00:00.000+05:30
Venezuela,VEN,America,28435943,confirmed cases,12,2020-05-07T00:00:00.000+05:30
Venezuela,VEN,America,28435943,confirmed cases,2,2020-05-08T00:00:00.000+05:30
Venezuela,VEN,America,28435943,confirmed cases,7,2020-05-09T00:00:00.000+05:30
Venezuela,VEN,America,28435943,confirmed cases,14,2020-05-10T00:00:00.000+05:30
Venezuela,VEN,America,28435943,confirmed cases,12,2020-05-11T00:00:00.000+05:30
Venezuela,VEN,America,28435943,confirmed cases,8,2020-05-12T00:00:00.000+05:30
Venezuela,VEN,America,28435943,confirmed cases,1,2020-05-13T00:00:00.000+05:30
Venezuela,VEN,America,28435943,confirmed cases,17,2020-05-14T00:00:00.000+05:30
Venezuela,VEN,America,28435943,confirmed cases,15,2020-05-15T00:00:00.000+05:30
Venezuela,VEN,America,28435943,confirmed cases,4,2020-05-16T00:00:00.000+05:30
Venezuela,VEN,America,28435943,confirmed cases,45,2020-05-17T00:00:00.000+05:30
Venezuela,VEN,America,28435943,confirmed cases,37,2020-05-18T00:00:00.000+05:30
Venezuela,VEN,America,28435943,confirmed cases,77,2020-05-19T00:00:00.000+05:30
Venezuela,VEN,America,28435943,confirmed cases,131,2020-05-20T00:00:00.000+05:30
Venezuela,VEN,America,28435943,confirmed cases,75,2020-05-21T00:00:00.000+05:30
Venezuela,VEN,America,28435943,confirmed cases,58,2020-05-22T00:00:00.000+05:30
Venezuela,VEN,America,28435943,confirmed cases,62,2020-05-23T00:00:00.000+05:30
Venezuela,VEN,America,28435943,confirmed cases,0,2020-05-24T00:00:00.000+05:30
Venezuela,VEN,America,28435943,confirmed cases,177,2020-05-25T00:00:00.000+05:30
Venezuela,VEN,America,28435943,confirmed cases,56,2020-05-26T00:00:00.000+05:30
Venezuela,VEN,America,28435943,confirmed cases,34,2020-05-27T00:00:00.000+05:30
Venezuela,VEN,America,28435943,confirmed cases,34,2020-05-28T00:00:00.000+05:30
Venezuela,VEN,America,28435943,confirmed cases,82,2020-05-29T00:00:00.000+05:30
Venezuela,VEN,America,28435943,confirmed cases,42,2020-05-30T00:00:00.000+05:30
Venezuela,VEN,America,28435943,confirmed cases,90,2020-05-31T00:00:00.000+05:30
Venezuela,VEN,America,28435943,deaths,0,2020-05-01T00:00:00.000+05:30
Venezuela,VEN,America,28435943,deaths,0,2020-05-02T00:00:00.000+05:30
Venezuela,VEN,America,28435943,deaths,0,2020-05-03T00:00:00.000+05:30
Venezuela,VEN,America,28435943,deaths,0,2020-05-04T00:00:00.000+05:30
Venezuela,VEN,America,28435943,deaths,0,2020-05-05T00:00:00.000+05:30
Venezuela,VEN,America,28435943,deaths,0,2020-05-06T00:00:00.000+05:30
Venezuela,VEN,America,28435943,deaths,0,2020-05-07T00:00:00.000+05:30
Venezuela,VEN,America,28435943,deaths,0,2020-05-08T00:00:00.000+05:30
Venezuela,VEN,America,28435943,deaths,0,2020-05-09T00:00:00.000+05:30
Venezuela,VEN,America,28435943,deaths,0,2020-05-10T00:00:00.000+05:30
Venezuela,VEN,America,28435943,deaths,0,2020-05-11T00:00:00.000+05:30
Venezuela,VEN,America,28435943,deaths,0,2020-05-12T00:00:00.000+05:30
Venezuela,VEN,America,28435943,deaths,0,2020-05-13T00:00:00.000+05:30
Venezuela,VEN,America,28435943,deaths,0,2020-05-14T00:00:00.000+05:30
Venezuela,VEN,America,28435943,deaths,0,2020-05-15T00:00:00.000+05:30
Venezuela,VEN,America,28435943,deaths,0,2020-05-16T00:00:00.000+05:30
Venezuela,VEN,America,28435943,deaths,0,2020-05-17T00:00:00.000+05:30
Venezuela,VEN,America,28435943,deaths,0,2020-05-18T00:00:00.000+05:30
Venezuela,VEN,America,28435943,deaths,0,2020-05-19T00:00:00.000+05:30
Venezuela,VEN,America,28435943,deaths,0,2020-05-20T00:00:00.000+05:30
Venezuela,VEN,America,28435943,deaths,0,2020-05-21T00:00:00.000+05:30
Venezuela,VEN,America,28435943,deaths,0,2020-05-22T00:00:00.000+05:30
Venezuela,VEN,America,28435943,deaths,0,2020-05-23T00:00:00.000+05:30
Venezuela,VEN,America,28435943,deaths,0,2020-05-24T00:00:00.000+05:30
Venezuela,VEN,America,28435943,deaths,0,2020-05-25T00:00:00.000+05:30
Venezuela,VEN,America,28435943,deaths,0,2020-05-26T00:00:00.000+05:30
Venezuela,VEN,America,28435943,deaths,1,2020-05-27T00:00:00.000+05:30
Venezuela,VEN,America,28435943,deaths,0,2020-05-28T00:00:00.000+05:30
Venezuela,VEN,America,28435943,deaths,0,2020-05-29T00:00:00.000+05:30
Venezuela,VEN,America,28435943,deaths,3,2020-05-30T00:00:00.000+05:30
Venezuela,VEN,America,28435943,deaths,0,2020-05-31T00:00:00.000+05:30
Vietnam,VNM,Asia,97338583,confirmed cases,0,2020-05-01T00:00:00.000+05:30
Vietnam,VNM,Asia,97338583,confirmed cases,0,2020-05-02T00:00:00.000+05:30
Vietnam,VNM,Asia,97338583,confirmed cases,0,2020-05-03T00:00:00.000+05:30
Vietnam,VNM,Asia,97338583,confirmed cases,1,2020-05-04T00:00:00.000+05:30
Vietnam,VNM,Asia,97338583,confirmed cases,0,2020-05-05T00:00:00.000+05:30
Vietnam,VNM,Asia,97338583,confirmed cases,0,2020-05-06T00:00:00.000+05:30
Vietnam,VNM,Asia,97338583,confirmed cases,0,2020-05-07T00:00:00.000+05:30
Vietnam,VNM,Asia,97338583,confirmed cases,17,2020-05-08T00:00:00.000+05:30
Vietnam,VNM,Asia,97338583,confirmed cases,0,2020-05-09T00:00:00.000+05:30
Vietnam,VNM,Asia,97338583,confirmed cases,0,2020-05-10T00:00:00.000+05:30
Vietnam,VNM,Asia,97338583,confirmed cases,0,2020-05-11T00:00:00.000+05:30
Vietnam,VNM,Asia,97338583,confirmed cases,0,2020-05-12T00:00:00.000+05:30
Vietnam,VNM,Asia,97338583,confirmed cases,0,2020-05-13T00:00:00.000+05:30
Vietnam,VNM,Asia,97338583,confirmed cases,0,2020-05-14T00:00:00.000+05:30
Vietnam,VNM,Asia,97338583,confirmed cases,24,2020-05-15T00:00:00.000+05:30
Vietnam,VNM,Asia,97338583,confirmed cases,1,2020-05-16T00:00:00.000+05:30
Vietnam,VNM,Asia,97338583,confirmed cases,5,2020-05-17T00:00:00.000+05:30
Vietnam,VNM,Asia,97338583,confirmed cases,2,2020-05-18T00:00:00.000+05:30
Vietnam,VNM,Asia,97338583,confirmed cases,4,2020-05-19T00:00:00.000+05:30
Vietnam,VNM,Asia,97338583,confirmed cases,0,2020-05-20T00:00:00.000+05:30
Vietnam,VNM,Asia,97338583,confirmed cases,0,2020-05-21T00:00:00.000+05:30
Vietnam,VNM,Asia,97338583,confirmed cases,0,2020-05-22T00:00:00.000+05:30
Vietnam,VNM,Asia,97338583,confirmed cases,0,2020-05-23T00:00:00.000+05:30
Vietnam,VNM,Asia,97338583,confirmed cases,0,2020-05-24T00:00:00.000+05:30
Vietnam,VNM,Asia,97338583,confirmed cases,1,2020-05-25T00:00:00.000+05:30
Vietnam,VNM,Asia,97338583,confirmed cases,1,2020-05-26T00:00:00.000+05:30
Vietnam,VNM,Asia,97338583,confirmed cases,1,2020-05-27T00:00:00.000+05:30
Vietnam,VNM,Asia,97338583,confirmed cases,0,2020-05-28T00:00:00.000+05:30
Vietnam,VNM,Asia,97338583,confirmed cases,0,2020-05-29T00:00:00.000+05:30
Vietnam,VNM,Asia,97338583,confirmed cases,0,2020-05-30T00:00:00.000+05:30
Vietnam,VNM,Asia,97338583,confirmed cases,0,2020-05-31T00:00:00.000+05:30
Vietnam,VNM,Asia,97338583,deaths,0,2020-05-01T00:00:00.000+05:30
Vietnam,VNM,Asia,97338583,deaths,0,2020-05-02T00:00:00.000+05:30
Vietnam,VNM,Asia,97338583,deaths,0,2020-05-03T00:00:00.000+05:30
Vietnam,VNM,Asia,97338583,deaths,0,2020-05-04T00:00:00.000+05:30
Vietnam,VNM,Asia,97338583,deaths,0,2020-05-05T00:00:00.000+05:30
Vietnam,VNM,Asia,97338583,deaths,0,2020-05-06T00:00:00.000+05:30
Vietnam,VNM,Asia,97338583,deaths,0,2020-05-07T00:00:00.000+05:30
Vietnam,VNM,Asia,97338583,deaths,0,2020-05-08T00:00:00.000+05:30
Vietnam,VNM,Asia,97338583,deaths,0,2020-05-09T00:00:00.000+05:30
Vietnam,VNM,Asia,97338583,deaths,0,2020-05-10T00:00:00.000+05:30
Vietnam,VNM,Asia,97338583,deaths,0,2020-05-11T00:00:00.000+05:30
Vietnam,VNM,Asia,97338583,deaths,0,2020-05-12T00:00:00.000+05:30
Vietnam,VNM,Asia,97338583,deaths,0,2020-05-13T00:00:00.000+05:30
Vietnam,VNM,Asia,97338583,deaths,0,2020-05-14T00:00:00.000+05:30
Vietnam,VNM,Asia,97338583,deaths,0,2020-05-15T00:00:00.000+05:30
Vietnam,VNM,Asia,97338583,deaths,0,2020-05-16T00:00:00.000+05:30
Vietnam,VNM,Asia,97338583,deaths,0,2020-05-17T00:00:00.000+05:30
Vietnam,VNM,Asia,97338583,deaths,0,2020-05-18T00:00:00.000+05:30
Vietnam,VNM,Asia,97338583,deaths,0,2020-05-19T00:00:00.000+05:30
Vietnam,VNM,Asia,97338583,deaths,0,2020-05-20T00:00:00.000+05:30
Vietnam,VNM,Asia,97338583,deaths,0,2020-05-21T00:00:00.000+05:30
Vietnam,VNM,Asia,97338583,deaths,0,2020-05-22T00:00:00.000+05:30
Vietnam,VNM,Asia,97338583,deaths,0,2020-05-23T00:00:00.000+05:30
Vietnam,VNM,Asia,97338583,deaths,0,2020-05-24T00:00:00.000+05:30
Vietnam,VNM,Asia,97338583,deaths,0,2020-05-25T00:00:00.000+05:30
Vietnam,VNM,Asia,97338583,deaths,0,2020-05-26T00:00:00.000+05:30
Vietnam,VNM,Asia,97338583,deaths,0,2020-05-27T00:00:00.000+05:30
Vietnam,VNM,Asia,97338583,deaths,0,2020-05-28T00:00:00.000+05:30
Vietnam,VNM,Asia,97338583,deaths,0,2020-05-29T00:00:00.000+05:30
Vietnam,VNM,Asia,97338583,deaths,0,2020-05-30T00:00:00.000+05:30
Vietnam,VNM,Asia,97338583,deaths,0,2020-05-31T00:00:00.000+05:30
Wallis and Futuna,WLF,Oceania,11246,confirmed cases,0,2020-05-01T00:00:00.000+05:30
Wallis and Futuna,WLF,Oceania,11246,confirmed cases,0,2020-05-02T00:00:00.000+05:30
Wallis and Futuna,WLF,Oceania,11246,confirmed cases,0,2020-05-03T00:00:00.000+05:30
Wallis and Futuna,WLF,Oceania,11246,confirmed cases,0,2020-05-04T00:00:00.000+05:30
Wallis and Futuna,WLF,Oceania,11246,confirmed cases,0,2020-05-05T00:00:00.000+05:30
Wallis and Futuna,WLF,Oceania,11246,confirmed cases,0,2020-05-06T00:00:00.000+05:30
Wallis and Futuna,WLF,Oceania,11246,confirmed cases,0,2020-05-07T00:00:00.000+05:30
Wallis and Futuna,WLF,Oceania,11246,confirmed cases,0,2020-05-08T00:00:00.000+05:30
Wallis and Futuna,WLF,Oceania,11246,confirmed cases,0,2020-05-09T00:00:00.000+05:30
Wallis and Futuna,WLF,Oceania,11246,confirmed cases,0,2020-05-10T00:00:00.000+05:30
Wallis and Futuna,WLF,Oceania,11246,confirmed cases,0,2020-05-11T00:00:00.000+05:30
Wallis and Futuna,WLF,Oceania,11246,confirmed cases,0,2020-05-12T00:00:00.000+05:30
Wallis and Futuna,WLF,Oceania,11246,confirmed cases,0,2020-05-13T00:00:00.000+05:30
Wallis and Futuna,WLF,Oceania,11246,confirmed cases,0,2020-05-14T00:00:00.000+05:30
Wallis and Futuna,WLF,Oceania,11246,confirmed cases,0,2020-05-15T00:00:00.000+05:30
Wallis and Futuna,WLF,Oceania,11246,confirmed cases,0,2020-05-16T00:00:00.000+05:30
Wallis and Futuna,WLF,Oceania,11246,confirmed cases,0,2020-05-17T00:00:00.000+05:30
Wallis and Futuna,WLF,Oceania,11246,confirmed cases,0,2020-05-18T00:00:00.000+05:30
Wallis and Futuna,WLF,Oceania,11246,confirmed cases,0,2020-05-19T00:00:00.000+05:30
Wallis and Futuna,WLF,Oceania,11246,confirmed cases,0,2020-05-20T00:00:00.000+05:30
Wallis and Futuna,WLF,Oceania,11246,confirmed cases,0,2020-05-21T00:00:00.000+05:30
Wallis and Futuna,WLF,Oceania,11246,confirmed cases,0,2020-05-22T00:00:00.000+05:30
Wallis and Futuna,WLF,Oceania,11246,confirmed cases,0,2020-05-23T00:00:00.000+05:30
Wallis and Futuna,WLF,Oceania,11246,confirmed cases,0,2020-05-24T00:00:00.000+05:30
Wallis and Futuna,WLF,Oceania,11246,confirmed cases,0,2020-05-25T00:00:00.000+05:30
Wallis and Futuna,WLF,Oceania,11246,confirmed cases,0,2020-05-26T00:00:00.000+05:30
Wallis and Futuna,WLF,Oceania,11246,confirmed cases,0,2020-05-27T00:00:00.000+05:30
Wallis and Futuna,WLF,Oceania,11246,confirmed cases,0,2020-05-28T00:00:00.000+05:30
Wallis and Futuna,WLF,Oceania,11246,confirmed cases,0,2020-05-29T00:00:00.000+05:30
Wallis and Futuna,WLF,Oceania,11246,confirmed cases,0,2020-05-30T00:00:00.000+05:30
Wallis and Futuna,WLF,Oceania,11246,confirmed cases,0,2020-05-31T00:00:00.000+05:30
Wallis and Futuna,WLF,Oceania,11246,deaths,0,2020-05-01T00:00:00.000+05:30
Wallis and Futuna,WLF,Oceania,11246,deaths,0,2020-05-02T00:00:00.000+05:30
Wallis and Futuna,WLF,Oceania,11246,deaths,0,2020-05-03T00:00:00.000+05:30
Wallis and Futuna,WLF,Oceania,11246,deaths,0,2020-05-04T00:00:00.000+05:30
Wallis and Futuna,WLF,Oceania,11246,deaths,0,2020-05-05T00:00:00.000+05:30
Wallis and Futuna,WLF,Oceania,11246,deaths,0,2020-05-06T00:00:00.000+05:30
Wallis and Futuna,WLF,Oceania,11246,deaths,0,2020-05-07T00:00:00.000+05:30
Wallis and Futuna,WLF,Oceania,11246,deaths,0,2020-05-08T00:00:00.000+05:30
Wallis and Futuna,WLF,Oceania,11246,deaths,0,2020-05-09T00:00:00.000+05:30
Wallis and Futuna,WLF,Oceania,11246,deaths,0,2020-05-10T00:00:00.000+05:30
Wallis and Futuna,WLF,Oceania,11246,deaths,0,2020-05-11T00:00:00.000+05:30
Wallis and Futuna,WLF,Oceania,11246,deaths,0,2020-05-12T00:00:00.000+05:30
Wallis and Futuna,WLF,Oceania,11246,deaths,0,2020-05-13T00:00:00.000+05:30
Wallis and Futuna,WLF,Oceania,11246,deaths,0,2020-05-14T00:00:00.000+05:30
Wallis and Futuna,WLF,Oceania,11246,deaths,0,2020-05-15T00:00:00.000+05:30
Wallis and Futuna,WLF,Oceania,11246,deaths,0,2020-05-16T00:00:00.000+05:30
Wallis and Futuna,WLF,Oceania,11246,deaths,0,2020-05-17T00:00:00.000+05:30
Wallis and Futuna,WLF,Oceania,11246,deaths,0,2020-05-18T00:00:00.000+05:30
Wallis and Futuna,WLF,Oceania,11246,deaths,0,2020-05-19T00:00:00.000+05:30
Wallis and Futuna,WLF,Oceania,11246,deaths,0,2020-05-20T00:00:00.000+05:30
Wallis and Futuna,WLF,Oceania,11246,deaths,0,2020-05-21T00:00:00.000+05:30
Wallis and Futuna,WLF,Oceania,11246,deaths,0,2020-05-22T00:00:00.000+05:30
Wallis and Futuna,WLF,Oceania,11246,deaths,0,2020-05-23T00:00:00.000+05:30
Wallis and Futuna,WLF,Oceania,11246,deaths,0,2020-05-24T00:00:00.000+05:30
Wallis and Futuna,WLF,Oceania,11246,deaths,0,2020-05-25T00:00:00.000+05:30
Wallis and Futuna,WLF,Oceania,11246,deaths,0,2020-05-26T00:00:00.000+05:30
Wallis and Futuna,WLF,Oceania,11246,deaths,0,2020-05-27T00:00:00.000+05:30
Wallis and Futuna,WLF,Oceania,11246,deaths,0,2020-05-28T00:00:00.000+05:30
Wallis and Futuna,WLF,Oceania,11246,deaths,0,2020-05-29T00:00:00.000+05:30
Wallis and Futuna,WLF,Oceania,11246,deaths,0,2020-05-30T00:00:00.000+05:30
Wallis and Futuna,WLF,Oceania,11246,deaths,0,2020-05-31T00:00:00.000+05:30
Western Sahara,ESH,Africa,597330,confirmed cases,0,2020-05-01T00:00:00.000+05:30
Western Sahara,ESH,Africa,597330,confirmed cases,0,2020-05-02T00:00:00.000+05:30
Western Sahara,ESH,Africa,597330,confirmed cases,0,2020-05-03T00:00:00.000+05:30
Western Sahara,ESH,Africa,597330,confirmed cases,0,2020-05-04T00:00:00.000+05:30
Western Sahara,ESH,Africa,597330,confirmed cases,0,2020-05-05T00:00:00.000+05:30
Western Sahara,ESH,Africa,597330,confirmed cases,0,2020-05-06T00:00:00.000+05:30
Western Sahara,ESH,Africa,597330,confirmed cases,0,2020-05-07T00:00:00.000+05:30
Western Sahara,ESH,Africa,597330,confirmed cases,0,2020-05-08T00:00:00.000+05:30
Western Sahara,ESH,Africa,597330,confirmed cases,0,2020-05-09T00:00:00.000+05:30
Western Sahara,ESH,Africa,597330,confirmed cases,0,2020-05-10T00:00:00.000+05:30
Western Sahara,ESH,Africa,597330,confirmed cases,0,2020-05-11T00:00:00.000+05:30
Western Sahara,ESH,Africa,597330,confirmed cases,0,2020-05-12T00:00:00.000+05:30
Western Sahara,ESH,Africa,597330,confirmed cases,0,2020-05-13T00:00:00.000+05:30
Western Sahara,ESH,Africa,597330,confirmed cases,0,2020-05-14T00:00:00.000+05:30
Western Sahara,ESH,Africa,597330,confirmed cases,0,2020-05-15T00:00:00.000+05:30
Western Sahara,ESH,Africa,597330,confirmed cases,0,2020-05-16T00:00:00.000+05:30
Western Sahara,ESH,Africa,597330,confirmed cases,0,2020-05-17T00:00:00.000+05:30
Western Sahara,ESH,Africa,597330,confirmed cases,0,2020-05-18T00:00:00.000+05:30
Western Sahara,ESH,Africa,597330,confirmed cases,0,2020-05-19T00:00:00.000+05:30
Western Sahara,ESH,Africa,597330,confirmed cases,0,2020-05-20T00:00:00.000+05:30
Western Sahara,ESH,Africa,597330,confirmed cases,0,2020-05-21T00:00:00.000+05:30
Western Sahara,ESH,Africa,597330,confirmed cases,0,2020-05-22T00:00:00.000+05:30
Western Sahara,ESH,Africa,597330,confirmed cases,0,2020-05-23T00:00:00.000+05:30
Western Sahara,ESH,Africa,597330,confirmed cases,0,2020-05-24T00:00:00.000+05:30
Western Sahara,ESH,Africa,597330,confirmed cases,0,2020-05-25T00:00:00.000+05:30
Western Sahara,ESH,Africa,597330,confirmed cases,0,2020-05-26T00:00:00.000+05:30
Western Sahara,ESH,Africa,597330,confirmed cases,0,2020-05-27T00:00:00.000+05:30
Western Sahara,ESH,Africa,597330,confirmed cases,0,2020-05-28T00:00:00.000+05:30
Western Sahara,ESH,Africa,597330,confirmed cases,0,2020-05-29T00:00:00.000+05:30
Western Sahara,ESH,Africa,597330,confirmed cases,17,2020-05-30T00:00:00.000+05:30
Western Sahara,ESH,Africa,597330,confirmed cases,0,2020-05-31T00:00:00.000+05:30
Western Sahara,ESH,Africa,597330,deaths,0,2020-05-01T00:00:00.000+05:30
Western Sahara,ESH,Africa,597330,deaths,0,2020-05-02T00:00:00.000+05:30
Western Sahara,ESH,Africa,597330,deaths,0,2020-05-03T00:00:00.000+05:30
Western Sahara,ESH,Africa,597330,deaths,0,2020-05-04T00:00:00.000+05:30
Western Sahara,ESH,Africa,597330,deaths,0,2020-05-05T00:00:00.000+05:30
Western Sahara,ESH,Africa,597330,deaths,0,2020-05-06T00:00:00.000+05:30
Western Sahara,ESH,Africa,597330,deaths,0,2020-05-07T00:00:00.000+05:30
Western Sahara,ESH,Africa,597330,deaths,0,2020-05-08T00:00:00.000+05:30
Western Sahara,ESH,Africa,597330,deaths,0,2020-05-09T00:00:00.000+05:30
Western Sahara,ESH,Africa,597330,deaths,0,2020-05-10T00:00:00.000+05:30
Western Sahara,ESH,Africa,597330,deaths,0,2020-05-11T00:00:00.000+05:30
Western Sahara,ESH,Africa,597330,deaths,0,2020-05-12T00:00:00.000+05:30
Western Sahara,ESH,Africa,597330,deaths,0,2020-05-13T00:00:00.000+05:30
Western Sahara,ESH,Africa,597330,deaths,0,2020-05-14T00:00:00.000+05:30
Western Sahara,ESH,Africa,597330,deaths,0,2020-05-15T00:00:00.000+05:30
Western Sahara,ESH,Africa,597330,deaths,0,2020-05-16T00:00:00.000+05:30
Western Sahara,ESH,Africa,597330,deaths,0,2020-05-17T00:00:00.000+05:30
Western Sahara,ESH,Africa,597330,deaths,0,2020-05-18T00:00:00.000+05:30
Western Sahara,ESH,Africa,597330,deaths,0,2020-05-19T00:00:00.000+05:30
Western Sahara,ESH,Africa,597330,deaths,0,2020-05-20T00:00:00.000+05:30
Western Sahara,ESH,Africa,597330,deaths,0,2020-05-21T00:00:00.000+05:30
Western Sahara,ESH,Africa,597330,deaths,0,2020-05-22T00:00:00.000+05:30
Western Sahara,ESH,Africa,597330,deaths,0,2020-05-23T00:00:00.000+05:30
Western Sahara,ESH,Africa,597330,deaths,0,2020-05-24T00:00:00.000+05:30
Western Sahara,ESH,Africa,597330,deaths,0,2020-05-25T00:00:00.000+05:30
Western Sahara,ESH,Africa,597330,deaths,0,2020-05-26T00:00:00.000+05:30
Western Sahara,ESH,Africa,597330,deaths,0,2020-05-27T00:00:00.000+05:30
Western Sahara,ESH,Africa,597330,deaths,0,2020-05-28T00:00:00.000+05:30
Western Sahara,ESH,Africa,597330,deaths,0,2020-05-29T00:00:00.000+05:30
Western Sahara,ESH,Africa,597330,deaths,1,2020-05-30T00:00:00.000+05:30
Western Sahara,ESH,Africa,597330,deaths,0,2020-05-31T00:00:00.000+05:30
Yemen,YEM,Asia,29825968,confirmed cases,0,2020-05-01T00:00:00.000+05:30
Yemen,YEM,Asia,29825968,confirmed cases,1,2020-05-02T00:00:00.000+05:30
Yemen,YEM,Asia,29825968,confirmed cases,3,2020-05-03T00:00:00.000+05:30
Yemen,YEM,Asia,29825968,confirmed cases,0,2020-05-04T00:00:00.000+05:30
Yemen,YEM,Asia,29825968,confirmed cases,2,2020-05-05T00:00:00.000+05:30
Yemen,YEM,Asia,29825968,confirmed cases,9,2020-05-06T00:00:00.000+05:30
Yemen,YEM,Asia,29825968,confirmed cases,4,2020-05-07T00:00:00.000+05:30
Yemen,YEM,Asia,29825968,confirmed cases,1,2020-05-08T00:00:00.000+05:30
Yemen,YEM,Asia,29825968,confirmed cases,8,2020-05-09T00:00:00.000+05:30
Yemen,YEM,Asia,29825968,confirmed cases,0,2020-05-10T00:00:00.000+05:30
Yemen,YEM,Asia,29825968,confirmed cases,17,2020-05-11T00:00:00.000+05:30
Yemen,YEM,Asia,29825968,confirmed cases,5,2020-05-12T00:00:00.000+05:30
Yemen,YEM,Asia,29825968,confirmed cases,11,2020-05-13T00:00:00.000+05:30
Yemen,YEM,Asia,29825968,confirmed cases,3,2020-05-14T00:00:00.000+05:30
Yemen,YEM,Asia,29825968,confirmed cases,17,2020-05-15T00:00:00.000+05:30
Yemen,YEM,Asia,29825968,confirmed cases,19,2020-05-16T00:00:00.000+05:30
Yemen,YEM,Asia,29825968,confirmed cases,18,2020-05-17T00:00:00.000+05:30
Yemen,YEM,Asia,29825968,confirmed cases,4,2020-05-18T00:00:00.000+05:30
Yemen,YEM,Asia,29825968,confirmed cases,2,2020-05-19T00:00:00.000+05:30
Yemen,YEM,Asia,29825968,confirmed cases,37,2020-05-20T00:00:00.000+05:30
Yemen,YEM,Asia,29825968,confirmed cases,13,2020-05-21T00:00:00.000+05:30
Yemen,YEM,Asia,29825968,confirmed cases,13,2020-05-22T00:00:00.000+05:30
Yemen,YEM,Asia,29825968,confirmed cases,12,2020-05-23T00:00:00.000+05:30
Yemen,YEM,Asia,29825968,confirmed cases,7,2020-05-24T00:00:00.000+05:30
Yemen,YEM,Asia,29825968,confirmed cases,10,2020-05-25T00:00:00.000+05:30
Yemen,YEM,Asia,29825968,confirmed cases,15,2020-05-26T00:00:00.000+05:30
Yemen,YEM,Asia,29825968,confirmed cases,12,2020-05-27T00:00:00.000+05:30
Yemen,YEM,Asia,29825968,confirmed cases,6,2020-05-28T00:00:00.000+05:30
Yemen,YEM,Asia,29825968,confirmed cases,23,2020-05-29T00:00:00.000+05:30
Yemen,YEM,Asia,29825968,confirmed cases,9,2020-05-30T00:00:00.000+05:30
Yemen,YEM,Asia,29825968,confirmed cases,23,2020-05-31T00:00:00.000+05:30
Yemen,YEM,Asia,29825968,deaths,2,2020-05-01T00:00:00.000+05:30
Yemen,YEM,Asia,29825968,deaths,0,2020-05-02T00:00:00.000+05:30
Yemen,YEM,Asia,29825968,deaths,0,2020-05-03T00:00:00.000+05:30
Yemen,YEM,Asia,29825968,deaths,0,2020-05-04T00:00:00.000+05:30
Yemen,YEM,Asia,29825968,deaths,0,2020-05-05T00:00:00.000+05:30
Yemen,YEM,Asia,29825968,deaths,1,2020-05-06T00:00:00.000+05:30
Yemen,YEM,Asia,29825968,deaths,2,2020-05-07T00:00:00.000+05:30
Yemen,YEM,Asia,29825968,deaths,1,2020-05-08T00:00:00.000+05:30
Yemen,YEM,Asia,29825968,deaths,1,2020-05-09T00:00:00.000+05:30
Yemen,YEM,Asia,29825968,deaths,0,2020-05-10T00:00:00.000+05:30
Yemen,YEM,Asia,29825968,deaths,1,2020-05-11T00:00:00.000+05:30
Yemen,YEM,Asia,29825968,deaths,1,2020-05-12T00:00:00.000+05:30
Yemen,YEM,Asia,29825968,deaths,2,2020-05-13T00:00:00.000+05:30
Yemen,YEM,Asia,29825968,deaths,1,2020-05-14T00:00:00.000+05:30
Yemen,YEM,Asia,29825968,deaths,1,2020-05-15T00:00:00.000+05:30
Yemen,YEM,Asia,29825968,deaths,2,2020-05-16T00:00:00.000+05:30
Yemen,YEM,Asia,29825968,deaths,4,2020-05-17T00:00:00.000+05:30
Yemen,YEM,Asia,29825968,deaths,1,2020-05-18T00:00:00.000+05:30
Yemen,YEM,Asia,29825968,deaths,0,2020-05-19T00:00:00.000+05:30
Yemen,YEM,Asia,29825968,deaths,8,2020-05-20T00:00:00.000+05:30
Yemen,YEM,Asia,29825968,deaths,1,2020-05-21T00:00:00.000+05:30
Yemen,YEM,Asia,29825968,deaths,4,2020-05-22T00:00:00.000+05:30
Yemen,YEM,Asia,29825968,deaths,0,2020-05-23T00:00:00.000+05:30
Yemen,YEM,Asia,29825968,deaths,6,2020-05-24T00:00:00.000+05:30
Yemen,YEM,Asia,29825968,deaths,3,2020-05-25T00:00:00.000+05:30
Yemen,YEM,Asia,29825968,deaths,3,2020-05-26T00:00:00.000+05:30
Yemen,YEM,Asia,29825968,deaths,4,2020-05-27T00:00:00.000+05:30
Yemen,YEM,Asia,29825968,deaths,4,2020-05-28T00:00:00.000+05:30
Yemen,YEM,Asia,29825968,deaths,4,2020-05-29T00:00:00.000+05:30
Yemen,YEM,Asia,29825968,deaths,9,2020-05-30T00:00:00.000+05:30
Yemen,YEM,Asia,29825968,deaths,11,2020-05-31T00:00:00.000+05:30
Zambia,ZMB,Africa,18383956,confirmed cases,9,2020-05-01T00:00:00.000+05:30
Zambia,ZMB,Africa,18383956,confirmed cases,3,2020-05-02T00:00:00.000+05:30
Zambia,ZMB,Africa,18383956,confirmed cases,10,2020-05-03T00:00:00.000+05:30
Zambia,ZMB,Africa,18383956,confirmed cases,5,2020-05-04T00:00:00.000+05:30
Zambia,ZMB,Africa,18383956,confirmed cases,13,2020-05-05T00:00:00.000+05:30
Zambia,ZMB,Africa,18383956,confirmed cases,2,2020-05-06T00:00:00.000+05:30
Zambia,ZMB,Africa,18383956,confirmed cases,7,2020-05-07T00:00:00.000+05:30
Zambia,ZMB,Africa,18383956,confirmed cases,7,2020-05-08T00:00:00.000+05:30
Zambia,ZMB,Africa,18383956,confirmed cases,14,2020-05-09T00:00:00.000+05:30
Zambia,ZMB,Africa,18383956,confirmed cases,85,2020-05-10T00:00:00.000+05:30
Zambia,ZMB,Africa,18383956,confirmed cases,15,2020-05-11T00:00:00.000+05:30
Zambia,ZMB,Africa,18383956,confirmed cases,0,2020-05-12T00:00:00.000+05:30
Zambia,ZMB,Africa,18383956,confirmed cases,174,2020-05-13T00:00:00.000+05:30
Zambia,ZMB,Africa,18383956,confirmed cases,5,2020-05-14T00:00:00.000+05:30
Zambia,ZMB,Africa,18383956,confirmed cases,208,2020-05-15T00:00:00.000+05:30
Zambia,ZMB,Africa,18383956,confirmed cases,14,2020-05-16T00:00:00.000+05:30
Zambia,ZMB,Africa,18383956,confirmed cases,11,2020-05-17T00:00:00.000+05:30
Zambia,ZMB,Africa,18383956,confirmed cases,74,2020-05-18T00:00:00.000+05:30
Zambia,ZMB,Africa,18383956,confirmed cases,8,2020-05-19T00:00:00.000+05:30
Zambia,ZMB,Africa,18383956,confirmed cases,11,2020-05-20T00:00:00.000+05:30
Zambia,ZMB,Africa,18383956,confirmed cases,60,2020-05-21T00:00:00.000+05:30
Zambia,ZMB,Africa,18383956,confirmed cases,34,2020-05-22T00:00:00.000+05:30
Zambia,ZMB,Africa,18383956,confirmed cases,54,2020-05-23T00:00:00.000+05:30
Zambia,ZMB,Africa,18383956,confirmed cases,0,2020-05-24T00:00:00.000+05:30
Zambia,ZMB,Africa,18383956,confirmed cases,0,2020-05-25T00:00:00.000+05:30
Zambia,ZMB,Africa,18383956,confirmed cases,0,2020-05-26T00:00:00.000+05:30
Zambia,ZMB,Africa,18383956,confirmed cases,0,2020-05-27T00:00:00.000+05:30
Zambia,ZMB,Africa,18383956,confirmed cases,137,2020-05-28T00:00:00.000+05:30
Zambia,ZMB,Africa,18383956,confirmed cases,0,2020-05-29T00:00:00.000+05:30
Zambia,ZMB,Africa,18383956,confirmed cases,0,2020-05-30T00:00:00.000+05:30
Zambia,ZMB,Africa,18383956,confirmed cases,0,2020-05-31T00:00:00.000+05:30
Zambia,ZMB,Africa,18383956,deaths,0,2020-05-01T00:00:00.000+05:30
Zambia,ZMB,Africa,18383956,deaths,0,2020-05-02T00:00:00.000+05:30
Zambia,ZMB,Africa,18383956,deaths,0,2020-05-03T00:00:00.000+05:30
Zambia,ZMB,Africa,18383956,deaths,0,2020-05-04T00:00:00.000+05:30
Zambia,ZMB,Africa,18383956,deaths,0,2020-05-05T00:00:00.000+05:30
Zambia,ZMB,Africa,18383956,deaths,1,2020-05-06T00:00:00.000+05:30
Zambia,ZMB,Africa,18383956,deaths,0,2020-05-07T00:00:00.000+05:30
Zambia,ZMB,Africa,18383956,deaths,0,2020-05-08T00:00:00.000+05:30
Zambia,ZMB,Africa,18383956,deaths,0,2020-05-09T00:00:00.000+05:30
Zambia,ZMB,Africa,18383956,deaths,3,2020-05-10T00:00:00.000+05:30
Zambia,ZMB,Africa,18383956,deaths,0,2020-05-11T00:00:00.000+05:30
Zambia,ZMB,Africa,18383956,deaths,0,2020-05-12T00:00:00.000+05:30
Zambia,ZMB,Africa,18383956,deaths,0,2020-05-13T00:00:00.000+05:30
Zambia,ZMB,Africa,18383956,deaths,0,2020-05-14T00:00:00.000+05:30
Zambia,ZMB,Africa,18383956,deaths,0,2020-05-15T00:00:00.000+05:30
Zambia,ZMB,Africa,18383956,deaths,0,2020-05-16T00:00:00.000+05:30
Zambia,ZMB,Africa,18383956,deaths,0,2020-05-17T00:00:00.000+05:30
Zambia,ZMB,Africa,18383956,deaths,0,2020-05-18T00:00:00.000+05:30
Zambia,ZMB,Africa,18383956,deaths,0,2020-05-19T00:00:00.000+05:30
Zambia,ZMB,Africa,18383956,deaths,0,2020-05-20T00:00:00.000+05:30
Zambia,ZMB,Africa,18383956,deaths,0,2020-05-21T00:00:00.000+05:30
Zambia,ZMB,Africa,18383956,deaths,0,2020-05-22T00:00:00.000+05:30
Zambia,ZMB,Africa,18383956,deaths,0,2020-05-23T00:00:00.000+05:30
Zambia,ZMB,Africa,18383956,deaths,0,2020-05-24T00:00:00.000+05:30
Zambia,ZMB,Africa,18383956,deaths,0,2020-05-25T00:00:00.000+05:30
Zambia,ZMB,Africa,18383956,deaths,0,2020-05-26T00:00:00.000+05:30
Zambia,ZMB,Africa,18383956,deaths,0,2020-05-27T00:00:00.000+05:30
Zambia,ZMB,Africa,18383956,deaths,0,2020-05-28T00:00:00.000+05:30
Zambia,ZMB,Africa,18383956,deaths,0,2020-05-29T00:00:00.000+05:30
Zambia,ZMB,Africa,18383956,deaths,0,2020-05-30T00:00:00.000+05:30
Zambia,ZMB,Africa,18383956,deaths,0,2020-05-31T00:00:00.000+05:30
Zimbabwe,ZWE,Africa,14862927,confirmed cases,0,2020-05-01T00:00:00.000+05:30
Zimbabwe,ZWE,Africa,14862927,confirmed cases,0,2020-05-02T00:00:00.000+05:30
Zimbabwe,ZWE,Africa,14862927,confirmed cases,0,2020-05-03T00:00:00.000+05:30
Zimbabwe,ZWE,Africa,14862927,confirmed cases,0,2020-05-04T00:00:00.000+05:30
Zimbabwe,ZWE,Africa,14862927,confirmed cases,0,2020-05-05T00:00:00.000+05:30
Zimbabwe,ZWE,Africa,14862927,confirmed cases,0,2020-05-06T00:00:00.000+05:30
Zimbabwe,ZWE,Africa,14862927,confirmed cases,0,2020-05-07T00:00:00.000+05:30
Zimbabwe,ZWE,Africa,14862927,confirmed cases,0,2020-05-08T00:00:00.000+05:30
Zimbabwe,ZWE,Africa,14862927,confirmed cases,1,2020-05-09T00:00:00.000+05:30
Zimbabwe,ZWE,Africa,14862927,confirmed cases,1,2020-05-10T00:00:00.000+05:30
Zimbabwe,ZWE,Africa,14862927,confirmed cases,0,2020-05-11T00:00:00.000+05:30
Zimbabwe,ZWE,Africa,14862927,confirmed cases,1,2020-05-12T00:00:00.000+05:30
Zimbabwe,ZWE,Africa,14862927,confirmed cases,0,2020-05-13T00:00:00.000+05:30
Zimbabwe,ZWE,Africa,14862927,confirmed cases,0,2020-05-14T00:00:00.000+05:30
Zimbabwe,ZWE,Africa,14862927,confirmed cases,0,2020-05-15T00:00:00.000+05:30
Zimbabwe,ZWE,Africa,14862927,confirmed cases,5,2020-05-16T00:00:00.000+05:30
Zimbabwe,ZWE,Africa,14862927,confirmed cases,2,2020-05-17T00:00:00.000+05:30
Zimbabwe,ZWE,Africa,14862927,confirmed cases,2,2020-05-18T00:00:00.000+05:30
Zimbabwe,ZWE,Africa,14862927,confirmed cases,0,2020-05-19T00:00:00.000+05:30
Zimbabwe,ZWE,Africa,14862927,confirmed cases,0,2020-05-20T00:00:00.000+05:30
Zimbabwe,ZWE,Africa,14862927,confirmed cases,2,2020-05-21T00:00:00.000+05:30
Zimbabwe,ZWE,Africa,14862927,confirmed cases,3,2020-05-22T00:00:00.000+05:30
Zimbabwe,ZWE,Africa,14862927,confirmed cases,5,2020-05-23T00:00:00.000+05:30
Zimbabwe,ZWE,Africa,14862927,confirmed cases,0,2020-05-24T00:00:00.000+05:30
Zimbabwe,ZWE,Africa,14862927,confirmed cases,0,2020-05-25T00:00:00.000+05:30
Zimbabwe,ZWE,Africa,14862927,confirmed cases,0,2020-05-26T00:00:00.000+05:30
Zimbabwe,ZWE,Africa,14862927,confirmed cases,0,2020-05-27T00:00:00.000+05:30
Zimbabwe,ZWE,Africa,14862927,confirmed cases,76,2020-05-28T00:00:00.000+05:30
Zimbabwe,ZWE,Africa,14862927,confirmed cases,17,2020-05-29T00:00:00.000+05:30
Zimbabwe,ZWE,Africa,14862927,confirmed cases,11,2020-05-30T00:00:00.000+05:30
Zimbabwe,ZWE,Africa,14862927,confirmed cases,14,2020-05-31T00:00:00.000+05:30
Zimbabwe,ZWE,Africa,14862927,deaths,0,2020-05-01T00:00:00.000+05:30
Zimbabwe,ZWE,Africa,14862927,deaths,0,2020-05-02T00:00:00.000+05:30
Zimbabwe,ZWE,Africa,14862927,deaths,0,2020-05-03T00:00:00.000+05:30
Zimbabwe,ZWE,Africa,14862927,deaths,0,2020-05-04T00:00:00.000+05:30
Zimbabwe,ZWE,Africa,14862927,deaths,0,2020-05-05T00:00:00.000+05:30
Zimbabwe,ZWE,Africa,14862927,deaths,0,2020-05-06T00:00:00.000+05:30
Zimbabwe,ZWE,Africa,14862927,deaths,0,2020-05-07T00:00:00.000+05:30
Zimbabwe,ZWE,Africa,14862927,deaths,0,2020-05-08T00:00:00.000+05:30
Zimbabwe,ZWE,Africa,14862927,deaths,0,2020-05-09T00:00:00.000+05:30
Zimbabwe,ZWE,Africa,14862927,deaths,0,2020-05-10T00:00:00.000+05:30
Zimbabwe,ZWE,Africa,14862927,deaths,0,2020-05-11T00:00:00.000+05:30
Zimbabwe,ZWE,Africa,14862927,deaths,0,2020-05-12T00:00:00.000+05:30
Zimbabwe,ZWE,Africa,14862927,deaths,0,2020-05-13T00:00:00.000+05:30
Zimbabwe,ZWE,Africa,14862927,deaths,0,2020-05-14T00:00:00.000+05:30
Zimbabwe,ZWE,Africa,14862927,deaths,0,2020-05-15T00:00:00.000+05:30
Zimbabwe,ZWE,Africa,14862927,deaths,0,2020-05-16T00:00:00.000+05:30
Zimbabwe,ZWE,Africa,14862927,deaths,0,2020-05-17T00:00:00.000+05:30
Zimbabwe,ZWE,Africa,14862927,deaths,0,2020-05-18T00:00:00.000+05:30
Zimbabwe,ZWE,Africa,14862927,deaths,0,2020-05-19T00:00:00.000+05:30
Zimbabwe,ZWE,Africa,14862927,deaths,0,2020-05-20T00:00:00.000+05:30
Zimbabwe,ZWE,Africa,14862927,deaths,0,2020-05-21T00:00:00.000+05:30
Zimbabwe,ZWE,Africa,14862927,deaths,0,2020-05-22T00:00:00.000+05:30
Zimbabwe,ZWE,Africa,14862927,deaths,0,2020-05-23T00:00:00.000+05:30
Zimbabwe,ZWE,Africa,14862927,deaths,0,2020-05-24T00:00:00.000+05:30
Zimbabwe,ZWE,Africa,14862927,deaths,0,2020-05-25T00:00:00.000+05:30
Zimbabwe,ZWE,Africa,14862927,deaths,0,2020-05-26T00:00:00.000+05:30
Zimbabwe,ZWE,Africa,14862927,deaths,0,2020-05-27T00:00:00.000+05:30
Zimbabwe,ZWE,Africa,14862927,deaths,0,2020-05-28T00:00:00.000+05:30
Zimbabwe,ZWE,Africa,14862927,deaths,0,2020-05-29T00:00:00.000+05:30
Zimbabwe,ZWE,Africa,14862927,deaths,0,2020-05-30T00:00:00.000+05:30
Zimbabwe,ZWE,Africa,14862927,deaths,0,2020-05-31T00:00:00.000+05:30
