Uzbekistan,UZB,Asia,33469199,deaths,6,2020-08-12T00:00:00.000+05:30
Uzbekistan,UZB,Asia,33469199,deaths,5,2020-08-13T00:00:00.000+05:30
Uzbekistan,UZB,Asia,33469199,deaths,5,2020-08-14T00:00:00.000+05:30
Uzbekistan,UZB,Asia,33469199,deaths,5,2020-08-15T00:00:00.000+05:30
Uzbekistan,UZB,Asia,33469199,deaths,5,2020-08-16T00:00:00.000+05:30
Uzbekistan,UZB,Asia,33469199,deaths,0,2020-08-17T00:00:00.000+05:30
Uzbekistan,UZB,Asia,33469199,deaths,12,2020-08-18T00:00:00.000+05:30
Uzbekistan,UZB,Asia,33469199,deaths,5,2020-08-19T00:00:00.000+05:30
Uzbekistan,UZB,Asia,33469199,deaths,5,2020-08-20T00:00:00.000+05:30
Uzbekistan,UZB,Asia,33469199,deaths,6,2020-08-21T00:00:00.000+05:30
Uzbekistan,UZB,Asia,33469199,deaths,6,2020-08-22T00:00:00.000+05:30
Uzbekistan,UZB,Asia,33469199,deaths,7,2020-08-23T00:00:00.000+05:30
Uzbekistan,UZB,Asia,33469199,deaths,4,2020-08-24T00:00:00.000+05:30
Uzbekistan,UZB,Asia,33469199,deaths,9,2020-08-25T00:00:00.000+05:30
Uzbekistan,UZB,Asia,33469199,deaths,7,2020-08-26T00:00:00.000+05:30
Uzbekistan,UZB,Asia,33469199,deaths,6,2020-08-27T00:00:00.000+05:30
Uzbekistan,UZB,Asia,33469199,deaths,5,2020-08-28T00:00:00.000+05:30
Uzbekistan,UZB,Asia,33469199,deaths,5,2020-08-29T00:00:00.000+05:30
Uzbekistan,UZB,Asia,33469199,deaths,6,2020-08-30T00:00:00.000+05:30
Uzbekistan,UZB,Asia,33469199,deaths,6,2020-08-31T00:00:00.000+05:30
Venezuela,VEN,America,28435943,confirmed cases,715,2020-08-01T00:00:00.000+05:30
Venezuela,VEN,America,28435943,confirmed cases,869,2020-08-02T00:00:00.000+05:30
Venezuela,VEN,America,28435943,confirmed cases,763,2020-08-03T00:00:00.000+05:30
Venezuela,VEN,America,28435943,confirmed cases,0,2020-08-04T00:00:00.000+05:30
Venezuela,VEN,America,28435943,confirmed cases,1232,2020-08-05T00:00:00.000+05:30
Venezuela,VEN,America,28435943,confirmed cases,861,2020-08-06T00:00:00.000+05:30
Venezuela,VEN,America,28435943,confirmed cases,981,2020-08-07T00:00:00.000+05:30
Venezuela,VEN,America,28435943,confirmed cases,886,2020-08-08T00:00:00.000+05:30
Venezuela,VEN,America,28435943,confirmed cases,0,2020-08-09T00:00:00.000+05:30
Venezuela,VEN,America,28435943,confirmed cases,1639,2020-08-10T00:00:00.000+05:30
Venezuela,VEN,America,28435943,confirmed cases,0,2020-08-11T00:00:00.000+05:30
Venezuela,VEN,America,28435943,confirmed cases,2133,2020-08-12T00:00:00.000+05:30
Venezuela,VEN,America,28435943,confirmed cases,1150,2020-08-13T00:00:00.000+05:30
Venezuela,VEN,America,28435943,confirmed cases,1281,2020-08-14T00:00:00.000+05:30
Venezuela,VEN,America,28435943,confirmed cases,1012,2020-08-15T00:00:00.000+05:30
Venezuela,VEN,America,28435943,confirmed cases,1226,2020-08-16T00:00:00.000+05:30
Venezuela,VEN,America,28435943,confirmed cases,1148,2020-08-17T00:00:00.000+05:30
Venezuela,VEN,America,28435943,confirmed cases,1047,2020-08-18T00:00:00.000+05:30
Venezuela,VEN,America,28435943,confirmed cases,895,2020-08-19T00:00:00.000+05:30
Venezuela,VEN,America,28435943,confirmed cases,1171,2020-08-20T00:00:00.000+05:30
Venezuela,VEN,America,28435943,confirmed cases,699,2020-08-21T00:00:00.000+05:30
Venezuela,VEN,America,28435943,confirmed cases,621,2020-08-22T00:00:00.000+05:30
Venezuela,VEN,America,28435943,confirmed cases,769,2020-08-23T00:00:00.000+05:30
Venezuela,VEN,America,28435943,confirmed cases,607,2020-08-24T00:00:00.000+05:30
Venezuela,VEN,America,28435943,confirmed cases,774,2020-08-25T00:00:00.000+05:30
Venezuela,VEN,America,28435943,confirmed cases,820,2020-08-26T00:00:00.000+05:30
Venezuela,VEN,America,28435943,confirmed cases,0,2020-08-27T00:00:00.000+05:30
Venezuela,VEN,America,28435943,confirmed cases,1740,2020-08-28T00:00:00.000+05:30
Venezuela,VEN,America,28435943,confirmed cases,981,2020-08-29T00:00:00.000+05:30
Venezuela,VEN,America,28435943,confirmed cases,1067,2020-08-30T00:00:00.000+05:30
Venezuela,VEN,America,28435943,confirmed cases,922,2020-08-31T00:00:00.000+05:30
Venezuela,VEN,America,28435943,deaths,6,2020-08-01T00:00:00.000+05:30
Venezuela,VEN,America,28435943,deaths,5,2020-08-02T00:00:00.000+05:30
Venezuela,VEN,America,28435943,deaths,5,2020-08-03T00:00:00.000+05:30
Venezuela,VEN,America,28435943,deaths,0,2020-08-04T00:00:00.000+05:30
Venezuela,VEN,America,28435943,deaths,13,2020-08-05T00:00:00.000+05:30
Venezuela,VEN,America,28435943,deaths,8,2020-08-06T00:00:00.000+05:30
Venezuela,VEN,America,28435943,deaths,7,2020-08-07T00:00:00.000+05:30
Venezuela,VEN,America,28435943,deaths,6,2020-08-08T00:00:00.000+05:30
Venezuela,VEN,America,28435943,deaths,0,2020-08-09T00:00:00.000+05:30
Venezuela,VEN,America,28435943,deaths,15,2020-08-10T00:00:00.000+05:30
Venezuela,VEN,America,28435943,deaths,0,2020-08-11T00:00:00.000+05:30
Venezuela,VEN,America,28435943,deaths,15,2020-08-12T00:00:00.000+05:30
Venezuela,VEN,America,28435943,deaths,9,2020-08-13T00:00:00.000+05:30
Venezuela,VEN,America,28435943,deaths,12,2020-08-14T00:00:00.000+05:30
Venezuela,VEN,America,28435943,deaths,7,2020-08-15T00:00:00.000+05:30
Venezuela,VEN,America,28435943,deaths,10,2020-08-16T00:00:00.000+05:30
Venezuela,VEN,America,28435943,deaths,5,2020-08-17T00:00:00.000+05:30
Venezuela,VEN,America,28435943,deaths,7,2020-08-18T00:00:00.000+05:30
Venezuela,VEN,America,28435943,deaths,9,2020-08-19T00:00:00.000+05:30
Venezuela,VEN,America,28435943,deaths,6,2020-08-20T00:00:00.000+05:30
Venezuela,VEN,America,28435943,deaths,8,2020-08-21T00:00:00.000+05:30
Venezuela,VEN,America,28435943,deaths,6,2020-08-22T00:00:00.000+05:30
Venezuela,VEN,America,28435943,deaths,6,2020-08-23T00:00:00.000+05:30
Venezuela,VEN,America,28435943,deaths,6,2020-08-24T00:00:00.000+05:30
Venezuela,VEN,America,28435943,deaths,8,2020-08-25T00:00:00.000+05:30
Venezuela,VEN,America,28435943,deaths,6,2020-08-26T00:00:00.000+05:30
Venezuela,VEN,America,28435943,deaths,0,2020-08-27T00:00:00.000+05:30
Venezuela,VEN,America,28435943,deaths,15,2020-08-28T00:00:00.000+05:30
Venezuela,VEN,America,28435943,deaths,0,2020-08-29T00:00:00.000+05:30
Venezuela,VEN,America,28435943,deaths,17,2020-08-30T00:00:00.000+05:30
Venezuela,VEN,America,28435943,deaths,6,2020-08-31T00:00:00.000+05:30
Vietnam,VNM,Asia,97338583,confirmed cases,49,2020-08-01T00:00:00.000+05:30
Vietnam,VNM,Asia,97338583,confirmed cases,32,2020-08-02T00:00:00.000+05:30
Vietnam,VNM,Asia,97338583,confirmed cases,31,2020-08-03T00:00:00.000+05:30
Vietnam,VNM,Asia,97338583,confirmed cases,31,2020-08-04T00:00:00.000+05:30
Vietnam,VNM,Asia,97338583,confirmed cases,20,2020-08-05T00:00:00.000+05:30
Vietnam,VNM,Asia,97338583,confirmed cases,45,2020-08-06T00:00:00.000+05:30
Vietnam,VNM,Asia,97338583,confirmed cases,33,2020-08-07T00:00:00.000+05:30
Vietnam,VNM,Asia,97338583,confirmed cases,39,2020-08-08T00:00:00.000+05:30
Vietnam,VNM,Asia,97338583,confirmed cases,23,2020-08-09T00:00:00.000+05:30
Vietnam,VNM,Asia,97338583,confirmed cases,29,2020-08-10T00:00:00.000+05:30
Vietnam,VNM,Asia,97338583,confirmed cases,5,2020-08-11T00:00:00.000+05:30
Vietnam,VNM,Asia,97338583,confirmed cases,20,2020-08-12T00:00:00.000+05:30
Vietnam,VNM,Asia,97338583,confirmed cases,17,2020-08-13T00:00:00.000+05:30
Vietnam,VNM,Asia,97338583,confirmed cases,28,2020-08-14T00:00:00.000+05:30
Vietnam,VNM,Asia,97338583,confirmed cases,19,2020-08-15T00:00:00.000+05:30
Vietnam,VNM,Asia,97338583,confirmed cases,4,2020-08-16T00:00:00.000+05:30
Vietnam,VNM,Asia,97338583,confirmed cases,30,2020-08-17T00:00:00.000+05:30
Vietnam,VNM,Asia,97338583,confirmed cases,19,2020-08-18T00:00:00.000+05:30
Vietnam,VNM,Asia,97338583,confirmed cases,6,2020-08-19T00:00:00.000+05:30
Vietnam,VNM,Asia,97338583,confirmed cases,5,2020-08-20T00:00:00.000+05:30
Vietnam,VNM,Asia,97338583,confirmed cases,13,2020-08-21T00:00:00.000+05:30
Vietnam,VNM,Asia,97338583,confirmed cases,2,2020-08-22T00:00:00.000+05:30
Vietnam,VNM,Asia,97338583,confirmed cases,5,2020-08-23T00:00:00.000+05:30
Vietnam,VNM,Asia,97338583,confirmed cases,2,2020-08-24T00:00:00.000+05:30
Vietnam,VNM,Asia,97338583,confirmed cases,6,2020-08-25T00:00:00.000+05:30
Vietnam,VNM,Asia,97338583,confirmed cases,7,2020-08-26T00:00:00.000+05:30
Vietnam,VNM,Asia,97338583,confirmed cases,5,2020-08-27T00:00:00.000+05:30
Vietnam,VNM,Asia,97338583,confirmed cases,2,2020-08-28T00:00:00.000+05:30
Vietnam,VNM,Asia,97338583,confirmed cases,2,2020-08-29T00:00:00.000+05:30
Vietnam,VNM,Asia,97338583,confirmed cases,2,2020-08-30T00:00:00.000+05:30
Vietnam,VNM,Asia,97338583,confirmed cases,0,2020-08-31T00:00:00.000+05:30
Vietnam,VNM,Asia,97338583,deaths,3,2020-08-01T00:00:00.000+05:30
Vietnam,VNM,Asia,97338583,deaths,2,2020-08-02T00:00:00.000+05:30
Vietnam,VNM,Asia,97338583,deaths,1,2020-08-03T00:00:00.000+05:30
Vietnam,VNM,Asia,97338583,deaths,2,2020-08-04T00:00:00.000+05:30
Vietnam,VNM,Asia,97338583,deaths,0,2020-08-05T00:00:00.000+05:30
Vietnam,VNM,Asia,97338583,deaths,1,2020-08-06T00:00:00.000+05:30
Vietnam,VNM,Asia,97338583,deaths,1,2020-08-07T00:00:00.000+05:30
Vietnam,VNM,Asia,97338583,deaths,0,2020-08-08T00:00:00.000+05:30
Vietnam,VNM,Asia,97338583,deaths,0,2020-08-09T00:00:00.000+05:30
Vietnam,VNM,Asia,97338583,deaths,3,2020-08-10T00:00:00.000+05:30
Vietnam,VNM,Asia,97338583,deaths,0,2020-08-11T00:00:00.000+05:30
Vietnam,VNM,Asia,97338583,deaths,4,2020-08-12T00:00:00.000+05:30
Vietnam,VNM,Asia,97338583,deaths,1,2020-08-13T00:00:00.000+05:30
Vietnam,VNM,Asia,97338583,deaths,3,2020-08-14T00:00:00.000+05:30
Vietnam,VNM,Asia,97338583,deaths,0,2020-08-15T00:00:00.000+05:30
Vietnam,VNM,Asia,97338583,deaths,1,2020-08-16T00:00:00.000+05:30
Vietnam,VNM,Asia,97338583,deaths,2,2020-08-17T00:00:00.000+05:30
Vietnam,VNM,Asia,97338583,deaths,1,2020-08-18T00:00:00.000+05:30
Vietnam,VNM,Asia,97338583,deaths,0,2020-08-19T00:00:00.000+05:30
Vietnam,VNM,Asia,97338583,deaths,0,2020-08-20T00:00:00.000+05:30
Vietnam,VNM,Asia,97338583,deaths,0,2020-08-21T00:00:00.000+05:30
Vietnam,VNM,Asia,97338583,deaths,0,2020-08-22T00:00:00.000+05:30
Vietnam,VNM,Asia,97338583,deaths,1,2020-08-23T00:00:00.000+05:30
Vietnam,VNM,Asia,97338583,deaths,1,2020-08-24T00:00:00.000+05:30
Vietnam,VNM,Asia,97338583,deaths,0,2020-08-25T00:00:00.000+05:30
Vietnam,VNM,Asia,97338583,deaths,0,2020-08-26T00:00:00.000+05:30
Vietnam,VNM,Asia,97338583,deaths,3,2020-08-27T00:00:00.000+05:30
Vietnam,VNM,Asia,97338583,deaths,0,2020-08-28T00:00:00.000+05:30
Vietnam,VNM,Asia,97338583,deaths,1,2020-08-29T00:00:00.000+05:30
Vietnam,VNM,Asia,97338583,deaths,1,2020-08-30T00:00:00.000+05:30
Vietnam,VNM,Asia,97338583,deaths,0,2020-08-31T00:00:00.000+05:30
Wallis and Futuna,WLF,Oceania,11246,confirmed cases,0,2020-08-01T00:00:00.000+05:30
Wallis and Futuna,WLF,Oceania,11246,confirmed cases,0,2020-08-02T00:00:00.000+05:30
Wallis and Futuna,WLF,Oceania,11246,confirmed cases,0,2020-08-03T00:00:00.000+05:30
Wallis and Futuna,WLF,Oceania,11246,confirmed cases,0,2020-08-04T00:00:00.000+05:30
Wallis and Futuna,WLF,Oceania,11246,confirmed cases,0,2020-08-05T00:00:00.000+05:30
Wallis and Futuna,WLF,Oceania,11246,confirmed cases,0,2020-08-06T00:00:00.000+05:30
Wallis and Futuna,WLF,Oceania,11246,confirmed cases,0,2020-08-07T00:00:00.000+05:30
Wallis and Futuna,WLF,Oceania,11246,confirmed cases,0,2020-08-08T00:00:00.000+05:30
Wallis and Futuna,WLF,Oceania,11246,confirmed cases,0,2020-08-09T00:00:00.000+05:30
Wallis and Futuna,WLF,Oceania,11246,confirmed cases,0,2020-08-10T00:00:00.000+05:30
Wallis and Futuna,WLF,Oceania,11246,confirmed cases,0,2020-08-11T00:00:00.000+05:30
Wallis and Futuna,WLF,Oceania,11246,confirmed cases,0,2020-08-12T00:00:00.000+05:30
Wallis and Futuna,WLF,Oceania,11246,confirmed cases,0,2020-08-13T00:00:00.000+05:30
Wallis and Futuna,WLF,Oceania,11246,confirmed cases,0,2020-08-14T00:00:00.000+05:30
Wallis and Futuna,WLF,Oceania,11246,confirmed cases,0,2020-08-15T00:00:00.000+05:30
Wallis and Futuna,WLF,Oceania,11246,confirmed cases,0,2020-08-16T00:00:00.000+05:30
Wallis and Futuna,WLF,Oceania,11246,confirmed cases,0,2020-08-17T00:00:00.000+05:30
Wallis and Futuna,WLF,Oceania,11246,confirmed cases,0,2020-08-18T00:00:00.000+05:30
Wallis and Futuna,WLF,Oceania,11246,confirmed cases,0,2020-08-19T00:00:00.000+05:30
Wallis and Futuna,WLF,Oceania,11246,confirmed cases,0,2020-08-20T00:00:00.000+05:30
Wallis and Futuna,WLF,Oceania,11246,confirmed cases,0,2020-08-21T00:00:00.000+05:30
Wallis and Futuna,WLF,Oceania,11246,confirmed cases,0,2020-08-22T00:00:00.000+05:30
Wallis and Futuna,WLF,Oceania,11246,confirmed cases,0,2020-08-23T00:00:00.000+05:30
Wallis and Futuna,WLF,Oceania,11246,confirmed cases,0,2020-08-24T00:00:00.000+05:30
Wallis and Futuna,WLF,Oceania,11246,confirmed cases,0,2020-08-25T00:00:00.000+05:30
Wallis and Futuna,WLF,Oceania,11246,confirmed cases,0,2020-08-26T00:00:00.000+05:30
Wallis and Futuna,WLF,Oceania,11246,confirmed cases,0,2020-08-27T00:00:00.000+05:30
Wallis and Futuna,WLF,Oceania,11246,confirmed cases,0,2020-08-28T00:00:00.000+05:30
Wallis and Futuna,WLF,Oceania,11246,confirmed cases,0,2020-08-29T00:00:00.000+05:30
Wallis and Futuna,WLF,Oceania,11246,confirmed cases,0,2020-08-30T00:00:00.000+05:30
Wallis and Futuna,WLF,Oceania,11246,confirmed cases,0,2020-08-31T00:00:00.000+05:30
Wallis and Futuna,WLF,Oceania,11246,deaths,0,2020-08-01T00:00:00.000+05:30
Wallis and Futuna,WLF,Oceania,11246,deaths,0,2020-08-02T00:00:00.000+05:30
Wallis and Futuna,WLF,Oceania,11246,deaths,0,2020-08-03T00:00:00.000+05:30
Wallis and Futuna,WLF,Oceania,11246,deaths,0,2020-08-04T00:00:00.000+05:30
Wallis and Futuna,WLF,Oceania,11246,deaths,0,2020-08-05T00:00:00.000+05:30
Wallis and Futuna,WLF,Oceania,11246,deaths,0,2020-08-06T00:00:00.000+05:30
Wallis and Futuna,WLF,Oceania,11246,deaths,0,2020-08-07T00:00:00.000+05:30
Wallis and Futuna,WLF,Oceania,11246,deaths,0,2020-08-08T00:00:00.000+05:30
Wallis and Futuna,WLF,Oceania,11246,deaths,0,2020-08-09T00:00:00.000+05:30
Wallis and Futuna,WLF,Oceania,11246,deaths,0,2020-08-10T00:00:00.000+05:30
Wallis and Futuna,WLF,Oceania,11246,deaths,0,2020-08-11T00:00:00.000+05:30
Wallis and Futuna,WLF,Oceania,11246,deaths,0,2020-08-12T00:00:00.000+05:30
Wallis and Futuna,WLF,Oceania,11246,deaths,0,2020-08-13T00:00:00.000+05:30
Wallis and Futuna,WLF,Oceania,11246,deaths,0,2020-08-14T00:00:00.000+05:30
Wallis and Futuna,WLF,Oceania,11246,deaths,0,2020-08-15T00:00:00.000+05:30
Wallis and Futuna,WLF,Oceania,11246,deaths,0,2020-08-16T00:00:00.000+05:30
Wallis and Futuna,WLF,Oceania,11246,deaths,0,2020-08-17T00:00:00.000+05:30
Wallis and Futuna,WLF,Oceania,11246,deaths,0,2020-08-18T00:00:00.000+05:30
Wallis and Futuna,WLF,Oceania,11246,deaths,0,2020-08-19T00:00:00.000+05:30
Wallis and Futuna,WLF,Oceania,11246,deaths,0,2020-08-20T00:00:00.000+05:30
Wallis and Futuna,WLF,Oceania,11246,deaths,0,2020-08-21T00:00:00.000+05:30
Wallis and Futuna,WLF,Oceania,11246,deaths,0,2020-08-22T00:00:00.000+05:30
Wallis and Futuna,WLF,Oceania,11246,deaths,0,2020-08-23T00:00:00.000+05:30
Wallis and Futuna,WLF,Oceania,11246,deaths,0,2020-08-24T00:00:00.000+05:30
Wallis and Futuna,WLF,Oceania,11246,deaths,0,2020-08-25T00:00:00.000+05:30
Wallis and Futuna,WLF,Oceania,11246,deaths,0,2020-08-26T00:00:00.000+05:30
Wallis and Futuna,WLF,Oceania,11246,deaths,0,2020-08-27T00:00:00.000+05:30
Wallis and Futuna,WLF,Oceania,11246,deaths,0,2020-08-28T00:00:00.000+05:30
Wallis and Futuna,WLF,Oceania,11246,deaths,0,2020-08-29T00:00:00.000+05:30
Wallis and Futuna,WLF,Oceania,11246,deaths,0,2020-08-30T00:00:00.000+05:30
Wallis and Futuna,WLF,Oceania,11246,deaths,0,2020-08-31T00:00:00.000+05:30
Western Sahara,ESH,Africa,597330,confirmed cases,0,2020-08-01T00:00:00.000+05:30
Western Sahara,ESH,Africa,597330,confirmed cases,0,2020-08-02T00:00:00.000+05:30
Western Sahara,ESH,Africa,597330,confirmed cases,0,2020-08-03T00:00:00.000+05:30
Western Sahara,ESH,Africa,597330,confirmed cases,0,2020-08-04T00:00:00.000+05:30
Western Sahara,ESH,Africa,597330,confirmed cases,0,2020-08-05T00:00:00.000+05:30
Western Sahara,ESH,Africa,597330,confirmed cases,0,2020-08-06T00:00:00.000+05:30
Western Sahara,ESH,Africa,597330,confirmed cases,0,2020-08-07T00:00:00.000+05:30
Western Sahara,ESH,Africa,597330,confirmed cases,0,2020-08-08T00:00:00.000+05:30
Western Sahara,ESH,Africa,597330,confirmed cases,0,2020-08-09T00:00:00.000+05:30
Western Sahara,ESH,Africa,597330,confirmed cases,0,2020-08-10T00:00:00.000+05:30
Western Sahara,ESH,Africa,597330,confirmed cases,0,2020-08-11T00:00:00.000+05:30
Western Sahara,ESH,Africa,597330,confirmed cases,0,2020-08-12T00:00:00.000+05:30
Western Sahara,ESH,Africa,597330,confirmed cases,0,2020-08-13T00:00:00.000+05:30
Western Sahara,ESH,Africa,597330,confirmed cases,0,2020-08-14T00:00:00.000+05:30
Western Sahara,ESH,Africa,597330,confirmed cases,0,2020-08-15T00:00:00.000+05:30
Western Sahara,ESH,Africa,597330,confirmed cases,0,2020-08-16T00:00:00.000+05:30
Western Sahara,ESH,Africa,597330,confirmed cases,0,2020-08-17T00:00:00.000+05:30
Western Sahara,ESH,Africa,597330,confirmed cases,0,2020-08-18T00:00:00.000+05:30
Western Sahara,ESH,Africa,597330,confirmed cases,0,2020-08-19T00:00:00.000+05:30
Western Sahara,ESH,Africa,597330,confirmed cases,0,2020-08-20T00:00:00.000+05:30
Western Sahara,ESH,Africa,597330,confirmed cases,0,2020-08-21T00:00:00.000+05:30
Western Sahara,ESH,Africa,597330,confirmed cases,0,2020-08-22T00:00:00.000+05:30
Western Sahara,ESH,Africa,597330,confirmed cases,0,2020-08-23T00:00:00.000+05:30
Western Sahara,ESH,Africa,597330,confirmed cases,0,2020-08-24T00:00:00.000+05:30
Western Sahara,ESH,Africa,597330,confirmed cases,0,2020-08-25T00:00:00.000+05:30
Western Sahara,ESH,Africa,597330,confirmed cases,0,2020-08-26T00:00:00.000+05:30
Western Sahara,ESH,Africa,597330,confirmed cases,0,2020-08-27T00:00:00.000+05:30
Western Sahara,ESH,Africa,597330,confirmed cases,0,2020-08-28T00:00:00.000+05:30
Western Sahara,ESH,Africa,597330,confirmed cases,0,2020-08-29T00:00:00.000+05:30
Western Sahara,ESH,Africa,597330,confirmed cases,0,2020-08-30T00:00:00.000+05:30
Western Sahara,ESH,Africa,597330,confirmed cases,0,2020-08-31T00:00:00.000+05:30
Western Sahara,ESH,Africa,597330,deaths,0,2020-08-01T00:00:00.000+05:30
Western Sahara,ESH,Africa,597330,deaths,0,2020-08-02T00:00:00.000+05:30
Western Sahara,ESH,Africa,597330,deaths,0,2020-08-03T00:00:00.000+05:30
Western Sahara,ESH,Africa,597330,deaths,0,2020-08-04T00:00:00.000+05:30
Western Sahara,ESH,Africa,597330,deaths,0,2020-08-05T00:00:00.000+05:30
Western Sahara,ESH,Africa,597330,deaths,0,2020-08-06T00:00:00.000+05:30
Western Sahara,ESH,Africa,597330,deaths,0,2020-08-07T00:00:00.000+05:30
Western Sahara,ESH,Africa,597330,deaths,0,2020-08-08T00:00:00.000+05:30
Western Sahara,ESH,Africa,597330,deaths,0,2020-08-09T00:00:00.000+05:30
Western Sahara,ESH,Africa,597330,deaths,0,2020-08-10T00:00:00.000+05:30
Western Sahara,ESH,Africa,597330,deaths,0,2020-08-11T00:00:00.000+05:30
Western Sahara,ESH,Africa,597330,deaths,0,2020-08-12T00:00:00.000+05:30
Western Sahara,ESH,Africa,597330,deaths,0,2020-08-13T00:00:00.000+05:30
Western Sahara,ESH,Africa,597330,deaths,0,2020-08-14T00:00:00.000+05:30
Western Sahara,ESH,Africa,597330,deaths,0,2020-08-15T00:00:00.000+05:30
Western Sahara,ESH,Africa,597330,deaths,0,2020-08-16T00:00:00.000+05:30
Western Sahara,ESH,Africa,597330,deaths,0,2020-08-17T00:00:00.000+05:30
Western Sahara,ESH,Africa,597330,deaths,0,2020-08-18T00:00:00.000+05:30
Western Sahara,ESH,Africa,597330,deaths,0,2020-08-19T00:00:00.000+05:30
Western Sahara,ESH,Africa,597330,deaths,0,2020-08-20T00:00:00.000+05:30
Western Sahara,ESH,Africa,597330,deaths,0,2020-08-21T00:00:00.000+05:30
Western Sahara,ESH,Africa,597330,deaths,0,2020-08-22T00:00:00.000+05:30
Western Sahara,ESH,Africa,597330,deaths,0,2020-08-23T00:00:00.000+05:30
Western Sahara,ESH,Africa,597330,deaths,0,2020-08-24T00:00:00.000+05:30
Western Sahara,ESH,Africa,597330,deaths,0,2020-08-25T00:00:00.000+05:30
Western Sahara,ESH,Africa,597330,deaths,0,2020-08-26T00:00:00.000+05:30
Western Sahara,ESH,Africa,597330,deaths,0,2020-08-27T00:00:00.000+05:30
Western Sahara,ESH,Africa,597330,deaths,0,2020-08-28T00:00:00.000+05:30
Western Sahara,ESH,Africa,597330,deaths,0,2020-08-29T00:00:00.000+05:30
Western Sahara,ESH,Africa,597330,deaths,0,2020-08-30T00:00:00.000+05:30
Western Sahara,ESH,Africa,597330,deaths,0,2020-08-31T00:00:00.000+05:30
Yemen,YEM,Asia,29825968,confirmed cases,2,2020-08-01T00:00:00.000+05:30
Yemen,YEM,Asia,29825968,confirmed cases,2,2020-08-02T00:00:00.000+05:30
Yemen,YEM,Asia,29825968,confirmed cases,4,2020-08-03T00:00:00.000+05:30
Yemen,YEM,Asia,29825968,confirmed cases,4,2020-08-04T00:00:00.000+05:30
Yemen,YEM,Asia,29825968,confirmed cases,22,2020-08-05T00:00:00.000+05:30
Yemen,YEM,Asia,29825968,confirmed cases,4,2020-08-06T00:00:00.000+05:30
Yemen,YEM,Asia,29825968,confirmed cases,3,2020-08-07T00:00:00.000+05:30
Yemen,YEM,Asia,29825968,confirmed cases,29,2020-08-08T00:00:00.000+05:30
Yemen,YEM,Asia,29825968,confirmed cases,4,2020-08-09T00:00:00.000+05:30
Yemen,YEM,Asia,29825968,confirmed cases,4,2020-08-10T00:00:00.000+05:30
Yemen,YEM,Asia,29825968,confirmed cases,27,2020-08-11T00:00:00.000+05:30
Yemen,YEM,Asia,29825968,confirmed cases,0,2020-08-12T00:00:00.000+05:30
Yemen,YEM,Asia,29825968,confirmed cases,10,2020-08-13T00:00:00.000+05:30
Yemen,YEM,Asia,29825968,confirmed cases,6,2020-08-14T00:00:00.000+05:30
Yemen,YEM,Asia,29825968,confirmed cases,11,2020-08-15T00:00:00.000+05:30
Yemen,YEM,Asia,29825968,confirmed cases,4,2020-08-16T00:00:00.000+05:30
Yemen,YEM,Asia,29825968,confirmed cases,7,2020-08-17T00:00:00.000+05:30
Yemen,YEM,Asia,29825968,confirmed cases,13,2020-08-18T00:00:00.000+05:30
Yemen,YEM,Asia,29825968,confirmed cases,4,2020-08-19T00:00:00.000+05:30
Yemen,YEM,Asia,29825968,confirmed cases,7,2020-08-20T00:00:00.000+05:30
Yemen,YEM,Asia,29825968,confirmed cases,6,2020-08-21T00:00:00.000+05:30
Yemen,YEM,Asia,29825968,confirmed cases,7,2020-08-22T00:00:00.000+05:30
Yemen,YEM,Asia,29825968,confirmed cases,1,2020-08-23T00:00:00.000+05:30
Yemen,YEM,Asia,29825968,confirmed cases,4,2020-08-24T00:00:00.000+05:30
Yemen,YEM,Asia,29825968,confirmed cases,5,2020-08-25T00:00:00.000+05:30
Yemen,YEM,Asia,29825968,confirmed cases,8,2020-08-26T00:00:00.000+05:30
Yemen,YEM,Asia,29825968,confirmed cases,6,2020-08-27T00:00:00.000+05:30
Yemen,YEM,Asia,29825968,confirmed cases,4,2020-08-28T00:00:00.000+05:30
Yemen,YEM,Asia,29825968,confirmed cases,9,2020-08-29T00:00:00.000+05:30
Yemen,YEM,Asia,29825968,confirmed cases,4,2020-08-30T00:00:00.000+05:30
Yemen,YEM,Asia,29825968,confirmed cases,6,2020-08-31T00:00:00.000+05:30
Yemen,YEM,Asia,29825968,deaths,6,2020-08-01T00:00:00.000+05:30
Yemen,YEM,Asia,29825968,deaths,1,2020-08-02T00:00:00.000+05:30
Yemen,YEM,Asia,29825968,deaths,3,2020-08-03T00:00:00.000+05:30
Yemen,YEM,Asia,29825968,deaths,2,2020-08-04T00:00:00.000+05:30
Yemen,YEM,Asia,29825968,deaths,7,2020-08-05T00:00:00.000+05:30
Yemen,YEM,Asia,29825968,deaths,2,2020-08-06T00:00:00.000+05:30
Yemen,YEM,Asia,29825968,deaths,1,2020-08-07T00:00:00.000+05:30
Yemen,YEM,Asia,29825968,deaths,3,2020-08-08T00:00:00.000+05:30
Yemen,YEM,Asia,29825968,deaths,1,2020-08-09T00:00:00.000+05:30
Yemen,YEM,Asia,29825968,deaths,2,2020-08-10T00:00:00.000+05:30
Yemen,YEM,Asia,29825968,deaths,3,2020-08-11T00:00:00.000+05:30
Yemen,YEM,Asia,29825968,deaths,5,2020-08-12T00:00:00.000+05:30
Yemen,YEM,Asia,29825968,deaths,5,2020-08-13T00:00:00.000+05:30
Yemen,YEM,Asia,29825968,deaths,0,2020-08-14T00:00:00.000+05:30
Yemen,YEM,Asia,29825968,deaths,0,2020-08-15T00:00:00.000+05:30
Yemen,YEM,Asia,29825968,deaths,1,2020-08-16T00:00:00.000+05:30
Yemen,YEM,Asia,29825968,deaths,1,2020-08-17T00:00:00.000+05:30
Yemen,YEM,Asia,29825968,deaths,5,2020-08-18T00:00:00.000+05:30
Yemen,YEM,Asia,29825968,deaths,1,2020-08-19T00:00:00.000+05:30
Yemen,YEM,Asia,29825968,deaths,3,2020-08-20T00:00:00.000+05:30
Yemen,YEM,Asia,29825968,deaths,2,2020-08-21T00:00:00.000+05:30
Yemen,YEM,Asia,29825968,deaths,1,2020-08-22T00:00:00.000+05:30
Yemen,YEM,Asia,29825968,deaths,4,2020-08-23T00:00:00.000+05:30
Yemen,YEM,Asia,29825968,deaths,1,2020-08-24T00:00:00.000+05:30
Yemen,YEM,Asia,29825968,deaths,8,2020-08-25T00:00:00.000+05:30
Yemen,YEM,Asia,29825968,deaths,2,2020-08-26T00:00:00.000+05:30
Yemen,YEM,Asia,29825968,deaths,3,2020-08-27T00:00:00.000+05:30
Yemen,YEM,Asia,29825968,deaths,2,2020-08-28T00:00:00.000+05:30
Yemen,YEM,Asia,29825968,deaths,1,2020-08-29T00:00:00.000+05:30
Yemen,YEM,Asia,29825968,deaths,1,2020-08-30T00:00:00.000+05:30
Yemen,YEM,Asia,29825968,deaths,0,2020-08-31T00:00:00.000+05:30
Zambia,ZMB,Africa,18383956,confirmed cases,408,2020-08-01T00:00:00.000+05:30
Zambia,ZMB,Africa,18383956,confirmed cases,265,2020-08-02T00:00:00.000+05:30
Zambia,ZMB,Africa,18383956,confirmed cases,119,2020-08-03T00:00:00.000+05:30
Zambia,ZMB,Africa,18383956,confirmed cases,233,2020-08-04T00:00:00.000+05:30
Zambia,ZMB,Africa,18383956,confirmed cases,0,2020-08-05T00:00:00.000+05:30
Zambia,ZMB,Africa,18383956,confirmed cases,442,2020-08-06T00:00:00.000+05:30
Zambia,ZMB,Africa,18383956,confirmed cases,142,2020-08-07T00:00:00.000+05:30
Zambia,ZMB,Africa,18383956,confirmed cases,322,2020-08-08T00:00:00.000+05:30
Zambia,ZMB,Africa,18383956,confirmed cases,417,2020-08-09T00:00:00.000+05:30
Zambia,ZMB,Africa,18383956,confirmed cases,182,2020-08-10T00:00:00.000+05:30
Zambia,ZMB,Africa,18383956,confirmed cases,125,2020-08-11T00:00:00.000+05:30
Zambia,ZMB,Africa,18383956,confirmed cases,65,2020-08-12T00:00:00.000+05:30
Zambia,ZMB,Africa,18383956,confirmed cases,226,2020-08-13T00:00:00.000+05:30
Zambia,ZMB,Africa,18383956,confirmed cases,162,2020-08-14T00:00:00.000+05:30
Zambia,ZMB,Africa,18383956,confirmed cases,358,2020-08-15T00:00:00.000+05:30
Zambia,ZMB,Africa,18383956,confirmed cases,165,2020-08-16T00:00:00.000+05:30
Zambia,ZMB,Africa,18383956,confirmed cases,157,2020-08-17T00:00:00.000+05:30
Zambia,ZMB,Africa,18383956,confirmed cases,496,2020-08-18T00:00:00.000+05:30
Zambia,ZMB,Africa,18383956,confirmed cases,142,2020-08-19T00:00:00.000+05:30
Zambia,ZMB,Africa,18383956,confirmed cases,237,2020-08-20T00:00:00.000+05:30
Zambia,ZMB,Africa,18383956,confirmed cases,154,2020-08-21T00:00:00.000+05:30
Zambia,ZMB,Africa,18383956,confirmed cases,255,2020-08-22T00:00:00.000+05:30
Zambia,ZMB,Africa,18383956,confirmed cases,0,2020-08-23T00:00:00.000+05:30
Zambia,ZMB,Africa,18383956,confirmed cases,455,2020-08-24T00:00:00.000+05:30
Zambia,ZMB,Africa,18383956,confirmed cases,66,2020-08-25T00:00:00.000+05:30
Zambia,ZMB,Africa,18383956,confirmed cases,137,2020-08-26T00:00:00.000+05:30
Zambia,ZMB,Africa,18383956,confirmed cases,91,2020-08-27T00:00:00.000+05:30
Zambia,ZMB,Africa,18383956,confirmed cases,225,2020-08-28T00:00:00.000+05:30
Zambia,ZMB,Africa,18383956,confirmed cases,178,2020-08-29T00:00:00.000+05:30
Zambia,ZMB,Africa,18383956,confirmed cases,123,2020-08-30T00:00:00.000+05:30
Zambia,ZMB,Africa,18383956,confirmed cases,123,2020-08-31T00:00:00.000+05:30
Zambia,ZMB,Africa,18383956,deaths,2,2020-08-01T00:00:00.000+05:30
Zambia,ZMB,Africa,18383956,deaths,14,2020-08-02T00:00:00.000+05:30
Zambia,ZMB,Africa,18383956,deaths,5,2020-08-03T00:00:00.000+05:30
Zambia,ZMB,Africa,18383956,deaths,1,2020-08-04T00:00:00.000+05:30
Zambia,ZMB,Africa,18383956,deaths,0,2020-08-05T00:00:00.000+05:30
Zambia,ZMB,Africa,18383956,deaths,5,2020-08-06T00:00:00.000+05:30
Zambia,ZMB,Africa,18383956,deaths,23,2020-08-07T00:00:00.000+05:30
Zambia,ZMB,Africa,18383956,deaths,1,2020-08-08T00:00:00.000+05:30
Zambia,ZMB,Africa,18383956,deaths,3,2020-08-09T00:00:00.000+05:30
Zambia,ZMB,Africa,18383956,deaths,32,2020-08-10T00:00:00.000+05:30
Zambia,ZMB,Africa,18383956,deaths,6,2020-08-11T00:00:00.000+05:30
Zambia,ZMB,Africa,18383956,deaths,0,2020-08-12T00:00:00.000+05:30
Zambia,ZMB,Africa,18383956,deaths,5,2020-08-13T00:00:00.000+05:30
Zambia,ZMB,Africa,18383956,deaths,0,2020-08-14T00:00:00.000+05:30
Zambia,ZMB,Africa,18383956,deaths,10,2020-08-15T00:00:00.000+05:30
Zambia,ZMB,Africa,18383956,deaths,4,2020-08-16T00:00:00.000+05:30
Zambia,ZMB,Africa,18383956,deaths,0,2020-08-17T00:00:00.000+05:30
Zambia,ZMB,Africa,18383956,deaths,4,2020-08-18T00:00:00.000+05:30
Zambia,ZMB,Africa,18383956,deaths,0,2020-08-19T00:00:00.000+05:30
Zambia,ZMB,Africa,18383956,deaths,5,2020-08-20T00:00:00.000+05:30
Zambia,ZMB,Africa,18383956,deaths,5,2020-08-21T00:00:00.000+05:30
Zambia,ZMB,Africa,18383956,deaths,3,2020-08-22T00:00:00.000+05:30
Zambia,ZMB,Africa,18383956,deaths,0,2020-08-23T00:00:00.000+05:30
Zambia,ZMB,Africa,18383956,deaths,3,2020-08-24T00:00:00.000+05:30
Zambia,ZMB,Africa,18383956,deaths,0,2020-08-25T00:00:00.000+05:30
Zambia,ZMB,Africa,18383956,deaths,2,2020-08-26T00:00:00.000+05:30
Zambia,ZMB,Africa,18383956,deaths,0,2020-08-27T00:00:00.000+05:30
Zambia,ZMB,Africa,18383956,deaths,0,2020-08-28T00:00:00.000+05:30
Zambia,ZMB,Africa,18383956,deaths,1,2020-08-29T00:00:00.000+05:30
Zambia,ZMB,Africa,18383956,deaths,1,2020-08-30T00:00:00.000+05:30
Zambia,ZMB,Africa,18383956,deaths,3,2020-08-31T00:00:00.000+05:30
Zimbabwe,ZWE,Africa,14862927,confirmed cases,77,2020-08-01T00:00:00.000+05:30
Zimbabwe,ZWE,Africa,14862927,confirmed cases,490,2020-08-02T00:00:00.000+05:30
Zimbabwe,ZWE,Africa,14862927,confirmed cases,262,2020-08-03T00:00:00.000+05:30
Zimbabwe,ZWE,Africa,14862927,confirmed cases,154,2020-08-04T00:00:00.000+05:30
Zimbabwe,ZWE,Africa,14862927,confirmed cases,146,2020-08-05T00:00:00.000+05:30
Zimbabwe,ZWE,Africa,14862927,confirmed cases,118,2020-08-06T00:00:00.000+05:30
Zimbabwe,ZWE,Africa,14862927,confirmed cases,56,2020-08-07T00:00:00.000+05:30
Zimbabwe,ZWE,Africa,14862927,confirmed cases,56,2020-08-08T00:00:00.000+05:30
Zimbabwe,ZWE,Africa,14862927,confirmed cases,124,2020-08-09T00:00:00.000+05:30
Zimbabwe,ZWE,Africa,14862927,confirmed cases,74,2020-08-10T00:00:00.000+05:30
Zimbabwe,ZWE,Africa,14862927,confirmed cases,99,2020-08-11T00:00:00.000+05:30
Zimbabwe,ZWE,Africa,14862927,confirmed cases,70,2020-08-12T00:00:00.000+05:30
Zimbabwe,ZWE,Africa,14862927,confirmed cases,75,2020-08-13T00:00:00.000+05:30
Zimbabwe,ZWE,Africa,14862927,confirmed cases,97,2020-08-14T00:00:00.000+05:30
Zimbabwe,ZWE,Africa,14862927,confirmed cases,82,2020-08-15T00:00:00.000+05:30
Zimbabwe,ZWE,Africa,14862927,confirmed cases,104,2020-08-16T00:00:00.000+05:30
Zimbabwe,ZWE,Africa,14862927,confirmed cases,85,2020-08-17T00:00:00.000+05:30
Zimbabwe,ZWE,Africa,14862927,confirmed cases,47,2020-08-18T00:00:00.000+05:30
Zimbabwe,ZWE,Africa,14862927,confirmed cases,70,2020-08-19T00:00:00.000+05:30
Zimbabwe,ZWE,Africa,14862927,confirmed cases,265,2020-08-20T00:00:00.000+05:30
Zimbabwe,ZWE,Africa,14862927,confirmed cases,102,2020-08-21T00:00:00.000+05:30
Zimbabwe,ZWE,Africa,14862927,confirmed cases,70,2020-08-22T00:00:00.000+05:30
Zimbabwe,ZWE,Africa,14862927,confirmed cases,78,2020-08-23T00:00:00.000+05:30
Zimbabwe,ZWE,Africa,14862927,confirmed cases,37,2020-08-24T00:00:00.000+05:30
Zimbabwe,ZWE,Africa,14862927,confirmed cases,140,2020-08-25T00:00:00.000+05:30
Zimbabwe,ZWE,Africa,14862927,confirmed cases,126,2020-08-26T00:00:00.000+05:30
Zimbabwe,ZWE,Africa,14862927,confirmed cases,55,2020-08-27T00:00:00.000+05:30
Zimbabwe,ZWE,Africa,14862927,confirmed cases,41,2020-08-28T00:00:00.000+05:30
Zimbabwe,ZWE,Africa,14862927,confirmed cases,96,2020-08-29T00:00:00.000+05:30
Zimbabwe,ZWE,Africa,14862927,confirmed cases,18,2020-08-30T00:00:00.000+05:30
Zimbabwe,ZWE,Africa,14862927,confirmed cases,6,2020-08-31T00:00:00.000+05:30
Zimbabwe,ZWE,Africa,14862927,deaths,14,2020-08-01T00:00:00.000+05:30
Zimbabwe,ZWE,Africa,14862927,deaths,2,2020-08-02T00:00:00.000+05:30
Zimbabwe,ZWE,Africa,14862927,deaths,1,2020-08-03T00:00:00.000+05:30
Zimbabwe,ZWE,Africa,14862927,deaths,10,2020-08-04T00:00:00.000+05:30
Zimbabwe,ZWE,Africa,14862927,deaths,1,2020-08-05T00:00:00.000+05:30
Zimbabwe,ZWE,Africa,14862927,deaths,3,2020-08-06T00:00:00.000+05:30
Zimbabwe,ZWE,Africa,14862927,deaths,13,2020-08-07T00:00:00.000+05:30
Zimbabwe,ZWE,Africa,14862927,deaths,5,2020-08-08T00:00:00.000+05:30
Zimbabwe,ZWE,Africa,14862927,deaths,0,2020-08-09T00:00:00.000+05:30
Zimbabwe,ZWE,Africa,14862927,deaths,2,2020-08-10T00:00:00.000+05:30
Zimbabwe,ZWE,Africa,14862927,deaths,0,2020-08-11T00:00:00.000+05:30
Zimbabwe,ZWE,Africa,14862927,deaths,0,2020-08-12T00:00:00.000+05:30
Zimbabwe,ZWE,Africa,14862927,deaths,18,2020-08-13T00:00:00.000+05:30
Zimbabwe,ZWE,Africa,14862927,deaths,6,2020-08-14T00:00:00.000+05:30
Zimbabwe,ZWE,Africa,14862927,deaths,0,2020-08-15T00:00:00.000+05:30
Zimbabwe,ZWE,Africa,14862927,deaths,2,2020-08-16T00:00:00.000+05:30
Zimbabwe,ZWE,Africa,14862927,deaths,2,2020-08-17T00:00:00.000+05:30
Zimbabwe,ZWE,Africa,14862927,deaths,3,2020-08-18T00:00:00.000+05:30
Zimbabwe,ZWE,Africa,14862927,deaths,6,2020-08-19T00:00:00.000+05:30
Zimbabwe,ZWE,Africa,14862927,deaths,9,2020-08-20T00:00:00.000+05:30
Zimbabwe,ZWE,Africa,14862927,deaths,1,2020-08-21T00:00:00.000+05:30
Zimbabwe,ZWE,Africa,14862927,deaths,1,2020-08-22T00:00:00.000+05:30
Zimbabwe,ZWE,Africa,14862927,deaths,1,2020-08-23T00:00:00.000+05:30
Zimbabwe,ZWE,Africa,14862927,deaths,2,2020-08-24T00:00:00.000+05:30
Zimbabwe,ZWE,Africa,14862927,deaths,0,2020-08-25T00:00:00.000+05:30
Zimbabwe,ZWE,Africa,14862927,deaths,11,2020-08-26T00:00:00.000+05:30
Zimbabwe,ZWE,Africa,14862927,deaths,13,2020-08-27T00:00:00.000+05:30
Zimbabwe,ZWE,Africa,14862927,deaths,10,2020-08-28T00:00:00.000+05:30
Zimbabwe,ZWE,Africa,14862927,deaths,6,2020-08-29T00:00:00.000+05:30
Zimbabwe,ZWE,Africa,14862927,deaths,1,2020-08-30T00:00:00.000+05:30
Zimbabwe,ZWE,Africa,14862927,deaths,0,2020-08-31T00:00:00.000+05:30
