Venezuela,VEN,America,28435943,confirmed cases,0,2020-02-01T00:00:00.000+05:30
Venezuela,VEN,America,28435943,confirmed cases,0,2020-02-02T00:00:00.000+05:30
Venezuela,VEN,America,28435943,confirmed cases,0,2020-02-03T00:00:00.000+05:30
Venezuela,VEN,America,28435943,confirmed cases,0,2020-02-04T00:00:00.000+05:30
Venezuela,VEN,America,28435943,confirmed cases,0,2020-02-05T00:00:00.000+05:30
Venezuela,VEN,America,28435943,confirmed cases,0,2020-02-06T00:00:00.000+05:30
Venezuela,VEN,America,28435943,confirmed cases,0,2020-02-07T00:00:00.000+05:30
Venezuela,VEN,America,28435943,confirmed cases,0,2020-02-08T00:00:00.000+05:30
Venezuela,VEN,America,28435943,confirmed cases,0,2020-02-09T00:00:00.000+05:30
Venezuela,VEN,America,28435943,confirmed cases,0,2020-02-10T00:00:00.000+05:30
Venezuela,VEN,America,28435943,confirmed cases,0,2020-02-11T00:00:00.000+05:30
Venezuela,VEN,America,28435943,confirmed cases,0,2020-02-12T00:00:00.000+05:30
Venezuela,VEN,America,28435943,confirmed cases,0,2020-02-13T00:00:00.000+05:30
Venezuela,VEN,America,28435943,confirmed cases,0,2020-02-14T00:00:00.000+05:30
Venezuela,VEN,America,28435943,confirmed cases,0,2020-02-15T00:00:00.000+05:30
Venezuela,VEN,America,28435943,confirmed cases,0,2020-02-16T00:00:00.000+05:30
Venezuela,VEN,America,28435943,confirmed cases,0,2020-02-17T00:00:00.000+05:30
Venezuela,VEN,America,28435943,confirmed cases,0,2020-02-18T00:00:00.000+05:30
Venezuela,VEN,America,28435943,confirmed cases,0,2020-02-19T00:00:00.000+05:30
Venezuela,VEN,America,28435943,confirmed cases,0,2020-02-20T00:00:00.000+05:30
Venezuela,VEN,America,28435943,confirmed cases,0,2020-02-21T00:00:00.000+05:30
Venezuela,VEN,America,28435943,confirmed cases,0,2020-02-22T00:00:00.000+05:30
Venezuela,VEN,America,28435943,confirmed cases,0,2020-02-23T00:00:00.000+05:30
Venezuela,VEN,America,28435943,confirmed cases,0,2020-02-24T00:00:00.000+05:30
Venezuela,VEN,America,28435943,confirmed cases,0,2020-02-25T00:00:00.000+05:30
Venezuela,VEN,America,28435943,confirmed cases,0,2020-02-26T00:00:00.000+05:30
Venezuela,VEN,America,28435943,confirmed cases,0,2020-02-27T00:00:00.000+05:30
Venezuela,VEN,America,28435943,confirmed cases,0,2020-02-28T00:00:00.000+05:30
Venezuela,VEN,America,28435943,confirmed cases,0,2020-02-29T00:00:00.000+05:30
Venezuela,VEN,America,28435943,deaths,0,2020-02-01T00:00:00.000+05:30
Venezuela,VEN,America,28435943,deaths,0,2020-02-02T00:00:00.000+05:30
Venezuela,VEN,America,28435943,deaths,0,2020-02-03T00:00:00.000+05:30
Venezuela,VEN,America,28435943,deaths,0,2020-02-04T00:00:00.000+05:30
Venezuela,VEN,America,28435943,deaths,0,2020-02-05T00:00:00.000+05:30
Venezuela,VEN,America,28435943,deaths,0,2020-02-06T00:00:00.000+05:30
Venezuela,VEN,America,28435943,deaths,0,2020-02-07T00:00:00.000+05:30
Venezuela,VEN,America,28435943,deaths,0,2020-02-08T00:00:00.000+05:30
Venezuela,VEN,America,28435943,deaths,0,2020-02-09T00:00:00.000+05:30
Venezuela,VEN,America,28435943,deaths,0,2020-02-10T00:00:00.000+05:30
Venezuela,VEN,America,28435943,deaths,0,2020-02-11T00:00:00.000+05:30
Venezuela,VEN,America,28435943,deaths,0,2020-02-12T00:00:00.000+05:30
Venezuela,VEN,America,28435943,deaths,0,2020-02-13T00:00:00.000+05:30
Venezuela,VEN,America,28435943,deaths,0,2020-02-14T00:00:00.000+05:30
Venezuela,VEN,America,28435943,deaths,0,2020-02-15T00:00:00.000+05:30
Venezuela,VEN,America,28435943,deaths,0,2020-02-16T00:00:00.000+05:30
Venezuela,VEN,America,28435943,deaths,0,2020-02-17T00:00:00.000+05:30
Venezuela,VEN,America,28435943,deaths,0,2020-02-18T00:00:00.000+05:30
Venezuela,VEN,America,28435943,deaths,0,2020-02-19T00:00:00.000+05:30
Venezuela,VEN,America,28435943,deaths,0,2020-02-20T00:00:00.000+05:30
Venezuela,VEN,America,28435943,deaths,0,2020-02-21T00:00:00.000+05:30
Venezuela,VEN,America,28435943,deaths,0,2020-02-22T00:00:00.000+05:30
Venezuela,VEN,America,28435943,deaths,0,2020-02-23T00:00:00.000+05:30
Venezuela,VEN,America,28435943,deaths,0,2020-02-24T00:00:00.000+05:30
Venezuela,VEN,America,28435943,deaths,0,2020-02-25T00:00:00.000+05:30
Venezuela,VEN,America,28435943,deaths,0,2020-02-26T00:00:00.000+05:30
Venezuela,VEN,America,28435943,deaths,0,2020-02-27T00:00:00.000+05:30
Venezuela,VEN,America,28435943,deaths,0,2020-02-28T00:00:00.000+05:30
Venezuela,VEN,America,28435943,deaths,0,2020-02-29T00:00:00.000+05:30
Vietnam,VNM,Asia,97338583,confirmed cases,0,2020-02-01T00:00:00.000+05:30
Vietnam,VNM,Asia,97338583,confirmed cases,2,2020-02-02T00:00:00.000+05:30
Vietnam,VNM,Asia,97338583,confirmed cases,1,2020-02-03T00:00:00.000+05:30
Vietnam,VNM,Asia,97338583,confirmed cases,1,2020-02-04T00:00:00.000+05:30
Vietnam,VNM,Asia,97338583,confirmed cases,1,2020-02-05T00:00:00.000+05:30
Vietnam,VNM,Asia,97338583,confirmed cases,0,2020-02-06T00:00:00.000+05:30
Vietnam,VNM,Asia,97338583,confirmed cases,2,2020-02-07T00:00:00.000+05:30
Vietnam,VNM,Asia,97338583,confirmed cases,1,2020-02-08T00:00:00.000+05:30
Vietnam,VNM,Asia,97338583,confirmed cases,1,2020-02-09T00:00:00.000+05:30
Vietnam,VNM,Asia,97338583,confirmed cases,0,2020-02-10T00:00:00.000+05:30
Vietnam,VNM,Asia,97338583,confirmed cases,1,2020-02-11T00:00:00.000+05:30
Vietnam,VNM,Asia,97338583,confirmed cases,0,2020-02-12T00:00:00.000+05:30
Vietnam,VNM,Asia,97338583,confirmed cases,1,2020-02-13T00:00:00.000+05:30
Vietnam,VNM,Asia,97338583,confirmed cases,0,2020-02-14T00:00:00.000+05:30
Vietnam,VNM,Asia,97338583,confirmed cases,0,2020-02-15T00:00:00.000+05:30
Vietnam,VNM,Asia,97338583,confirmed cases,0,2020-02-16T00:00:00.000+05:30
Vietnam,VNM,Asia,97338583,confirmed cases,0,2020-02-17T00:00:00.000+05:30
Vietnam,VNM,Asia,97338583,confirmed cases,0,2020-02-18T00:00:00.000+05:30
Vietnam,VNM,Asia,97338583,confirmed cases,0,2020-02-19T00:00:00.000+05:30
Vietnam,VNM,Asia,97338583,confirmed cases,0,2020-02-20T00:00:00.000+05:30
Vietnam,VNM,Asia,97338583,confirmed cases,0,2020-02-21T00:00:00.000+05:30
Vietnam,VNM,Asia,97338583,confirmed cases,0,2020-02-22T00:00:00.000+05:30
Vietnam,VNM,Asia,97338583,confirmed cases,0,2020-02-23T00:00:00.000+05:30
Vietnam,VNM,Asia,97338583,confirmed cases,0,2020-02-24T00:00:00.000+05:30
Vietnam,VNM,Asia,97338583,confirmed cases,0,2020-02-25T00:00:00.000+05:30
Vietnam,VNM,Asia,97338583,confirmed cases,0,2020-02-26T00:00:00.000+05:30
Vietnam,VNM,Asia,97338583,confirmed cases,0,2020-02-27T00:00:00.000+05:30
Vietnam,VNM,Asia,97338583,confirmed cases,0,2020-02-28T00:00:00.000+05:30
Vietnam,VNM,Asia,97338583,confirmed cases,0,2020-02-29T00:00:00.000+05:30
Vietnam,VNM,Asia,97338583,deaths,0,2020-02-01T00:00:00.000+05:30
Vietnam,VNM,Asia,97338583,deaths,0,2020-02-02T00:00:00.000+05:30
Vietnam,VNM,Asia,97338583,deaths,0,2020-02-03T00:00:00.000+05:30
Vietnam,VNM,Asia,97338583,deaths,0,2020-02-04T00:00:00.000+05:30
Vietnam,VNM,Asia,97338583,deaths,0,2020-02-05T00:00:00.000+05:30
Vietnam,VNM,Asia,97338583,deaths,0,2020-02-06T00:00:00.000+05:30
Vietnam,VNM,Asia,97338583,deaths,0,2020-02-07T00:00:00.000+05:30
Vietnam,VNM,Asia,97338583,deaths,0,2020-02-08T00:00:00.000+05:30
Vietnam,VNM,Asia,97338583,deaths,0,2020-02-09T00:00:00.000+05:30
Vietnam,VNM,Asia,97338583,deaths,0,2020-02-10T00:00:00.000+05:30
Vietnam,VNM,Asia,97338583,deaths,0,2020-02-11T00:00:00.000+05:30
Vietnam,VNM,Asia,97338583,deaths,0,2020-02-12T00:00:00.000+05:30
Vietnam,VNM,Asia,97338583,deaths,0,2020-02-13T00:00:00.000+05:30
Vietnam,VNM,Asia,97338583,deaths,0,2020-02-14T00:00:00.000+05:30
Vietnam,VNM,Asia,97338583,deaths,0,2020-02-15T00:00:00.000+05:30
Vietnam,VNM,Asia,97338583,deaths,0,2020-02-16T00:00:00.000+05:30
Vietnam,VNM,Asia,97338583,deaths,0,2020-02-17T00:00:00.000+05:30
Vietnam,VNM,Asia,97338583,deaths,0,2020-02-18T00:00:00.000+05:30
Vietnam,VNM,Asia,97338583,deaths,0,2020-02-19T00:00:00.000+05:30
Vietnam,VNM,Asia,97338583,deaths,0,2020-02-20T00:00:00.000+05:30
Vietnam,VNM,Asia,97338583,deaths,0,2020-02-21T00:00:00.000+05:30
Vietnam,VNM,Asia,97338583,deaths,0,2020-02-22T00:00:00.000+05:30
Vietnam,VNM,Asia,97338583,deaths,0,2020-02-23T00:00:00.000+05:30
Vietnam,VNM,Asia,97338583,deaths,0,2020-02-24T00:00:00.000+05:30
Vietnam,VNM,Asia,97338583,deaths,0,2020-02-25T00:00:00.000+05:30
Vietnam,VNM,Asia,97338583,deaths,0,2020-02-26T00:00:00.000+05:30
Vietnam,VNM,Asia,97338583,deaths,0,2020-02-27T00:00:00.000+05:30
Vietnam,VNM,Asia,97338583,deaths,0,2020-02-28T00:00:00.000+05:30
Vietnam,VNM,Asia,97338583,deaths,0,2020-02-29T00:00:00.000+05:30
Wallis and Futuna,WLF,Oceania,11246,confirmed cases,0,2020-02-01T00:00:00.000+05:30
Wallis and Futuna,WLF,Oceania,11246,confirmed cases,0,2020-02-02T00:00:00.000+05:30
Wallis and Futuna,WLF,Oceania,11246,confirmed cases,0,2020-02-03T00:00:00.000+05:30
Wallis and Futuna,WLF,Oceania,11246,confirmed cases,0,2020-02-04T00:00:00.000+05:30
Wallis and Futuna,WLF,Oceania,11246,confirmed cases,0,2020-02-05T00:00:00.000+05:30
Wallis and Futuna,WLF,Oceania,11246,confirmed cases,0,2020-02-06T00:00:00.000+05:30
Wallis and Futuna,WLF,Oceania,11246,confirmed cases,0,2020-02-07T00:00:00.000+05:30
Wallis and Futuna,WLF,Oceania,11246,confirmed cases,0,2020-02-08T00:00:00.000+05:30
Wallis and Futuna,WLF,Oceania,11246,confirmed cases,0,2020-02-09T00:00:00.000+05:30
Wallis and Futuna,WLF,Oceania,11246,confirmed cases,0,2020-02-10T00:00:00.000+05:30
Wallis and Futuna,WLF,Oceania,11246,confirmed cases,0,2020-02-11T00:00:00.000+05:30
Wallis and Futuna,WLF,Oceania,11246,confirmed cases,0,2020-02-12T00:00:00.000+05:30
Wallis and Futuna,WLF,Oceania,11246,confirmed cases,0,2020-02-13T00:00:00.000+05:30
Wallis and Futuna,WLF,Oceania,11246,confirmed cases,0,2020-02-14T00:00:00.000+05:30
Wallis and Futuna,WLF,Oceania,11246,confirmed cases,0,2020-02-15T00:00:00.000+05:30
Wallis and Futuna,WLF,Oceania,11246,confirmed cases,0,2020-02-16T00:00:00.000+05:30
Wallis and Futuna,WLF,Oceania,11246,confirmed cases,0,2020-02-17T00:00:00.000+05:30
Wallis and Futuna,WLF,Oceania,11246,confirmed cases,0,2020-02-18T00:00:00.000+05:30
Wallis and Futuna,WLF,Oceania,11246,confirmed cases,0,2020-02-19T00:00:00.000+05:30
Wallis and Futuna,WLF,Oceania,11246,confirmed cases,0,2020-02-20T00:00:00.000+05:30
Wallis and Futuna,WLF,Oceania,11246,confirmed cases,0,2020-02-21T00:00:00.000+05:30
Wallis and Futuna,WLF,Oceania,11246,confirmed cases,0,2020-02-22T00:00:00.000+05:30
Wallis and Futuna,WLF,Oceania,11246,confirmed cases,0,2020-02-23T00:00:00.000+05:30
Wallis and Futuna,WLF,Oceania,11246,confirmed cases,0,2020-02-24T00:00:00.000+05:30
Wallis and Futuna,WLF,Oceania,11246,confirmed cases,0,2020-02-25T00:00:00.000+05:30
Wallis and Futuna,WLF,Oceania,11246,confirmed cases,0,2020-02-26T00:00:00.000+05:30
Wallis and Futuna,WLF,Oceania,11246,confirmed cases,0,2020-02-27T00:00:00.000+05:30
Wallis and Futuna,WLF,Oceania,11246,confirmed cases,0,2020-02-28T00:00:00.000+05:30
Wallis and Futuna,WLF,Oceania,11246,confirmed cases,0,2020-02-29T00:00:00.000+05:30
Wallis and Futuna,WLF,Oceania,11246,deaths,0,2020-02-01T00:00:00.000+05:30
Wallis and Futuna,WLF,Oceania,11246,deaths,0,2020-02-02T00:00:00.000+05:30
Wallis and Futuna,WLF,Oceania,11246,deaths,0,2020-02-03T00:00:00.000+05:30
Wallis and Futuna,WLF,Oceania,11246,deaths,0,2020-02-04T00:00:00.000+05:30
Wallis and Futuna,WLF,Oceania,11246,deaths,0,2020-02-05T00:00:00.000+05:30
Wallis and Futuna,WLF,Oceania,11246,deaths,0,2020-02-06T00:00:00.000+05:30
Wallis and Futuna,WLF,Oceania,11246,deaths,0,2020-02-07T00:00:00.000+05:30
Wallis and Futuna,WLF,Oceania,11246,deaths,0,2020-02-08T00:00:00.000+05:30
Wallis and Futuna,WLF,Oceania,11246,deaths,0,2020-02-09T00:00:00.000+05:30
Wallis and Futuna,WLF,Oceania,11246,deaths,0,2020-02-10T00:00:00.000+05:30
Wallis and Futuna,WLF,Oceania,11246,deaths,0,2020-02-11T00:00:00.000+05:30
Wallis and Futuna,WLF,Oceania,11246,deaths,0,2020-02-12T00:00:00.000+05:30
Wallis and Futuna,WLF,Oceania,11246,deaths,0,2020-02-13T00:00:00.000+05:30
Wallis and Futuna,WLF,Oceania,11246,deaths,0,2020-02-14T00:00:00.000+05:30
Wallis and Futuna,WLF,Oceania,11246,deaths,0,2020-02-15T00:00:00.000+05:30
Wallis and Futuna,WLF,Oceania,11246,deaths,0,2020-02-16T00:00:00.000+05:30
Wallis and Futuna,WLF,Oceania,11246,deaths,0,2020-02-17T00:00:00.000+05:30
Wallis and Futuna,WLF,Oceania,11246,deaths,0,2020-02-18T00:00:00.000+05:30
Wallis and Futuna,WLF,Oceania,11246,deaths,0,2020-02-19T00:00:00.000+05:30
Wallis and Futuna,WLF,Oceania,11246,deaths,0,2020-02-20T00:00:00.000+05:30
Wallis and Futuna,WLF,Oceania,11246,deaths,0,2020-02-21T00:00:00.000+05:30
Wallis and Futuna,WLF,Oceania,11246,deaths,0,2020-02-22T00:00:00.000+05:30
Wallis and Futuna,WLF,Oceania,11246,deaths,0,2020-02-23T00:00:00.000+05:30
Wallis and Futuna,WLF,Oceania,11246,deaths,0,2020-02-24T00:00:00.000+05:30
Wallis and Futuna,WLF,Oceania,11246,deaths,0,2020-02-25T00:00:00.000+05:30
Wallis and Futuna,WLF,Oceania,11246,deaths,0,2020-02-26T00:00:00.000+05:30
Wallis and Futuna,WLF,Oceania,11246,deaths,0,2020-02-27T00:00:00.000+05:30
Wallis and Futuna,WLF,Oceania,11246,deaths,0,2020-02-28T00:00:00.000+05:30
Wallis and Futuna,WLF,Oceania,11246,deaths,0,2020-02-29T00:00:00.000+05:30
Western Sahara,ESH,Africa,597330,confirmed cases,0,2020-02-01T00:00:00.000+05:30
Western Sahara,ESH,Africa,597330,confirmed cases,0,2020-02-02T00:00:00.000+05:30
Western Sahara,ESH,Africa,597330,confirmed cases,0,2020-02-03T00:00:00.000+05:30
Western Sahara,ESH,Africa,597330,confirmed cases,0,2020-02-04T00:00:00.000+05:30
Western Sahara,ESH,Africa,597330,confirmed cases,0,2020-02-05T00:00:00.000+05:30
Western Sahara,ESH,Africa,597330,confirmed cases,0,2020-02-06T00:00:00.000+05:30
Western Sahara,ESH,Africa,597330,confirmed cases,0,2020-02-07T00:00:00.000+05:30
Western Sahara,ESH,Africa,597330,confirmed cases,0,2020-02-08T00:00:00.000+05:30
Western Sahara,ESH,Africa,597330,confirmed cases,0,2020-02-09T00:00:00.000+05:30
Western Sahara,ESH,Africa,597330,confirmed cases,0,2020-02-10T00:00:00.000+05:30
Western Sahara,ESH,Africa,597330,confirmed cases,0,2020-02-11T00:00:00.000+05:30
Western Sahara,ESH,Africa,597330,confirmed cases,0,2020-02-12T00:00:00.000+05:30
Western Sahara,ESH,Africa,597330,confirmed cases,0,2020-02-13T00:00:00.000+05:30
Western Sahara,ESH,Africa,597330,confirmed cases,0,2020-02-14T00:00:00.000+05:30
Western Sahara,ESH,Africa,597330,confirmed cases,0,2020-02-15T00:00:00.000+05:30
Western Sahara,ESH,Africa,597330,confirmed cases,0,2020-02-16T00:00:00.000+05:30
Western Sahara,ESH,Africa,597330,confirmed cases,0,2020-02-17T00:00:00.000+05:30
Western Sahara,ESH,Africa,597330,confirmed cases,0,2020-02-18T00:00:00.000+05:30
Western Sahara,ESH,Africa,597330,confirmed cases,0,2020-02-19T00:00:00.000+05:30
Western Sahara,ESH,Africa,597330,confirmed cases,0,2020-02-20T00:00:00.000+05:30
Western Sahara,ESH,Africa,597330,confirmed cases,0,2020-02-21T00:00:00.000+05:30
Western Sahara,ESH,Africa,597330,confirmed cases,0,2020-02-22T00:00:00.000+05:30
Western Sahara,ESH,Africa,597330,confirmed cases,0,2020-02-23T00:00:00.000+05:30
Western Sahara,ESH,Africa,597330,confirmed cases,0,2020-02-24T00:00:00.000+05:30
Western Sahara,ESH,Africa,597330,confirmed cases,0,2020-02-25T00:00:00.000+05:30
Western Sahara,ESH,Africa,597330,confirmed cases,0,2020-02-26T00:00:00.000+05:30
Western Sahara,ESH,Africa,597330,confirmed cases,0,2020-02-27T00:00:00.000+05:30
Western Sahara,ESH,Africa,597330,confirmed cases,0,2020-02-28T00:00:00.000+05:30
Western Sahara,ESH,Africa,597330,confirmed cases,0,2020-02-29T00:00:00.000+05:30
Western Sahara,ESH,Africa,597330,deaths,0,2020-02-01T00:00:00.000+05:30
Western Sahara,ESH,Africa,597330,deaths,0,2020-02-02T00:00:00.000+05:30
Western Sahara,ESH,Africa,597330,deaths,0,2020-02-03T00:00:00.000+05:30
Western Sahara,ESH,Africa,597330,deaths,0,2020-02-04T00:00:00.000+05:30
Western Sahara,ESH,Africa,597330,deaths,0,2020-02-05T00:00:00.000+05:30
Western Sahara,ESH,Africa,597330,deaths,0,2020-02-06T00:00:00.000+05:30
Western Sahara,ESH,Africa,597330,deaths,0,2020-02-07T00:00:00.000+05:30
Western Sahara,ESH,Africa,597330,deaths,0,2020-02-08T00:00:00.000+05:30
Western Sahara,ESH,Africa,597330,deaths,0,2020-02-09T00:00:00.000+05:30
Western Sahara,ESH,Africa,597330,deaths,0,2020-02-10T00:00:00.000+05:30
Western Sahara,ESH,Africa,597330,deaths,0,2020-02-11T00:00:00.000+05:30
Western Sahara,ESH,Africa,597330,deaths,0,2020-02-12T00:00:00.000+05:30
Western Sahara,ESH,Africa,597330,deaths,0,2020-02-13T00:00:00.000+05:30
Western Sahara,ESH,Africa,597330,deaths,0,2020-02-14T00:00:00.000+05:30
Western Sahara,ESH,Africa,597330,deaths,0,2020-02-15T00:00:00.000+05:30
Western Sahara,ESH,Africa,597330,deaths,0,2020-02-16T00:00:00.000+05:30
Western Sahara,ESH,Africa,597330,deaths,0,2020-02-17T00:00:00.000+05:30
Western Sahara,ESH,Africa,597330,deaths,0,2020-02-18T00:00:00.000+05:30
Western Sahara,ESH,Africa,597330,deaths,0,2020-02-19T00:00:00.000+05:30
Western Sahara,ESH,Africa,597330,deaths,0,2020-02-20T00:00:00.000+05:30
Western Sahara,ESH,Africa,597330,deaths,0,2020-02-21T00:00:00.000+05:30
Western Sahara,ESH,Africa,597330,deaths,0,2020-02-22T00:00:00.000+05:30
Western Sahara,ESH,Africa,597330,deaths,0,2020-02-23T00:00:00.000+05:30
Western Sahara,ESH,Africa,597330,deaths,0,2020-02-24T00:00:00.000+05:30
Western Sahara,ESH,Africa,597330,deaths,0,2020-02-25T00:00:00.000+05:30
Western Sahara,ESH,Africa,597330,deaths,0,2020-02-26T00:00:00.000+05:30
Western Sahara,ESH,Africa,597330,deaths,0,2020-02-27T00:00:00.000+05:30
Western Sahara,ESH,Africa,597330,deaths,0,2020-02-28T00:00:00.000+05:30
Western Sahara,ESH,Africa,597330,deaths,0,2020-02-29T00:00:00.000+05:30
Yemen,YEM,Asia,29825968,confirmed cases,0,2020-02-01T00:00:00.000+05:30
Yemen,YEM,Asia,29825968,confirmed cases,0,2020-02-02T00:00:00.000+05:30
Yemen,YEM,Asia,29825968,confirmed cases,0,2020-02-03T00:00:00.000+05:30
Yemen,YEM,Asia,29825968,confirmed cases,0,2020-02-04T00:00:00.000+05:30
Yemen,YEM,Asia,29825968,confirmed cases,0,2020-02-05T00:00:00.000+05:30
Yemen,YEM,Asia,29825968,confirmed cases,0,2020-02-06T00:00:00.000+05:30
Yemen,YEM,Asia,29825968,confirmed cases,0,2020-02-07T00:00:00.000+05:30
Yemen,YEM,Asia,29825968,confirmed cases,0,2020-02-08T00:00:00.000+05:30
Yemen,YEM,Asia,29825968,confirmed cases,0,2020-02-09T00:00:00.000+05:30
Yemen,YEM,Asia,29825968,confirmed cases,0,2020-02-10T00:00:00.000+05:30
Yemen,YEM,Asia,29825968,confirmed cases,0,2020-02-11T00:00:00.000+05:30
Yemen,YEM,Asia,29825968,confirmed cases,0,2020-02-12T00:00:00.000+05:30
Yemen,YEM,Asia,29825968,confirmed cases,0,2020-02-13T00:00:00.000+05:30
Yemen,YEM,Asia,29825968,confirmed cases,0,2020-02-14T00:00:00.000+05:30
Yemen,YEM,Asia,29825968,confirmed cases,0,2020-02-15T00:00:00.000+05:30
Yemen,YEM,Asia,29825968,confirmed cases,0,2020-02-16T00:00:00.000+05:30
Yemen,YEM,Asia,29825968,confirmed cases,0,2020-02-17T00:00:00.000+05:30
Yemen,YEM,Asia,29825968,confirmed cases,0,2020-02-18T00:00:00.000+05:30
Yemen,YEM,Asia,29825968,confirmed cases,0,2020-02-19T00:00:00.000+05:30
Yemen,YEM,Asia,29825968,confirmed cases,0,2020-02-20T00:00:00.000+05:30
Yemen,YEM,Asia,29825968,confirmed cases,0,2020-02-21T00:00:00.000+05:30
Yemen,YEM,Asia,29825968,confirmed cases,0,2020-02-22T00:00:00.000+05:30
Yemen,YEM,Asia,29825968,confirmed cases,0,2020-02-23T00:00:00.000+05:30
Yemen,YEM,Asia,29825968,confirmed cases,0,2020-02-24T00:00:00.000+05:30
Yemen,YEM,Asia,29825968,confirmed cases,0,2020-02-25T00:00:00.000+05:30
Yemen,YEM,Asia,29825968,confirmed cases,0,2020-02-26T00:00:00.000+05:30
Yemen,YEM,Asia,29825968,confirmed cases,0,2020-02-27T00:00:00.000+05:30
Yemen,YEM,Asia,29825968,confirmed cases,0,2020-02-28T00:00:00.000+05:30
Yemen,YEM,Asia,29825968,confirmed cases,0,2020-02-29T00:00:00.000+05:30
Yemen,YEM,Asia,29825968,deaths,0,2020-02-01T00:00:00.000+05:30
Yemen,YEM,Asia,29825968,deaths,0,2020-02-02T00:00:00.000+05:30
Yemen,YEM,Asia,29825968,deaths,0,2020-02-03T00:00:00.000+05:30
Yemen,YEM,Asia,29825968,deaths,0,2020-02-04T00:00:00.000+05:30
Yemen,YEM,Asia,29825968,deaths,0,2020-02-05T00:00:00.000+05:30
Yemen,YEM,Asia,29825968,deaths,0,2020-02-06T00:00:00.000+05:30
Yemen,YEM,Asia,29825968,deaths,0,2020-02-07T00:00:00.000+05:30
Yemen,YEM,Asia,29825968,deaths,0,2020-02-08T00:00:00.000+05:30
Yemen,YEM,Asia,29825968,deaths,0,2020-02-09T00:00:00.000+05:30
Yemen,YEM,Asia,29825968,deaths,0,2020-02-10T00:00:00.000+05:30
Yemen,YEM,Asia,29825968,deaths,0,2020-02-11T00:00:00.000+05:30
Yemen,YEM,Asia,29825968,deaths,0,2020-02-12T00:00:00.000+05:30
Yemen,YEM,Asia,29825968,deaths,0,2020-02-13T00:00:00.000+05:30
Yemen,YEM,Asia,29825968,deaths,0,2020-02-14T00:00:00.000+05:30
Yemen,YEM,Asia,29825968,deaths,0,2020-02-15T00:00:00.000+05:30
Yemen,YEM,Asia,29825968,deaths,0,2020-02-16T00:00:00.000+05:30
Yemen,YEM,Asia,29825968,deaths,0,2020-02-17T00:00:00.000+05:30
Yemen,YEM,Asia,29825968,deaths,0,2020-02-18T00:00:00.000+05:30
Yemen,YEM,Asia,29825968,deaths,0,2020-02-19T00:00:00.000+05:30
Yemen,YEM,Asia,29825968,deaths,0,2020-02-20T00:00:00.000+05:30
Yemen,YEM,Asia,29825968,deaths,0,2020-02-21T00:00:00.000+05:30
Yemen,YEM,Asia,29825968,deaths,0,2020-02-22T00:00:00.000+05:30
Yemen,YEM,Asia,29825968,deaths,0,2020-02-23T00:00:00.000+05:30
Yemen,YEM,Asia,29825968,deaths,0,2020-02-24T00:00:00.000+05:30
Yemen,YEM,Asia,29825968,deaths,0,2020-02-25T00:00:00.000+05:30
Yemen,YEM,Asia,29825968,deaths,0,2020-02-26T00:00:00.000+05:30
Yemen,YEM,Asia,29825968,deaths,0,2020-02-27T00:00:00.000+05:30
Yemen,YEM,Asia,29825968,deaths,0,2020-02-28T00:00:00.000+05:30
Yemen,YEM,Asia,29825968,deaths,0,2020-02-29T00:00:00.000+05:30
Zambia,ZMB,Africa,18383956,confirmed cases,0,2020-02-01T00:00:00.000+05:30
Zambia,ZMB,Africa,18383956,confirmed cases,0,2020-02-02T00:00:00.000+05:30
Zambia,ZMB,Africa,18383956,confirmed cases,0,2020-02-03T00:00:00.000+05:30
Zambia,ZMB,Africa,18383956,confirmed cases,0,2020-02-04T00:00:00.000+05:30
Zambia,ZMB,Africa,18383956,confirmed cases,0,2020-02-05T00:00:00.000+05:30
Zambia,ZMB,Africa,18383956,confirmed cases,0,2020-02-06T00:00:00.000+05:30
Zambia,ZMB,Africa,18383956,confirmed cases,0,2020-02-07T00:00:00.000+05:30
Zambia,ZMB,Africa,18383956,confirmed cases,0,2020-02-08T00:00:00.000+05:30
Zambia,ZMB,Africa,18383956,confirmed cases,0,2020-02-09T00:00:00.000+05:30
Zambia,ZMB,Africa,18383956,confirmed cases,0,2020-02-10T00:00:00.000+05:30
Zambia,ZMB,Africa,18383956,confirmed cases,0,2020-02-11T00:00:00.000+05:30
Zambia,ZMB,Africa,18383956,confirmed cases,0,2020-02-12T00:00:00.000+05:30
Zambia,ZMB,Africa,18383956,confirmed cases,0,2020-02-13T00:00:00.000+05:30
Zambia,ZMB,Africa,18383956,confirmed cases,0,2020-02-14T00:00:00.000+05:30
Zambia,ZMB,Africa,18383956,confirmed cases,0,2020-02-15T00:00:00.000+05:30
Zambia,ZMB,Africa,18383956,confirmed cases,0,2020-02-16T00:00:00.000+05:30
Zambia,ZMB,Africa,18383956,confirmed cases,0,2020-02-17T00:00:00.000+05:30
Zambia,ZMB,Africa,18383956,confirmed cases,0,2020-02-18T00:00:00.000+05:30
Zambia,ZMB,Africa,18383956,confirmed cases,0,2020-02-19T00:00:00.000+05:30
Zambia,ZMB,Africa,18383956,confirmed cases,0,2020-02-20T00:00:00.000+05:30
Zambia,ZMB,Africa,18383956,confirmed cases,0,2020-02-21T00:00:00.000+05:30
Zambia,ZMB,Africa,18383956,confirmed cases,0,2020-02-22T00:00:00.000+05:30
Zambia,ZMB,Africa,18383956,confirmed cases,0,2020-02-23T00:00:00.000+05:30
Zambia,ZMB,Africa,18383956,confirmed cases,0,2020-02-24T00:00:00.000+05:30
Zambia,ZMB,Africa,18383956,confirmed cases,0,2020-02-25T00:00:00.000+05:30
Zambia,ZMB,Africa,18383956,confirmed cases,0,2020-02-26T00:00:00.000+05:30
Zambia,ZMB,Africa,18383956,confirmed cases,0,2020-02-27T00:00:00.000+05:30
Zambia,ZMB,Africa,18383956,confirmed cases,0,2020-02-28T00:00:00.000+05:30
Zambia,ZMB,Africa,18383956,confirmed cases,0,2020-02-29T00:00:00.000+05:30
Zambia,ZMB,Africa,18383956,deaths,0,2020-02-01T00:00:00.000+05:30
Zambia,ZMB,Africa,18383956,deaths,0,2020-02-02T00:00:00.000+05:30
Zambia,ZMB,Africa,18383956,deaths,0,2020-02-03T00:00:00.000+05:30
Zambia,ZMB,Africa,18383956,deaths,0,2020-02-04T00:00:00.000+05:30
Zambia,ZMB,Africa,18383956,deaths,0,2020-02-05T00:00:00.000+05:30
Zambia,ZMB,Africa,18383956,deaths,0,2020-02-06T00:00:00.000+05:30
Zambia,ZMB,Africa,18383956,deaths,0,2020-02-07T00:00:00.000+05:30
Zambia,ZMB,Africa,18383956,deaths,0,2020-02-08T00:00:00.000+05:30
Zambia,ZMB,Africa,18383956,deaths,0,2020-02-09T00:00:00.000+05:30
Zambia,ZMB,Africa,18383956,deaths,0,2020-02-10T00:00:00.000+05:30
Zambia,ZMB,Africa,18383956,deaths,0,2020-02-11T00:00:00.000+05:30
Zambia,ZMB,Africa,18383956,deaths,0,2020-02-12T00:00:00.000+05:30
Zambia,ZMB,Africa,18383956,deaths,0,2020-02-13T00:00:00.000+05:30
Zambia,ZMB,Africa,18383956,deaths,0,2020-02-14T00:00:00.000+05:30
Zambia,ZMB,Africa,18383956,deaths,0,2020-02-15T00:00:00.000+05:30
Zambia,ZMB,Africa,18383956,deaths,0,2020-02-16T00:00:00.000+05:30
Zambia,ZMB,Africa,18383956,deaths,0,2020-02-17T00:00:00.000+05:30
Zambia,ZMB,Africa,18383956,deaths,0,2020-02-18T00:00:00.000+05:30
Zambia,ZMB,Africa,18383956,deaths,0,2020-02-19T00:00:00.000+05:30
Zambia,ZMB,Africa,18383956,deaths,0,2020-02-20T00:00:00.000+05:30
Zambia,ZMB,Africa,18383956,deaths,0,2020-02-21T00:00:00.000+05:30
Zambia,ZMB,Africa,18383956,deaths,0,2020-02-22T00:00:00.000+05:30
Zambia,ZMB,Africa,18383956,deaths,0,2020-02-23T00:00:00.000+05:30
Zambia,ZMB,Africa,18383956,deaths,0,2020-02-24T00:00:00.000+05:30
Zambia,ZMB,Africa,18383956,deaths,0,2020-02-25T00:00:00.000+05:30
Zambia,ZMB,Africa,18383956,deaths,0,2020-02-26T00:00:00.000+05:30
Zambia,ZMB,Africa,18383956,deaths,0,2020-02-27T00:00:00.000+05:30
Zambia,ZMB,Africa,18383956,deaths,0,2020-02-28T00:00:00.000+05:30
Zambia,ZMB,Africa,18383956,deaths,0,2020-02-29T00:00:00.000+05:30
Zimbabwe,ZWE,Africa,14862927,confirmed cases,0,2020-02-01T00:00:00.000+05:30
Zimbabwe,ZWE,Africa,14862927,confirmed cases,0,2020-02-02T00:00:00.000+05:30
Zimbabwe,ZWE,Africa,14862927,confirmed cases,0,2020-02-03T00:00:00.000+05:30
Zimbabwe,ZWE,Africa,14862927,confirmed cases,0,2020-02-04T00:00:00.000+05:30
Zimbabwe,ZWE,Africa,14862927,confirmed cases,0,2020-02-05T00:00:00.000+05:30
Zimbabwe,ZWE,Africa,14862927,confirmed cases,0,2020-02-06T00:00:00.000+05:30
Zimbabwe,ZWE,Africa,14862927,confirmed cases,0,2020-02-07T00:00:00.000+05:30
Zimbabwe,ZWE,Africa,14862927,confirmed cases,0,2020-02-08T00:00:00.000+05:30
Zimbabwe,ZWE,Africa,14862927,confirmed cases,0,2020-02-09T00:00:00.000+05:30
Zimbabwe,ZWE,Africa,14862927,confirmed cases,0,2020-02-10T00:00:00.000+05:30
Zimbabwe,ZWE,Africa,14862927,confirmed cases,0,2020-02-11T00:00:00.000+05:30
Zimbabwe,ZWE,Africa,14862927,confirmed cases,0,2020-02-12T00:00:00.000+05:30
Zimbabwe,ZWE,Africa,14862927,confirmed cases,0,2020-02-13T00:00:00.000+05:30
Zimbabwe,ZWE,Africa,14862927,confirmed cases,0,2020-02-14T00:00:00.000+05:30
Zimbabwe,ZWE,Africa,14862927,confirmed cases,0,2020-02-15T00:00:00.000+05:30
Zimbabwe,ZWE,Africa,14862927,confirmed cases,0,2020-02-16T00:00:00.000+05:30
Zimbabwe,ZWE,Africa,14862927,confirmed cases,0,2020-02-17T00:00:00.000+05:30
Zimbabwe,ZWE,Africa,14862927,confirmed cases,0,2020-02-18T00:00:00.000+05:30
Zimbabwe,ZWE,Africa,14862927,confirmed cases,0,2020-02-19T00:00:00.000+05:30
Zimbabwe,ZWE,Africa,14862927,confirmed cases,0,2020-02-20T00:00:00.000+05:30
Zimbabwe,ZWE,Africa,14862927,confirmed cases,0,2020-02-21T00:00:00.000+05:30
Zimbabwe,ZWE,Africa,14862927,confirmed cases,0,2020-02-22T00:00:00.000+05:30
Zimbabwe,ZWE,Africa,14862927,confirmed cases,0,2020-02-23T00:00:00.000+05:30
Zimbabwe,ZWE,Africa,14862927,confirmed cases,0,2020-02-24T00:00:00.000+05:30
Zimbabwe,ZWE,Africa,14862927,confirmed cases,0,2020-02-25T00:00:00.000+05:30
Zimbabwe,ZWE,Africa,14862927,confirmed cases,0,2020-02-26T00:00:00.000+05:30
Zimbabwe,ZWE,Africa,14862927,confirmed cases,0,2020-02-27T00:00:00.000+05:30
Zimbabwe,ZWE,Africa,14862927,confirmed cases,0,2020-02-28T00:00:00.000+05:30
Zimbabwe,ZWE,Africa,14862927,confirmed cases,0,2020-02-29T00:00:00.000+05:30
Zimbabwe,ZWE,Africa,14862927,deaths,0,2020-02-01T00:00:00.000+05:30
Zimbabwe,ZWE,Africa,14862927,deaths,0,2020-02-02T00:00:00.000+05:30
Zimbabwe,ZWE,Africa,14862927,deaths,0,2020-02-03T00:00:00.000+05:30
Zimbabwe,ZWE,Africa,14862927,deaths,0,2020-02-04T00:00:00.000+05:30
Zimbabwe,ZWE,Africa,14862927,deaths,0,2020-02-05T00:00:00.000+05:30
Zimbabwe,ZWE,Africa,14862927,deaths,0,2020-02-06T00:00:00.000+05:30
Zimbabwe,ZWE,Africa,14862927,deaths,0,2020-02-07T00:00:00.000+05:30
Zimbabwe,ZWE,Africa,14862927,deaths,0,2020-02-08T00:00:00.000+05:30
Zimbabwe,ZWE,Africa,14862927,deaths,0,2020-02-09T00:00:00.000+05:30
Zimbabwe,ZWE,Africa,14862927,deaths,0,2020-02-10T00:00:00.000+05:30
Zimbabwe,ZWE,Africa,14862927,deaths,0,2020-02-11T00:00:00.000+05:30
Zimbabwe,ZWE,Africa,14862927,deaths,0,2020-02-12T00:00:00.000+05:30
Zimbabwe,ZWE,Africa,14862927,deaths,0,2020-02-13T00:00:00.000+05:30
Zimbabwe,ZWE,Africa,14862927,deaths,0,2020-02-14T00:00:00.000+05:30
Zimbabwe,ZWE,Africa,14862927,deaths,0,2020-02-15T00:00:00.000+05:30
Zimbabwe,ZWE,Africa,14862927,deaths,0,2020-02-16T00:00:00.000+05:30
Zimbabwe,ZWE,Africa,14862927,deaths,0,2020-02-17T00:00:00.000+05:30
Zimbabwe,ZWE,Africa,14862927,deaths,0,2020-02-18T00:00:00.000+05:30
Zimbabwe,ZWE,Africa,14862927,deaths,0,2020-02-19T00:00:00.000+05:30
Zimbabwe,ZWE,Africa,14862927,deaths,0,2020-02-20T00:00:00.000+05:30
Zimbabwe,ZWE,Africa,14862927,deaths,0,2020-02-21T00:00:00.000+05:30
Zimbabwe,ZWE,Africa,14862927,deaths,0,2020-02-22T00:00:00.000+05:30
Zimbabwe,ZWE,Africa,14862927,deaths,0,2020-02-23T00:00:00.000+05:30
Zimbabwe,ZWE,Africa,14862927,deaths,0,2020-02-24T00:00:00.000+05:30
Zimbabwe,ZWE,Africa,14862927,deaths,0,2020-02-25T00:00:00.000+05:30
Zimbabwe,ZWE,Africa,14862927,deaths,0,2020-02-26T00:00:00.000+05:30
Zimbabwe,ZWE,Africa,14862927,deaths,0,2020-02-27T00:00:00.000+05:30
Zimbabwe,ZWE,Africa,14862927,deaths,0,2020-02-28T00:00:00.000+05:30
Zimbabwe,ZWE,Africa,14862927,deaths,0,2020-02-29T00:00:00.000+05:30
