Venezuela,VEN,America,28435943,confirmed cases,0,2020-03-01T00:00:00.000+05:30
Venezuela,VEN,America,28435943,confirmed cases,0,2020-03-02T00:00:00.000+05:30
Venezuela,VEN,America,28435943,confirmed cases,0,2020-03-03T00:00:00.000+05:30
Venezuela,VEN,America,28435943,confirmed cases,0,2020-03-04T00:00:00.000+05:30
Venezuela,VEN,America,28435943,confirmed cases,0,2020-03-05T00:00:00.000+05:30
Venezuela,VEN,America,28435943,confirmed cases,0,2020-03-06T00:00:00.000+05:30
Venezuela,VEN,America,28435943,confirmed cases,0,2020-03-07T00:00:00.000+05:30
Venezuela,VEN,America,28435943,confirmed cases,0,2020-03-08T00:00:00.000+05:30
Venezuela,VEN,America,28435943,confirmed cases,0,2020-03-09T00:00:00.000+05:30
Venezuela,VEN,America,28435943,confirmed cases,0,2020-03-10T00:00:00.000+05:30
Venezuela,VEN,America,28435943,confirmed cases,0,2020-03-11T00:00:00.000+05:30
Venezuela,VEN,America,28435943,confirmed cases,0,2020-03-12T00:00:00.000+05:30
Venezuela,VEN,America,28435943,confirmed cases,0,2020-03-13T00:00:00.000+05:30
Venezuela,VEN,America,28435943,confirmed cases,0,2020-03-14T00:00:00.000+05:30
Venezuela,VEN,America,28435943,confirmed cases,10,2020-03-15T00:00:00.000+05:30
Venezuela,VEN,America,28435943,confirmed cases,5,2020-03-16T00:00:00.000+05:30
Venezuela,VEN,America,28435943,confirmed cases,18,2020-03-17T00:00:00.000+05:30
Venezuela,VEN,America,28435943,confirmed cases,0,2020-03-18T00:00:00.000+05:30
Venezuela,VEN,America,28435943,confirmed cases,0,2020-03-19T00:00:00.000+05:30
Venezuela,VEN,America,28435943,confirmed cases,0,2020-03-20T00:00:00.000+05:30
Venezuela,VEN,America,28435943,confirmed cases,3,2020-03-21T00:00:00.000+05:30
Venezuela,VEN,America,28435943,confirmed cases,0,2020-03-22T00:00:00.000+05:30
Venezuela,VEN,America,28435943,confirmed cases,0,2020-03-23T00:00:00.000+05:30
Venezuela,VEN,America,28435943,confirmed cases,48,2020-03-24T00:00:00.000+05:30
Venezuela,VEN,America,28435943,confirmed cases,7,2020-03-25T00:00:00.000+05:30
Venezuela,VEN,America,28435943,confirmed cases,15,2020-03-26T00:00:00.000+05:30
Venezuela,VEN,America,28435943,confirmed cases,1,2020-03-27T00:00:00.000+05:30
Venezuela,VEN,America,28435943,confirmed cases,12,2020-03-28T00:00:00.000+05:30
Venezuela,VEN,America,28435943,confirmed cases,0,2020-03-29T00:00:00.000+05:30
Venezuela,VEN,America,28435943,confirmed cases,0,2020-03-30T00:00:00.000+05:30
Venezuela,VEN,America,28435943,confirmed cases,16,2020-03-31T00:00:00.000+05:30
Venezuela,VEN,America,28435943,deaths,0,2020-03-01T00:00:00.000+05:30
Venezuela,VEN,America,28435943,deaths,0,2020-03-02T00:00:00.000+05:30
Venezuela,VEN,America,28435943,deaths,0,2020-03-03T00:00:00.000+05:30
Venezuela,VEN,America,28435943,deaths,0,2020-03-04T00:00:00.000+05:30
Venezuela,VEN,America,28435943,deaths,0,2020-03-05T00:00:00.000+05:30
Venezuela,VEN,America,28435943,deaths,0,2020-03-06T00:00:00.000+05:30
Venezuela,VEN,America,28435943,deaths,0,2020-03-07T00:00:00.000+05:30
Venezuela,VEN,America,28435943,deaths,0,2020-03-08T00:00:00.000+05:30
Venezuela,VEN,America,28435943,deaths,0,2020-03-09T00:00:00.000+05:30
Venezuela,VEN,America,28435943,deaths,0,2020-03-10T00:00:00.000+05:30
Venezuela,VEN,America,28435943,deaths,0,2020-03-11T00:00:00.000+05:30
Venezuela,VEN,America,28435943,deaths,0,2020-03-12T00:00:00.000+05:30
Venezuela,VEN,America,28435943,deaths,0,2020-03-13T00:00:00.000+05:30
Venezuela,VEN,America,28435943,deaths,0,2020-03-14T00:00:00.000+05:30
Venezuela,VEN,America,28435943,deaths,0,2020-03-15T00:00:00.000+05:30
Venezuela,VEN,America,28435943,deaths,0,2020-03-16T00:00:00.000+05:30
Venezuela,VEN,America,28435943,deaths,0,2020-03-17T00:00:00.000+05:30
Venezuela,VEN,America,28435943,deaths,0,2020-03-18T00:00:00.000+05:30
Venezuela,VEN,America,28435943,deaths,0,2020-03-19T00:00:00.000+05:30
Venezuela,VEN,America,28435943,deaths,0,2020-03-20T00:00:00.000+05:30
Venezuela,VEN,America,28435943,deaths,0,2020-03-21T00:00:00.000+05:30
Venezuela,VEN,America,28435943,deaths,0,2020-03-22T00:00:00.000+05:30
Venezuela,VEN,America,28435943,deaths,0,2020-03-23T00:00:00.000+05:30
Venezuela,VEN,America,28435943,deaths,0,2020-03-24T00:00:00.000+05:30
Venezuela,VEN,America,28435943,deaths,0,2020-03-25T00:00:00.000+05:30
Venezuela,VEN,America,28435943,deaths,0,2020-03-26T00:00:00.000+05:30
Venezuela,VEN,America,28435943,deaths,1,2020-03-27T00:00:00.000+05:30
Venezuela,VEN,America,28435943,deaths,0,2020-03-28T00:00:00.000+05:30
Venezuela,VEN,America,28435943,deaths,0,2020-03-29T00:00:00.000+05:30
Venezuela,VEN,America,28435943,deaths,0,2020-03-30T00:00:00.000+05:30
Venezuela,VEN,America,28435943,deaths,2,2020-03-31T00:00:00.000+05:30
Vietnam,VNM,Asia,97338583,confirmed cases,0,2020-03-01T00:00:00.000+05:30
Vietnam,VNM,Asia,97338583,confirmed cases,0,2020-03-02T00:00:00.000+05:30
Vietnam,VNM,Asia,97338583,confirmed cases,0,2020-03-03T00:00:00.000+05:30
Vietnam,VNM,Asia,97338583,confirmed cases,0,2020-03-04T00:00:00.000+05:30
Vietnam,VNM,Asia,97338583,confirmed cases,0,2020-03-05T00:00:00.000+05:30
Vietnam,VNM,Asia,97338583,confirmed cases,0,2020-03-06T00:00:00.000+05:30
Vietnam,VNM,Asia,97338583,confirmed cases,1,2020-03-07T00:00:00.000+05:30
Vietnam,VNM,Asia,97338583,confirmed cases,4,2020-03-08T00:00:00.000+05:30
Vietnam,VNM,Asia,97338583,confirmed cases,9,2020-03-09T00:00:00.000+05:30
Vietnam,VNM,Asia,97338583,confirmed cases,4,2020-03-10T00:00:00.000+05:30
Vietnam,VNM,Asia,97338583,confirmed cases,4,2020-03-11T00:00:00.000+05:30
Vietnam,VNM,Asia,97338583,confirmed cases,1,2020-03-12T00:00:00.000+05:30
Vietnam,VNM,Asia,97338583,confirmed cases,5,2020-03-13T00:00:00.000+05:30
Vietnam,VNM,Asia,97338583,confirmed cases,9,2020-03-14T00:00:00.000+05:30
Vietnam,VNM,Asia,97338583,confirmed cases,0,2020-03-15T00:00:00.000+05:30
Vietnam,VNM,Asia,97338583,confirmed cases,4,2020-03-16T00:00:00.000+05:30
Vietnam,VNM,Asia,97338583,confirmed cases,4,2020-03-17T00:00:00.000+05:30
Vietnam,VNM,Asia,97338583,confirmed cases,7,2020-03-18T00:00:00.000+05:30
Vietnam,VNM,Asia,97338583,confirmed cases,8,2020-03-19T00:00:00.000+05:30
Vietnam,VNM,Asia,97338583,confirmed cases,11,2020-03-20T00:00:00.000+05:30
Vietnam,VNM,Asia,97338583,confirmed cases,1,2020-03-21T00:00:00.000+05:30
Vietnam,VNM,Asia,97338583,confirmed cases,7,2020-03-22T00:00:00.000+05:30
Vietnam,VNM,Asia,97338583,confirmed cases,26,2020-03-23T00:00:00.000+05:30
Vietnam,VNM,Asia,97338583,confirmed cases,11,2020-03-24T00:00:00.000+05:30
Vietnam,VNM,Asia,97338583,confirmed cases,5,2020-03-25T00:00:00.000+05:30
Vietnam,VNM,Asia,97338583,confirmed cases,16,2020-03-26T00:00:00.000+05:30
Vietnam,VNM,Asia,97338583,confirmed cases,10,2020-03-27T00:00:00.000+05:30
Vietnam,VNM,Asia,97338583,confirmed cases,8,2020-03-28T00:00:00.000+05:30
Vietnam,VNM,Asia,97338583,confirmed cases,17,2020-03-29T00:00:00.000+05:30
Vietnam,VNM,Asia,97338583,confirmed cases,15,2020-03-30T00:00:00.000+05:30
Vietnam,VNM,Asia,97338583,confirmed cases,3,2020-03-31T00:00:00.000+05:30
Vietnam,VNM,Asia,97338583,deaths,0,2020-03-01T00:00:00.000+05:30
Vietnam,VNM,Asia,97338583,deaths,0,2020-03-02T00:00:00.000+05:30
Vietnam,VNM,Asia,97338583,deaths,0,2020-03-03T00:00:00.000+05:30
Vietnam,VNM,Asia,97338583,deaths,0,2020-03-04T00:00:00.000+05:30
Vietnam,VNM,Asia,97338583,deaths,0,2020-03-05T00:00:00.000+05:30
Vietnam,VNM,Asia,97338583,deaths,0,2020-03-06T00:00:00.000+05:30
Vietnam,VNM,Asia,97338583,deaths,0,2020-03-07T00:00:00.000+05:30
Vietnam,VNM,Asia,97338583,deaths,0,2020-03-08T00:00:00.000+05:30
Vietnam,VNM,Asia,97338583,deaths,0,2020-03-09T00:00:00.000+05:30
Vietnam,VNM,Asia,97338583,deaths,0,2020-03-10T00:00:00.000+05:30
Vietnam,VNM,Asia,97338583,deaths,0,2020-03-11T00:00:00.000+05:30
Vietnam,VNM,Asia,97338583,deaths,0,2020-03-12T00:00:00.000+05:30
Vietnam,VNM,Asia,97338583,deaths,0,2020-03-13T00:00:00.000+05:30
Vietnam,VNM,Asia,97338583,deaths,0,2020-03-14T00:00:00.000+05:30
Vietnam,VNM,Asia,97338583,deaths,0,2020-03-15T00:00:00.000+05:30
Vietnam,VNM,Asia,97338583,deaths,0,2020-03-16T00:00:00.000+05:30
Vietnam,VNM,Asia,97338583,deaths,0,2020-03-17T00:00:00.000+05:30
Vietnam,VNM,Asia,97338583,deaths,0,2020-03-18T00:00:00.000+05:30
Vietnam,VNM,Asia,97338583,deaths,0,2020-03-19T00:00:00.000+05:30
Vietnam,VNM,Asia,97338583,deaths,0,2020-03-20T00:00:00.000+05:30
Vietnam,VNM,Asia,97338583,deaths,0,2020-03-21T00:00:00.000+05:30
Vietnam,VNM,Asia,97338583,deaths,0,2020-03-22T00:00:00.000+05:30
Vietnam,VNM,Asia,97338583,deaths,0,2020-03-23T00:00:00.000+05:30
Vietnam,VNM,Asia,97338583,deaths,0,2020-03-24T00:00:00.000+05:30
Vietnam,VNM,Asia,97338583,deaths,0,2020-03-25T00:00:00.000+05:30
Vietnam,VNM,Asia,97338583,deaths,0,2020-03-26T00:00:00.000+05:30
Vietnam,VNM,Asia,97338583,deaths,0,2020-03-27T00:00:00.000+05:30
Vietnam,VNM,Asia,97338583,deaths,0,2020-03-28T00:00:00.000+05:30
Vietnam,VNM,Asia,97338583,deaths,0,2020-03-29T00:00:00.000+05:30
Vietnam,VNM,Asia,97338583,deaths,0,2020-03-30T00:00:00.000+05:30
Vietnam,VNM,Asia,97338583,deaths,0,2020-03-31T00:00:00.000+05:30
Wallis and Futuna,WLF,Oceania,11246,confirmed cases,0,2020-03-01T00:00:00.000+05:30
Wallis and Futuna,WLF,Oceania,11246,confirmed cases,0,2020-03-02T00:00:00.000+05:30
Wallis and Futuna,WLF,Oceania,11246,confirmed cases,0,2020-03-03T00:00:00.000+05:30
Wallis and Futuna,WLF,Oceania,11246,confirmed cases,0,2020-03-04T00:00:00.000+05:30
Wallis and Futuna,WLF,Oceania,11246,confirmed cases,0,2020-03-05T00:00:00.000+05:30
Wallis and Futuna,WLF,Oceania,11246,confirmed cases,0,2020-03-06T00:00:00.000+05:30
Wallis and Futuna,WLF,Oceania,11246,confirmed cases,0,2020-03-07T00:00:00.000+05:30
Wallis and Futuna,WLF,Oceania,11246,confirmed cases,0,2020-03-08T00:00:00.000+05:30
Wallis and Futuna,WLF,Oceania,11246,confirmed cases,0,2020-03-09T00:00:00.000+05:30
Wallis and Futuna,WLF,Oceania,11246,confirmed cases,0,2020-03-10T00:00:00.000+05:30
Wallis and Futuna,WLF,Oceania,11246,confirmed cases,0,2020-03-11T00:00:00.000+05:30
Wallis and Futuna,WLF,Oceania,11246,confirmed cases,0,2020-03-12T00:00:00.000+05:30
Wallis and Futuna,WLF,Oceania,11246,confirmed cases,0,2020-03-13T00:00:00.000+05:30
Wallis and Futuna,WLF,Oceania,11246,confirmed cases,0,2020-03-14T00:00:00.000+05:30
Wallis and Futuna,WLF,Oceania,11246,confirmed cases,0,2020-03-15T00:00:00.000+05:30
Wallis and Futuna,WLF,Oceania,11246,confirmed cases,0,2020-03-16T00:00:00.000+05:30
Wallis and Futuna,WLF,Oceania,11246,confirmed cases,0,2020-03-17T00:00:00.000+05:30
Wallis and Futuna,WLF,Oceania,11246,confirmed cases,0,2020-03-18T00:00:00.000+05:30
Wallis and Futuna,WLF,Oceania,11246,confirmed cases,0,2020-03-19T00:00:00.000+05:30
Wallis and Futuna,WLF,Oceania,11246,confirmed cases,0,2020-03-20T00:00:00.000+05:30
Wallis and Futuna,WLF,Oceania,11246,confirmed cases,0,2020-03-21T00:00:00.000+05:30
Wallis and Futuna,WLF,Oceania,11246,confirmed cases,0,2020-03-22T00:00:00.000+05:30
Wallis and Futuna,WLF,Oceania,11246,confirmed cases,0,2020-03-23T00:00:00.000+05:30
Wallis and Futuna,WLF,Oceania,11246,confirmed cases,0,2020-03-24T00:00:00.000+05:30
Wallis and Futuna,WLF,Oceania,11246,confirmed cases,0,2020-03-25T00:00:00.000+05:30
Wallis and Futuna,WLF,Oceania,11246,confirmed cases,0,2020-03-26T00:00:00.000+05:30
Wallis and Futuna,WLF,Oceania,11246,confirmed cases,0,2020-03-27T00:00:00.000+05:30
Wallis and Futuna,WLF,Oceania,11246,confirmed cases,0,2020-03-28T00:00:00.000+05:30
Wallis and Futuna,WLF,Oceania,11246,confirmed cases,0,2020-03-29T00:00:00.000+05:30
Wallis and Futuna,WLF,Oceania,11246,confirmed cases,0,2020-03-30T00:00:00.000+05:30
Wallis and Futuna,WLF,Oceania,11246,confirmed cases,0,2020-03-31T00:00:00.000+05:30
Wallis and Futuna,WLF,Oceania,11246,deaths,0,2020-03-01T00:00:00.000+05:30
Wallis and Futuna,WLF,Oceania,11246,deaths,0,2020-03-02T00:00:00.000+05:30
Wallis and Futuna,WLF,Oceania,11246,deaths,0,2020-03-03T00:00:00.000+05:30
Wallis and Futuna,WLF,Oceania,11246,deaths,0,2020-03-04T00:00:00.000+05:30
Wallis and Futuna,WLF,Oceania,11246,deaths,0,2020-03-05T00:00:00.000+05:30
Wallis and Futuna,WLF,Oceania,11246,deaths,0,2020-03-06T00:00:00.000+05:30
Wallis and Futuna,WLF,Oceania,11246,deaths,0,2020-03-07T00:00:00.000+05:30
Wallis and Futuna,WLF,Oceania,11246,deaths,0,2020-03-08T00:00:00.000+05:30
Wallis and Futuna,WLF,Oceania,11246,deaths,0,2020-03-09T00:00:00.000+05:30
Wallis and Futuna,WLF,Oceania,11246,deaths,0,2020-03-10T00:00:00.000+05:30
Wallis and Futuna,WLF,Oceania,11246,deaths,0,2020-03-11T00:00:00.000+05:30
Wallis and Futuna,WLF,Oceania,11246,deaths,0,2020-03-12T00:00:00.000+05:30
Wallis and Futuna,WLF,Oceania,11246,deaths,0,2020-03-13T00:00:00.000+05:30
Wallis and Futuna,WLF,Oceania,11246,deaths,0,2020-03-14T00:00:00.000+05:30
Wallis and Futuna,WLF,Oceania,11246,deaths,0,2020-03-15T00:00:00.000+05:30
Wallis and Futuna,WLF,Oceania,11246,deaths,0,2020-03-16T00:00:00.000+05:30
Wallis and Futuna,WLF,Oceania,11246,deaths,0,2020-03-17T00:00:00.000+05:30
Wallis and Futuna,WLF,Oceania,11246,deaths,0,2020-03-18T00:00:00.000+05:30
Wallis and Futuna,WLF,Oceania,11246,deaths,0,2020-03-19T00:00:00.000+05:30
Wallis and Futuna,WLF,Oceania,11246,deaths,0,2020-03-20T00:00:00.000+05:30
Wallis and Futuna,WLF,Oceania,11246,deaths,0,2020-03-21T00:00:00.000+05:30
Wallis and Futuna,WLF,Oceania,11246,deaths,0,2020-03-22T00:00:00.000+05:30
Wallis and Futuna,WLF,Oceania,11246,deaths,0,2020-03-23T00:00:00.000+05:30
Wallis and Futuna,WLF,Oceania,11246,deaths,0,2020-03-24T00:00:00.000+05:30
Wallis and Futuna,WLF,Oceania,11246,deaths,0,2020-03-25T00:00:00.000+05:30
Wallis and Futuna,WLF,Oceania,11246,deaths,0,2020-03-26T00:00:00.000+05:30
Wallis and Futuna,WLF,Oceania,11246,deaths,0,2020-03-27T00:00:00.000+05:30
Wallis and Futuna,WLF,Oceania,11246,deaths,0,2020-03-28T00:00:00.000+05:30
Wallis and Futuna,WLF,Oceania,11246,deaths,0,2020-03-29T00:00:00.000+05:30
Wallis and Futuna,WLF,Oceania,11246,deaths,0,2020-03-30T00:00:00.000+05:30
Wallis and Futuna,WLF,Oceania,11246,deaths,0,2020-03-31T00:00:00.000+05:30
Western Sahara,ESH,Africa,597330,confirmed cases,0,2020-03-01T00:00:00.000+05:30
Western Sahara,ESH,Africa,597330,confirmed cases,0,2020-03-02T00:00:00.000+05:30
Western Sahara,ESH,Africa,597330,confirmed cases,0,2020-03-03T00:00:00.000+05:30
Western Sahara,ESH,Africa,597330,confirmed cases,0,2020-03-04T00:00:00.000+05:30
Western Sahara,ESH,Africa,597330,confirmed cases,0,2020-03-05T00:00:00.000+05:30
Western Sahara,ESH,Africa,597330,confirmed cases,0,2020-03-06T00:00:00.000+05:30
Western Sahara,ESH,Africa,597330,confirmed cases,0,2020-03-07T00:00:00.000+05:30
Western Sahara,ESH,Africa,597330,confirmed cases,0,2020-03-08T00:00:00.000+05:30
Western Sahara,ESH,Africa,597330,confirmed cases,0,2020-03-09T00:00:00.000+05:30
Western Sahara,ESH,Africa,597330,confirmed cases,0,2020-03-10T00:00:00.000+05:30
Western Sahara,ESH,Africa,597330,confirmed cases,0,2020-03-11T00:00:00.000+05:30
Western Sahara,ESH,Africa,597330,confirmed cases,0,2020-03-12T00:00:00.000+05:30
Western Sahara,ESH,Africa,597330,confirmed cases,0,2020-03-13T00:00:00.000+05:30
Western Sahara,ESH,Africa,597330,confirmed cases,0,2020-03-14T00:00:00.000+05:30
Western Sahara,ESH,Africa,597330,confirmed cases,0,2020-03-15T00:00:00.000+05:30
Western Sahara,ESH,Africa,597330,confirmed cases,0,2020-03-16T00:00:00.000+05:30
Western Sahara,ESH,Africa,597330,confirmed cases,0,2020-03-17T00:00:00.000+05:30
Western Sahara,ESH,Africa,597330,confirmed cases,0,2020-03-18T00:00:00.000+05:30
Western Sahara,ESH,Africa,597330,confirmed cases,0,2020-03-19T00:00:00.000+05:30
Western Sahara,ESH,Africa,597330,confirmed cases,0,2020-03-20T00:00:00.000+05:30
Western Sahara,ESH,Africa,597330,confirmed cases,0,2020-03-21T00:00:00.000+05:30
Western Sahara,ESH,Africa,597330,confirmed cases,0,2020-03-22T00:00:00.000+05:30
Western Sahara,ESH,Africa,597330,confirmed cases,0,2020-03-23T00:00:00.000+05:30
Western Sahara,ESH,Africa,597330,confirmed cases,0,2020-03-24T00:00:00.000+05:30
Western Sahara,ESH,Africa,597330,confirmed cases,0,2020-03-25T00:00:00.000+05:30
Western Sahara,ESH,Africa,597330,confirmed cases,0,2020-03-26T00:00:00.000+05:30
Western Sahara,ESH,Africa,597330,confirmed cases,0,2020-03-27T00:00:00.000+05:30
Western Sahara,ESH,Africa,597330,confirmed cases,0,2020-03-28T00:00:00.000+05:30
Western Sahara,ESH,Africa,597330,confirmed cases,0,2020-03-29T00:00:00.000+05:30
Western Sahara,ESH,Africa,597330,confirmed cases,0,2020-03-30T00:00:00.000+05:30
Western Sahara,ESH,Africa,597330,confirmed cases,0,2020-03-31T00:00:00.000+05:30
Western Sahara,ESH,Africa,597330,deaths,0,2020-03-01T00:00:00.000+05:30
Western Sahara,ESH,Africa,597330,deaths,0,2020-03-02T00:00:00.000+05:30
Western Sahara,ESH,Africa,597330,deaths,0,2020-03-03T00:00:00.000+05:30
Western Sahara,ESH,Africa,597330,deaths,0,2020-03-04T00:00:00.000+05:30
Western Sahara,ESH,Africa,597330,deaths,0,2020-03-05T00:00:00.000+05:30
Western Sahara,ESH,Africa,597330,deaths,0,2020-03-06T00:00:00.000+05:30
Western Sahara,ESH,Africa,597330,deaths,0,2020-03-07T00:00:00.000+05:30
Western Sahara,ESH,Africa,597330,deaths,0,2020-03-08T00:00:00.000+05:30
Western Sahara,ESH,Africa,597330,deaths,0,2020-03-09T00:00:00.000+05:30
Western Sahara,ESH,Africa,597330,deaths,0,2020-03-10T00:00:00.000+05:30
Western Sahara,ESH,Africa,597330,deaths,0,2020-03-11T00:00:00.000+05:30
Western Sahara,ESH,Africa,597330,deaths,0,2020-03-12T00:00:00.000+05:30
Western Sahara,ESH,Africa,597330,deaths,0,2020-03-13T00:00:00.000+05:30
Western Sahara,ESH,Africa,597330,deaths,0,2020-03-14T00:00:00.000+05:30
Western Sahara,ESH,Africa,597330,deaths,0,2020-03-15T00:00:00.000+05:30
Western Sahara,ESH,Africa,597330,deaths,0,2020-03-16T00:00:00.000+05:30
Western Sahara,ESH,Africa,597330,deaths,0,2020-03-17T00:00:00.000+05:30
Western Sahara,ESH,Africa,597330,deaths,0,2020-03-18T00:00:00.000+05:30
Western Sahara,ESH,Africa,597330,deaths,0,2020-03-19T00:00:00.000+05:30
Western Sahara,ESH,Africa,597330,deaths,0,2020-03-20T00:00:00.000+05:30
Western Sahara,ESH,Africa,597330,deaths,0,2020-03-21T00:00:00.000+05:30
Western Sahara,ESH,Africa,597330,deaths,0,2020-03-22T00:00:00.000+05:30
Western Sahara,ESH,Africa,597330,deaths,0,2020-03-23T00:00:00.000+05:30
Western Sahara,ESH,Africa,597330,deaths,0,2020-03-24T00:00:00.000+05:30
Western Sahara,ESH,Africa,597330,deaths,0,2020-03-25T00:00:00.000+05:30
Western Sahara,ESH,Africa,597330,deaths,0,2020-03-26T00:00:00.000+05:30
Western Sahara,ESH,Africa,597330,deaths,0,2020-03-27T00:00:00.000+05:30
Western Sahara,ESH,Africa,597330,deaths,0,2020-03-28T00:00:00.000+05:30
Western Sahara,ESH,Africa,597330,deaths,0,2020-03-29T00:00:00.000+05:30
Western Sahara,ESH,Africa,597330,deaths,0,2020-03-30T00:00:00.000+05:30
Western Sahara,ESH,Africa,597330,deaths,0,2020-03-31T00:00:00.000+05:30
Yemen,YEM,Asia,29825968,confirmed cases,0,2020-03-01T00:00:00.000+05:30
Yemen,YEM,Asia,29825968,confirmed cases,0,2020-03-02T00:00:00.000+05:30
Yemen,YEM,Asia,29825968,confirmed cases,0,2020-03-03T00:00:00.000+05:30
Yemen,YEM,Asia,29825968,confirmed cases,0,2020-03-04T00:00:00.000+05:30
Yemen,YEM,Asia,29825968,confirmed cases,0,2020-03-05T00:00:00.000+05:30
Yemen,YEM,Asia,29825968,confirmed cases,0,2020-03-06T00:00:00.000+05:30
Yemen,YEM,Asia,29825968,confirmed cases,0,2020-03-07T00:00:00.000+05:30
Yemen,YEM,Asia,29825968,confirmed cases,0,2020-03-08T00:00:00.000+05:30
Yemen,YEM,Asia,29825968,confirmed cases,0,2020-03-09T00:00:00.000+05:30
Yemen,YEM,Asia,29825968,confirmed cases,0,2020-03-10T00:00:00.000+05:30
Yemen,YEM,Asia,29825968,confirmed cases,0,2020-03-11T00:00:00.000+05:30
Yemen,YEM,Asia,29825968,confirmed cases,0,2020-03-12T00:00:00.000+05:30
Yemen,YEM,Asia,29825968,confirmed cases,0,2020-03-13T00:00:00.000+05:30
Yemen,YEM,Asia,29825968,confirmed cases,0,2020-03-14T00:00:00.000+05:30
Yemen,YEM,Asia,29825968,confirmed cases,0,2020-03-15T00:00:00.000+05:30
Yemen,YEM,Asia,29825968,confirmed cases,0,2020-03-16T00:00:00.000+05:30
Yemen,YEM,Asia,29825968,confirmed cases,0,2020-03-17T00:00:00.000+05:30
Yemen,YEM,Asia,29825968,confirmed cases,0,2020-03-18T00:00:00.000+05:30
Yemen,YEM,Asia,29825968,confirmed cases,0,2020-03-19T00:00:00.000+05:30
Yemen,YEM,Asia,29825968,confirmed cases,0,2020-03-20T00:00:00.000+05:30
Yemen,YEM,Asia,29825968,confirmed cases,0,2020-03-21T00:00:00.000+05:30
Yemen,YEM,Asia,29825968,confirmed cases,0,2020-03-22T00:00:00.000+05:30
Yemen,YEM,Asia,29825968,confirmed cases,0,2020-03-23T00:00:00.000+05:30
Yemen,YEM,Asia,29825968,confirmed cases,0,2020-03-24T00:00:00.000+05:30
Yemen,YEM,Asia,29825968,confirmed cases,0,2020-03-25T00:00:00.000+05:30
Yemen,YEM,Asia,29825968,confirmed cases,0,2020-03-26T00:00:00.000+05:30
Yemen,YEM,Asia,29825968,confirmed cases,0,2020-03-27T00:00:00.000+05:30
Yemen,YEM,Asia,29825968,confirmed cases,0,2020-03-28T00:00:00.000+05:30
Yemen,YEM,Asia,29825968,confirmed cases,0,2020-03-29T00:00:00.000+05:30
Yemen,YEM,Asia,29825968,confirmed cases,0,2020-03-30T00:00:00.000+05:30
Yemen,YEM,Asia,29825968,confirmed cases,0,2020-03-31T00:00:00.000+05:30
Yemen,YEM,Asia,29825968,deaths,0,2020-03-01T00:00:00.000+05:30
Yemen,YEM,Asia,29825968,deaths,0,2020-03-02T00:00:00.000+05:30
Yemen,YEM,Asia,29825968,deaths,0,2020-03-03T00:00:00.000+05:30
Yemen,YEM,Asia,29825968,deaths,0,2020-03-04T00:00:00.000+05:30
Yemen,YEM,Asia,29825968,deaths,0,2020-03-05T00:00:00.000+05:30
Yemen,YEM,Asia,29825968,deaths,0,2020-03-06T00:00:00.000+05:30
Yemen,YEM,Asia,29825968,deaths,0,2020-03-07T00:00:00.000+05:30
Yemen,YEM,Asia,29825968,deaths,0,2020-03-08T00:00:00.000+05:30
Yemen,YEM,Asia,29825968,deaths,0,2020-03-09T00:00:00.000+05:30
Yemen,YEM,Asia,29825968,deaths,0,2020-03-10T00:00:00.000+05:30
Yemen,YEM,Asia,29825968,deaths,0,2020-03-11T00:00:00.000+05:30
Yemen,YEM,Asia,29825968,deaths,0,2020-03-12T00:00:00.000+05:30
Yemen,YEM,Asia,29825968,deaths,0,2020-03-13T00:00:00.000+05:30
Yemen,YEM,Asia,29825968,deaths,0,2020-03-14T00:00:00.000+05:30
Yemen,YEM,Asia,29825968,deaths,0,2020-03-15T00:00:00.000+05:30
Yemen,YEM,Asia,29825968,deaths,0,2020-03-16T00:00:00.000+05:30
Yemen,YEM,Asia,29825968,deaths,0,2020-03-17T00:00:00.000+05:30
Yemen,YEM,Asia,29825968,deaths,0,2020-03-18T00:00:00.000+05:30
Yemen,YEM,Asia,29825968,deaths,0,2020-03-19T00:00:00.000+05:30
Yemen,YEM,Asia,29825968,deaths,0,2020-03-20T00:00:00.000+05:30
Yemen,YEM,Asia,29825968,deaths,0,2020-03-21T00:00:00.000+05:30
Yemen,YEM,Asia,29825968,deaths,0,2020-03-22T00:00:00.000+05:30
Yemen,YEM,Asia,29825968,deaths,0,2020-03-23T00:00:00.000+05:30
Yemen,YEM,Asia,29825968,deaths,0,2020-03-24T00:00:00.000+05:30
Yemen,YEM,Asia,29825968,deaths,0,2020-03-25T00:00:00.000+05:30
Yemen,YEM,Asia,29825968,deaths,0,2020-03-26T00:00:00.000+05:30
Yemen,YEM,Asia,29825968,deaths,0,2020-03-27T00:00:00.000+05:30
Yemen,YEM,Asia,29825968,deaths,0,2020-03-28T00:00:00.000+05:30
Yemen,YEM,Asia,29825968,deaths,0,2020-03-29T00:00:00.000+05:30
Yemen,YEM,Asia,29825968,deaths,0,2020-03-30T00:00:00.000+05:30
Yemen,YEM,Asia,29825968,deaths,0,2020-03-31T00:00:00.000+05:30
Zambia,ZMB,Africa,18383956,confirmed cases,0,2020-03-01T00:00:00.000+05:30
Zambia,ZMB,Africa,18383956,confirmed cases,0,2020-03-02T00:00:00.000+05:30
Zambia,ZMB,Africa,18383956,confirmed cases,0,2020-03-03T00:00:00.000+05:30
Zambia,ZMB,Africa,18383956,confirmed cases,0,2020-03-04T00:00:00.000+05:30
Zambia,ZMB,Africa,18383956,confirmed cases,0,2020-03-05T00:00:00.000+05:30
Zambia,ZMB,Africa,18383956,confirmed cases,0,2020-03-06T00:00:00.000+05:30
Zambia,ZMB,Africa,18383956,confirmed cases,0,2020-03-07T00:00:00.000+05:30
Zambia,ZMB,Africa,18383956,confirmed cases,0,2020-03-08T00:00:00.000+05:30
Zambia,ZMB,Africa,18383956,confirmed cases,0,2020-03-09T00:00:00.000+05:30
Zambia,ZMB,Africa,18383956,confirmed cases,0,2020-03-10T00:00:00.000+05:30
Zambia,ZMB,Africa,18383956,confirmed cases,0,2020-03-11T00:00:00.000+05:30
Zambia,ZMB,Africa,18383956,confirmed cases,0,2020-03-12T00:00:00.000+05:30
Zambia,ZMB,Africa,18383956,confirmed cases,0,2020-03-13T00:00:00.000+05:30
Zambia,ZMB,Africa,18383956,confirmed cases,0,2020-03-14T00:00:00.000+05:30
Zambia,ZMB,Africa,18383956,confirmed cases,0,2020-03-15T00:00:00.000+05:30
Zambia,ZMB,Africa,18383956,confirmed cases,0,2020-03-16T00:00:00.000+05:30
Zambia,ZMB,Africa,18383956,confirmed cases,0,2020-03-17T00:00:00.000+05:30
Zambia,ZMB,Africa,18383956,confirmed cases,0,2020-03-18T00:00:00.000+05:30
Zambia,ZMB,Africa,18383956,confirmed cases,2,2020-03-19T00:00:00.000+05:30
Zambia,ZMB,Africa,18383956,confirmed cases,0,2020-03-20T00:00:00.000+05:30
Zambia,ZMB,Africa,18383956,confirmed cases,0,2020-03-21T00:00:00.000+05:30
Zambia,ZMB,Africa,18383956,confirmed cases,0,2020-03-22T00:00:00.000+05:30
Zambia,ZMB,Africa,18383956,confirmed cases,1,2020-03-23T00:00:00.000+05:30
Zambia,ZMB,Africa,18383956,confirmed cases,0,2020-03-24T00:00:00.000+05:30
Zambia,ZMB,Africa,18383956,confirmed cases,0,2020-03-25T00:00:00.000+05:30
Zambia,ZMB,Africa,18383956,confirmed cases,9,2020-03-26T00:00:00.000+05:30
Zambia,ZMB,Africa,18383956,confirmed cases,2,2020-03-27T00:00:00.000+05:30
Zambia,ZMB,Africa,18383956,confirmed cases,2,2020-03-28T00:00:00.000+05:30
Zambia,ZMB,Africa,18383956,confirmed cases,12,2020-03-29T00:00:00.000+05:30
Zambia,ZMB,Africa,18383956,confirmed cases,1,2020-03-30T00:00:00.000+05:30
Zambia,ZMB,Africa,18383956,confirmed cases,6,2020-03-31T00:00:00.000+05:30
Zambia,ZMB,Africa,18383956,deaths,0,2020-03-01T00:00:00.000+05:30
Zambia,ZMB,Africa,18383956,deaths,0,2020-03-02T00:00:00.000+05:30
Zambia,ZMB,Africa,18383956,deaths,0,2020-03-03T00:00:00.000+05:30
Zambia,ZMB,Africa,18383956,deaths,0,2020-03-04T00:00:00.000+05:30
Zambia,ZMB,Africa,18383956,deaths,0,2020-03-05T00:00:00.000+05:30
Zambia,ZMB,Africa,18383956,deaths,0,2020-03-06T00:00:00.000+05:30
Zambia,ZMB,Africa,18383956,deaths,0,2020-03-07T00:00:00.000+05:30
Zambia,ZMB,Africa,18383956,deaths,0,2020-03-08T00:00:00.000+05:30
Zambia,ZMB,Africa,18383956,deaths,0,2020-03-09T00:00:00.000+05:30
Zambia,ZMB,Africa,18383956,deaths,0,2020-03-10T00:00:00.000+05:30
Zambia,ZMB,Africa,18383956,deaths,0,2020-03-11T00:00:00.000+05:30
Zambia,ZMB,Africa,18383956,deaths,0,2020-03-12T00:00:00.000+05:30
Zambia,ZMB,Africa,18383956,deaths,0,2020-03-13T00:00:00.000+05:30
Zambia,ZMB,Africa,18383956,deaths,0,2020-03-14T00:00:00.000+05:30
Zambia,ZMB,Africa,18383956,deaths,0,2020-03-15T00:00:00.000+05:30
Zambia,ZMB,Africa,18383956,deaths,0,2020-03-16T00:00:00.000+05:30
Zambia,ZMB,Africa,18383956,deaths,0,2020-03-17T00:00:00.000+05:30
Zambia,ZMB,Africa,18383956,deaths,0,2020-03-18T00:00:00.000+05:30
Zambia,ZMB,Africa,18383956,deaths,0,2020-03-19T00:00:00.000+05:30
Zambia,ZMB,Africa,18383956,deaths,0,2020-03-20T00:00:00.000+05:30
Zambia,ZMB,Africa,18383956,deaths,0,2020-03-21T00:00:00.000+05:30
Zambia,ZMB,Africa,18383956,deaths,0,2020-03-22T00:00:00.000+05:30
Zambia,ZMB,Africa,18383956,deaths,0,2020-03-23T00:00:00.000+05:30
Zambia,ZMB,Africa,18383956,deaths,0,2020-03-24T00:00:00.000+05:30
Zambia,ZMB,Africa,18383956,deaths,0,2020-03-25T00:00:00.000+05:30
Zambia,ZMB,Africa,18383956,deaths,0,2020-03-26T00:00:00.000+05:30
Zambia,ZMB,Africa,18383956,deaths,0,2020-03-27T00:00:00.000+05:30
Zambia,ZMB,Africa,18383956,deaths,0,2020-03-28T00:00:00.000+05:30
Zambia,ZMB,Africa,18383956,deaths,0,2020-03-29T00:00:00.000+05:30
Zambia,ZMB,Africa,18383956,deaths,0,2020-03-30T00:00:00.000+05:30
Zambia,ZMB,Africa,18383956,deaths,0,2020-03-31T00:00:00.000+05:30
Zimbabwe,ZWE,Africa,14862927,confirmed cases,0,2020-03-01T00:00:00.000+05:30
Zimbabwe,ZWE,Africa,14862927,confirmed cases,0,2020-03-02T00:00:00.000+05:30
Zimbabwe,ZWE,Africa,14862927,confirmed cases,0,2020-03-03T00:00:00.000+05:30
Zimbabwe,ZWE,Africa,14862927,confirmed cases,0,2020-03-04T00:00:00.000+05:30
Zimbabwe,ZWE,Africa,14862927,confirmed cases,0,2020-03-05T00:00:00.000+05:30
Zimbabwe,ZWE,Africa,14862927,confirmed cases,0,2020-03-06T00:00:00.000+05:30
Zimbabwe,ZWE,Africa,14862927,confirmed cases,0,2020-03-07T00:00:00.000+05:30
Zimbabwe,ZWE,Africa,14862927,confirmed cases,0,2020-03-08T00:00:00.000+05:30
Zimbabwe,ZWE,Africa,14862927,confirmed cases,0,2020-03-09T00:00:00.000+05:30
Zimbabwe,ZWE,Africa,14862927,confirmed cases,0,2020-03-10T00:00:00.000+05:30
Zimbabwe,ZWE,Africa,14862927,confirmed cases,0,2020-03-11T00:00:00.000+05:30
Zimbabwe,ZWE,Africa,14862927,confirmed cases,0,2020-03-12T00:00:00.000+05:30
Zimbabwe,ZWE,Africa,14862927,confirmed cases,0,2020-03-13T00:00:00.000+05:30
Zimbabwe,ZWE,Africa,14862927,confirmed cases,0,2020-03-14T00:00:00.000+05:30
Zimbabwe,ZWE,Africa,14862927,confirmed cases,0,2020-03-15T00:00:00.000+05:30
Zimbabwe,ZWE,Africa,14862927,confirmed cases,0,2020-03-16T00:00:00.000+05:30
Zimbabwe,ZWE,Africa,14862927,confirmed cases,0,2020-03-17T00:00:00.000+05:30
Zimbabwe,ZWE,Africa,14862927,confirmed cases,0,2020-03-18T00:00:00.000+05:30
Zimbabwe,ZWE,Africa,14862927,confirmed cases,0,2020-03-19T00:00:00.000+05:30
Zimbabwe,ZWE,Africa,14862927,confirmed cases,0,2020-03-20T00:00:00.000+05:30
Zimbabwe,ZWE,Africa,14862927,confirmed cases,1,2020-03-21T00:00:00.000+05:30
Zimbabwe,ZWE,Africa,14862927,confirmed cases,1,2020-03-22T00:00:00.000+05:30
Zimbabwe,ZWE,Africa,14862927,confirmed cases,0,2020-03-23T00:00:00.000+05:30
Zimbabwe,ZWE,Africa,14862927,confirmed cases,0,2020-03-24T00:00:00.000+05:30
Zimbabwe,ZWE,Africa,14862927,confirmed cases,0,2020-03-25T00:00:00.000+05:30
Zimbabwe,ZWE,Africa,14862927,confirmed cases,1,2020-03-26T00:00:00.000+05:30
Zimbabwe,ZWE,Africa,14862927,confirmed cases,0,2020-03-27T00:00:00.000+05:30
Zimbabwe,ZWE,Africa,14862927,confirmed cases,2,2020-03-28T00:00:00.000+05:30
Zimbabwe,ZWE,Africa,14862927,confirmed cases,2,2020-03-29T00:00:00.000+05:30
Zimbabwe,ZWE,Africa,14862927,confirmed cases,0,2020-03-30T00:00:00.000+05:30
Zimbabwe,ZWE,Africa,14862927,confirmed cases,0,2020-03-31T00:00:00.000+05:30
Zimbabwe,ZWE,Africa,14862927,deaths,0,2020-03-01T00:00:00.000+05:30
Zimbabwe,ZWE,Africa,14862927,deaths,0,2020-03-02T00:00:00.000+05:30
Zimbabwe,ZWE,Africa,14862927,deaths,0,2020-03-03T00:00:00.000+05:30
Zimbabwe,ZWE,Africa,14862927,deaths,0,2020-03-04T00:00:00.000+05:30
Zimbabwe,ZWE,Africa,14862927,deaths,0,2020-03-05T00:00:00.000+05:30
Zimbabwe,ZWE,Africa,14862927,deaths,0,2020-03-06T00:00:00.000+05:30
Zimbabwe,ZWE,Africa,14862927,deaths,0,2020-03-07T00:00:00.000+05:30
Zimbabwe,ZWE,Africa,14862927,deaths,0,2020-03-08T00:00:00.000+05:30
Zimbabwe,ZWE,Africa,14862927,deaths,0,2020-03-09T00:00:00.000+05:30
Zimbabwe,ZWE,Africa,14862927,deaths,0,2020-03-10T00:00:00.000+05:30
Zimbabwe,ZWE,Africa,14862927,deaths,0,2020-03-11T00:00:00.000+05:30
Zimbabwe,ZWE,Africa,14862927,deaths,0,2020-03-12T00:00:00.000+05:30
Zimbabwe,ZWE,Africa,14862927,deaths,0,2020-03-13T00:00:00.000+05:30
Zimbabwe,ZWE,Africa,14862927,deaths,0,2020-03-14T00:00:00.000+05:30
Zimbabwe,ZWE,Africa,14862927,deaths,0,2020-03-15T00:00:00.000+05:30
Zimbabwe,ZWE,Africa,14862927,deaths,0,2020-03-16T00:00:00.000+05:30
Zimbabwe,ZWE,Africa,14862927,deaths,0,2020-03-17T00:00:00.000+05:30
Zimbabwe,ZWE,Africa,14862927,deaths,0,2020-03-18T00:00:00.000+05:30
Zimbabwe,ZWE,Africa,14862927,deaths,0,2020-03-19T00:00:00.000+05:30
Zimbabwe,ZWE,Africa,14862927,deaths,0,2020-03-20T00:00:00.000+05:30
Zimbabwe,ZWE,Africa,14862927,deaths,0,2020-03-21T00:00:00.000+05:30
Zimbabwe,ZWE,Africa,14862927,deaths,0,2020-03-22T00:00:00.000+05:30
Zimbabwe,ZWE,Africa,14862927,deaths,0,2020-03-23T00:00:00.000+05:30
Zimbabwe,ZWE,Africa,14862927,deaths,1,2020-03-24T00:00:00.000+05:30
Zimbabwe,ZWE,Africa,14862927,deaths,0,2020-03-25T00:00:00.000+05:30
Zimbabwe,ZWE,Africa,14862927,deaths,0,2020-03-26T00:00:00.000+05:30
Zimbabwe,ZWE,Africa,14862927,deaths,0,2020-03-27T00:00:00.000+05:30
Zimbabwe,ZWE,Africa,14862927,deaths,0,2020-03-28T00:00:00.000+05:30
Zimbabwe,ZWE,Africa,14862927,deaths,0,2020-03-29T00:00:00.000+05:30
Zimbabwe,ZWE,Africa,14862927,deaths,0,2020-03-30T00:00:00.000+05:30
Zimbabwe,ZWE,Africa,14862927,deaths,0,2020-03-31T00:00:00.000+05:30
