Venezuela,VEN,America,28435943,confirmed cases,51,2020-06-01T00:00:00.000+05:30
Venezuela,VEN,America,28435943,confirmed cases,152,2020-06-02T00:00:00.000+05:30
Venezuela,VEN,America,28435943,confirmed cases,157,2020-06-03T00:00:00.000+05:30
Venezuela,VEN,America,28435943,confirmed cases,133,2020-06-04T00:00:00.000+05:30
Venezuela,VEN,America,28435943,confirmed cases,135,2020-06-05T00:00:00.000+05:30
Venezuela,VEN,America,28435943,confirmed cases,58,2020-06-06T00:00:00.000+05:30
Venezuela,VEN,America,28435943,confirmed cases,171,2020-06-07T00:00:00.000+05:30
Venezuela,VEN,America,28435943,confirmed cases,61,2020-06-08T00:00:00.000+05:30
Venezuela,VEN,America,28435943,confirmed cases,96,2020-06-09T00:00:00.000+05:30
Venezuela,VEN,America,28435943,confirmed cases,159,2020-06-10T00:00:00.000+05:30
Venezuela,VEN,America,28435943,confirmed cases,106,2020-06-11T00:00:00.000+05:30
Venezuela,VEN,America,28435943,confirmed cases,76,2020-06-12T00:00:00.000+05:30
Venezuela,VEN,America,28435943,confirmed cases,65,2020-06-13T00:00:00.000+05:30
Venezuela,VEN,America,28435943,confirmed cases,25,2020-06-14T00:00:00.000+05:30
Venezuela,VEN,America,28435943,confirmed cases,74,2020-06-15T00:00:00.000+05:30
Venezuela,VEN,America,28435943,confirmed cases,84,2020-06-16T00:00:00.000+05:30
Venezuela,VEN,America,28435943,confirmed cases,88,2020-06-17T00:00:00.000+05:30
Venezuela,VEN,America,28435943,confirmed cases,0,2020-06-18T00:00:00.000+05:30
Venezuela,VEN,America,28435943,confirmed cases,334,2020-06-19T00:00:00.000+05:30
Venezuela,VEN,America,28435943,confirmed cases,107,2020-06-20T00:00:00.000+05:30
Venezuela,VEN,America,28435943,confirmed cases,199,2020-06-21T00:00:00.000+05:30
Venezuela,VEN,America,28435943,confirmed cases,128,2020-06-22T00:00:00.000+05:30
Venezuela,VEN,America,28435943,confirmed cases,130,2020-06-23T00:00:00.000+05:30
Venezuela,VEN,America,28435943,confirmed cases,138,2020-06-24T00:00:00.000+05:30
Venezuela,VEN,America,28435943,confirmed cases,179,2020-06-25T00:00:00.000+05:30
Venezuela,VEN,America,28435943,confirmed cases,198,2020-06-26T00:00:00.000+05:30
Venezuela,VEN,America,28435943,confirmed cases,216,2020-06-27T00:00:00.000+05:30
Venezuela,VEN,America,28435943,confirmed cases,351,2020-06-28T00:00:00.000+05:30
Venezuela,VEN,America,28435943,confirmed cases,167,2020-06-29T00:00:00.000+05:30
Venezuela,VEN,America,28435943,confirmed cases,233,2020-06-30T00:00:00.000+05:30
Venezuela,VEN,America,28435943,deaths,0,2020-06-01T00:00:00.000+05:30
Venezuela,VEN,America,28435943,deaths,3,2020-06-02T00:00:00.000+05:30
Venezuela,VEN,America,28435943,deaths,1,2020-06-03T00:00:00.000+05:30
Venezuela,VEN,America,28435943,deaths,2,2020-06-04T00:00:00.000+05:30
Venezuela,VEN,America,28435943,deaths,0,2020-06-05T00:00:00.000+05:30
Venezuela,VEN,America,28435943,deaths,0,2020-06-06T00:00:00.000+05:30
Venezuela,VEN,America,28435943,deaths,2,2020-06-07T00:00:00.000+05:30
Venezuela,VEN,America,28435943,deaths,0,2020-06-08T00:00:00.000+05:30
Venezuela,VEN,America,28435943,deaths,0,2020-06-09T00:00:00.000+05:30
Venezuela,VEN,America,28435943,deaths,1,2020-06-10T00:00:00.000+05:30
Venezuela,VEN,America,28435943,deaths,0,2020-06-11T00:00:00.000+05:30
Venezuela,VEN,America,28435943,deaths,0,2020-06-12T00:00:00.000+05:30
Venezuela,VEN,America,28435943,deaths,0,2020-06-13T00:00:00.000+05:30
Venezuela,VEN,America,28435943,deaths,1,2020-06-14T00:00:00.000+05:30
Venezuela,VEN,America,28435943,deaths,1,2020-06-15T00:00:00.000+05:30
Venezuela,VEN,America,28435943,deaths,1,2020-06-16T00:00:00.000+05:30
Venezuela,VEN,America,28435943,deaths,1,2020-06-17T00:00:00.000+05:30
Venezuela,VEN,America,28435943,deaths,0,2020-06-18T00:00:00.000+05:30
Venezuela,VEN,America,28435943,deaths,1,2020-06-19T00:00:00.000+05:30
Venezuela,VEN,America,28435943,deaths,2,2020-06-20T00:00:00.000+05:30
Venezuela,VEN,America,28435943,deaths,3,2020-06-21T00:00:00.000+05:30
Venezuela,VEN,America,28435943,deaths,0,2020-06-22T00:00:00.000+05:30
Venezuela,VEN,America,28435943,deaths,2,2020-06-23T00:00:00.000+05:30
Venezuela,VEN,America,28435943,deaths,0,2020-06-24T00:00:00.000+05:30
Venezuela,VEN,America,28435943,deaths,3,2020-06-25T00:00:00.000+05:30
Venezuela,VEN,America,28435943,deaths,1,2020-06-26T00:00:00.000+05:30
Venezuela,VEN,America,28435943,deaths,2,2020-06-27T00:00:00.000+05:30
Venezuela,VEN,America,28435943,deaths,1,2020-06-28T00:00:00.000+05:30
Venezuela,VEN,America,28435943,deaths,2,2020-06-29T00:00:00.000+05:30
Venezuela,VEN,America,28435943,deaths,4,2020-06-30T00:00:00.000+05:30
Vietnam,VNM,Asia,97338583,confirmed cases,1,2020-06-01T00:00:00.000+05:30
Vietnam,VNM,Asia,97338583,confirmed cases,0,2020-06-02T00:00:00.000+05:30
Vietnam,VNM,Asia,97338583,confirmed cases,0,2020-06-03T00:00:00.000+05:30
Vietnam,VNM,Asia,97338583,confirmed cases,0,2020-06-04T00:00:00.000+05:30
Vietnam,VNM,Asia,97338583,confirmed cases,0,2020-06-05T00:00:00.000+05:30
Vietnam,VNM,Asia,97338583,confirmed cases,1,2020-06-06T00:00:00.000+05:30
Vietnam,VNM,Asia,97338583,confirmed cases,0,2020-06-07T00:00:00.000+05:30
Vietnam,VNM,Asia,97338583,confirmed cases,2,2020-06-08T00:00:00.000+05:30
Vietnam,VNM,Asia,97338583,confirmed cases,1,2020-06-09T00:00:00.000+05:30
Vietnam,VNM,Asia,97338583,confirmed cases,0,2020-06-10T00:00:00.000+05:30
Vietnam,VNM,Asia,97338583,confirmed cases,0,2020-06-11T00:00:00.000+05:30
Vietnam,VNM,Asia,97338583,confirmed cases,0,2020-06-12T00:00:00.000+05:30
Vietnam,VNM,Asia,97338583,confirmed cases,1,2020-06-13T00:00:00.000+05:30
Vietnam,VNM,Asia,97338583,confirmed cases,1,2020-06-14T00:00:00.000+05:30
Vietnam,VNM,Asia,97338583,confirmed cases,0,2020-06-15T00:00:00.000+05:30
Vietnam,VNM,Asia,97338583,confirmed cases,0,2020-06-16T00:00:00.000+05:30
Vietnam,VNM,Asia,97338583,confirmed cases,1,2020-06-17T00:00:00.000+05:30
Vietnam,VNM,Asia,97338583,confirmed cases,0,2020-06-18T00:00:00.000+05:30
Vietnam,VNM,Asia,97338583,confirmed cases,7,2020-06-19T00:00:00.000+05:30
Vietnam,VNM,Asia,97338583,confirmed cases,7,2020-06-20T00:00:00.000+05:30
Vietnam,VNM,Asia,97338583,confirmed cases,0,2020-06-21T00:00:00.000+05:30
Vietnam,VNM,Asia,97338583,confirmed cases,0,2020-06-22T00:00:00.000+05:30
Vietnam,VNM,Asia,97338583,confirmed cases,0,2020-06-23T00:00:00.000+05:30
Vietnam,VNM,Asia,97338583,confirmed cases,0,2020-06-24T00:00:00.000+05:30
Vietnam,VNM,Asia,97338583,confirmed cases,3,2020-06-25T00:00:00.000+05:30
Vietnam,VNM,Asia,97338583,confirmed cases,0,2020-06-26T00:00:00.000+05:30
Vietnam,VNM,Asia,97338583,confirmed cases,1,2020-06-27T00:00:00.000+05:30
Vietnam,VNM,Asia,97338583,confirmed cases,1,2020-06-28T00:00:00.000+05:30
Vietnam,VNM,Asia,97338583,confirmed cases,1,2020-06-29T00:00:00.000+05:30
Vietnam,VNM,Asia,97338583,confirmed cases,0,2020-06-30T00:00:00.000+05:30
Vietnam,VNM,Asia,97338583,deaths,0,2020-06-01T00:00:00.000+05:30
Vietnam,VNM,Asia,97338583,deaths,0,2020-06-02T00:00:00.000+05:30
Vietnam,VNM,Asia,97338583,deaths,0,2020-06-03T00:00:00.000+05:30
Vietnam,VNM,Asia,97338583,deaths,0,2020-06-04T00:00:00.000+05:30
Vietnam,VNM,Asia,97338583,deaths,0,2020-06-05T00:00:00.000+05:30
Vietnam,VNM,Asia,97338583,deaths,0,2020-06-06T00:00:00.000+05:30
Vietnam,VNM,Asia,97338583,deaths,0,2020-06-07T00:00:00.000+05:30
Vietnam,VNM,Asia,97338583,deaths,0,2020-06-08T00:00:00.000+05:30
Vietnam,VNM,Asia,97338583,deaths,0,2020-06-09T00:00:00.000+05:30
Vietnam,VNM,Asia,97338583,deaths,0,2020-06-10T00:00:00.000+05:30
Vietnam,VNM,Asia,97338583,deaths,0,2020-06-11T00:00:00.000+05:30
Vietnam,VNM,Asia,97338583,deaths,0,2020-06-12T00:00:00.000+05:30
Vietnam,VNM,Asia,97338583,deaths,0,2020-06-13T00:00:00.000+05:30
Vietnam,VNM,Asia,97338583,deaths,0,2020-06-14T00:00:00.000+05:30
Vietnam,VNM,Asia,97338583,deaths,0,2020-06-15T00:00:00.000+05:30
Vietnam,VNM,Asia,97338583,deaths,0,2020-06-16T00:00:00.000+05:30
Vietnam,VNM,Asia,97338583,deaths,0,2020-06-17T00:00:00.000+05:30
Vietnam,VNM,Asia,97338583,deaths,0,2020-06-18T00:00:00.000+05:30
Vietnam,VNM,Asia,97338583,deaths,0,2020-06-19T00:00:00.000+05:30
Vietnam,VNM,Asia,97338583,deaths,0,2020-06-20T00:00:00.000+05:30
Vietnam,VNM,Asia,97338583,deaths,0,2020-06-21T00:00:00.000+05:30
Vietnam,VNM,Asia,97338583,deaths,0,2020-06-22T00:00:00.000+05:30
Vietnam,VNM,Asia,97338583,deaths,0,2020-06-23T00:00:00.000+05:30
Vietnam,VNM,Asia,97338583,deaths,0,2020-06-24T00:00:00.000+05:30
Vietnam,VNM,Asia,97338583,deaths,0,2020-06-25T00:00:00.000+05:30
Vietnam,VNM,Asia,97338583,deaths,0,2020-06-26T00:00:00.000+05:30
Vietnam,VNM,Asia,97338583,deaths,0,2020-06-27T00:00:00.000+05:30
Vietnam,VNM,Asia,97338583,deaths,0,2020-06-28T00:00:00.000+05:30
Vietnam,VNM,Asia,97338583,deaths,0,2020-06-29T00:00:00.000+05:30
Vietnam,VNM,Asia,97338583,deaths,0,2020-06-30T00:00:00.000+05:30
Wallis and Futuna,WLF,Oceania,11246,confirmed cases,0,2020-06-01T00:00:00.000+05:30
Wallis and Futuna,WLF,Oceania,11246,confirmed cases,0,2020-06-02T00:00:00.000+05:30
Wallis and Futuna,WLF,Oceania,11246,confirmed cases,0,2020-06-03T00:00:00.000+05:30
Wallis and Futuna,WLF,Oceania,11246,confirmed cases,0,2020-06-04T00:00:00.000+05:30
Wallis and Futuna,WLF,Oceania,11246,confirmed cases,0,2020-06-05T00:00:00.000+05:30
Wallis and Futuna,WLF,Oceania,11246,confirmed cases,0,2020-06-06T00:00:00.000+05:30
Wallis and Futuna,WLF,Oceania,11246,confirmed cases,0,2020-06-07T00:00:00.000+05:30
Wallis and Futuna,WLF,Oceania,11246,confirmed cases,0,2020-06-08T00:00:00.000+05:30
Wallis and Futuna,WLF,Oceania,11246,confirmed cases,0,2020-06-09T00:00:00.000+05:30
Wallis and Futuna,WLF,Oceania,11246,confirmed cases,0,2020-06-10T00:00:00.000+05:30
Wallis and Futuna,WLF,Oceania,11246,confirmed cases,0,2020-06-11T00:00:00.000+05:30
Wallis and Futuna,WLF,Oceania,11246,confirmed cases,0,2020-06-12T00:00:00.000+05:30
Wallis and Futuna,WLF,Oceania,11246,confirmed cases,0,2020-06-13T00:00:00.000+05:30
Wallis and Futuna,WLF,Oceania,11246,confirmed cases,0,2020-06-14T00:00:00.000+05:30
Wallis and Futuna,WLF,Oceania,11246,confirmed cases,0,2020-06-15T00:00:00.000+05:30
Wallis and Futuna,WLF,Oceania,11246,confirmed cases,0,2020-06-16T00:00:00.000+05:30
Wallis and Futuna,WLF,Oceania,11246,confirmed cases,0,2020-06-17T00:00:00.000+05:30
Wallis and Futuna,WLF,Oceania,11246,confirmed cases,0,2020-06-18T00:00:00.000+05:30
Wallis and Futuna,WLF,Oceania,11246,confirmed cases,0,2020-06-19T00:00:00.000+05:30
Wallis and Futuna,WLF,Oceania,11246,confirmed cases,0,2020-06-20T00:00:00.000+05:30
Wallis and Futuna,WLF,Oceania,11246,confirmed cases,0,2020-06-21T00:00:00.000+05:30
Wallis and Futuna,WLF,Oceania,11246,confirmed cases,0,2020-06-22T00:00:00.000+05:30
Wallis and Futuna,WLF,Oceania,11246,confirmed cases,0,2020-06-23T00:00:00.000+05:30
Wallis and Futuna,WLF,Oceania,11246,confirmed cases,0,2020-06-24T00:00:00.000+05:30
Wallis and Futuna,WLF,Oceania,11246,confirmed cases,0,2020-06-25T00:00:00.000+05:30
Wallis and Futuna,WLF,Oceania,11246,confirmed cases,0,2020-06-26T00:00:00.000+05:30
Wallis and Futuna,WLF,Oceania,11246,confirmed cases,0,2020-06-27T00:00:00.000+05:30
Wallis and Futuna,WLF,Oceania,11246,confirmed cases,0,2020-06-28T00:00:00.000+05:30
Wallis and Futuna,WLF,Oceania,11246,confirmed cases,0,2020-06-29T00:00:00.000+05:30
Wallis and Futuna,WLF,Oceania,11246,confirmed cases,0,2020-06-30T00:00:00.000+05:30
Wallis and Futuna,WLF,Oceania,11246,deaths,0,2020-06-01T00:00:00.000+05:30
Wallis and Futuna,WLF,Oceania,11246,deaths,0,2020-06-02T00:00:00.000+05:30
Wallis and Futuna,WLF,Oceania,11246,deaths,0,2020-06-03T00:00:00.000+05:30
Wallis and Futuna,WLF,Oceania,11246,deaths,0,2020-06-04T00:00:00.000+05:30
Wallis and Futuna,WLF,Oceania,11246,deaths,0,2020-06-05T00:00:00.000+05:30
Wallis and Futuna,WLF,Oceania,11246,deaths,0,2020-06-06T00:00:00.000+05:30
Wallis and Futuna,WLF,Oceania,11246,deaths,0,2020-06-07T00:00:00.000+05:30
Wallis and Futuna,WLF,Oceania,11246,deaths,0,2020-06-08T00:00:00.000+05:30
Wallis and Futuna,WLF,Oceania,11246,deaths,0,2020-06-09T00:00:00.000+05:30
Wallis and Futuna,WLF,Oceania,11246,deaths,0,2020-06-10T00:00:00.000+05:30
Wallis and Futuna,WLF,Oceania,11246,deaths,0,2020-06-11T00:00:00.000+05:30
Wallis and Futuna,WLF,Oceania,11246,deaths,0,2020-06-12T00:00:00.000+05:30
Wallis and Futuna,WLF,Oceania,11246,deaths,0,2020-06-13T00:00:00.000+05:30
Wallis and Futuna,WLF,Oceania,11246,deaths,0,2020-06-14T00:00:00.000+05:30
Wallis and Futuna,WLF,Oceania,11246,deaths,0,2020-06-15T00:00:00.000+05:30
Wallis and Futuna,WLF,Oceania,11246,deaths,0,2020-06-16T00:00:00.000+05:30
Wallis and Futuna,WLF,Oceania,11246,deaths,0,2020-06-17T00:00:00.000+05:30
Wallis and Futuna,WLF,Oceania,11246,deaths,0,2020-06-18T00:00:00.000+05:30
Wallis and Futuna,WLF,Oceania,11246,deaths,0,2020-06-19T00:00:00.000+05:30
Wallis and Futuna,WLF,Oceania,11246,deaths,0,2020-06-20T00:00:00.000+05:30
Wallis and Futuna,WLF,Oceania,11246,deaths,0,2020-06-21T00:00:00.000+05:30
Wallis and Futuna,WLF,Oceania,11246,deaths,0,2020-06-22T00:00:00.000+05:30
Wallis and Futuna,WLF,Oceania,11246,deaths,0,2020-06-23T00:00:00.000+05:30
Wallis and Futuna,WLF,Oceania,11246,deaths,0,2020-06-24T00:00:00.000+05:30
Wallis and Futuna,WLF,Oceania,11246,deaths,0,2020-06-25T00:00:00.000+05:30
Wallis and Futuna,WLF,Oceania,11246,deaths,0,2020-06-26T00:00:00.000+05:30
Wallis and Futuna,WLF,Oceania,11246,deaths,0,2020-06-27T00:00:00.000+05:30
Wallis and Futuna,WLF,Oceania,11246,deaths,0,2020-06-28T00:00:00.000+05:30
Wallis and Futuna,WLF,Oceania,11246,deaths,0,2020-06-29T00:00:00.000+05:30
Wallis and Futuna,WLF,Oceania,11246,deaths,0,2020-06-30T00:00:00.000+05:30
Western Sahara,ESH,Africa,597330,confirmed cases,0,2020-06-01T00:00:00.000+05:30
Western Sahara,ESH,Africa,597330,confirmed cases,0,2020-06-02T00:00:00.000+05:30
Western Sahara,ESH,Africa,597330,confirmed cases,0,2020-06-03T00:00:00.000+05:30
Western Sahara,ESH,Africa,597330,confirmed cases,0,2020-06-04T00:00:00.000+05:30
Western Sahara,ESH,Africa,597330,confirmed cases,0,2020-06-05T00:00:00.000+05:30
Western Sahara,ESH,Africa,597330,confirmed cases,0,2020-06-06T00:00:00.000+05:30
Western Sahara,ESH,Africa,597330,confirmed cases,0,2020-06-07T00:00:00.000+05:30
Western Sahara,ESH,Africa,597330,confirmed cases,0,2020-06-08T00:00:00.000+05:30
Western Sahara,ESH,Africa,597330,confirmed cases,0,2020-06-09T00:00:00.000+05:30
Western Sahara,ESH,Africa,597330,confirmed cases,0,2020-06-10T00:00:00.000+05:30
Western Sahara,ESH,Africa,597330,confirmed cases,0,2020-06-11T00:00:00.000+05:30
Western Sahara,ESH,Africa,597330,confirmed cases,0,2020-06-12T00:00:00.000+05:30
Western Sahara,ESH,Africa,597330,confirmed cases,0,2020-06-13T00:00:00.000+05:30
Western Sahara,ESH,Africa,597330,confirmed cases,0,2020-06-14T00:00:00.000+05:30
Western Sahara,ESH,Africa,597330,confirmed cases,0,2020-06-15T00:00:00.000+05:30
Western Sahara,ESH,Africa,597330,confirmed cases,0,2020-06-16T00:00:00.000+05:30
Western Sahara,ESH,Africa,597330,confirmed cases,0,2020-06-17T00:00:00.000+05:30
Western Sahara,ESH,Africa,597330,confirmed cases,0,2020-06-18T00:00:00.000+05:30
Western Sahara,ESH,Africa,597330,confirmed cases,0,2020-06-19T00:00:00.000+05:30
Western Sahara,ESH,Africa,597330,confirmed cases,2,2020-06-20T00:00:00.000+05:30
Western Sahara,ESH,Africa,597330,confirmed cases,0,2020-06-21T00:00:00.000+05:30
Western Sahara,ESH,Africa,597330,confirmed cases,0,2020-06-22T00:00:00.000+05:30
Western Sahara,ESH,Africa,597330,confirmed cases,0,2020-06-23T00:00:00.000+05:30
Western Sahara,ESH,Africa,597330,confirmed cases,0,2020-06-24T00:00:00.000+05:30
Western Sahara,ESH,Africa,597330,confirmed cases,0,2020-06-25T00:00:00.000+05:30
Western Sahara,ESH,Africa,597330,confirmed cases,0,2020-06-26T00:00:00.000+05:30
Western Sahara,ESH,Africa,597330,confirmed cases,0,2020-06-27T00:00:00.000+05:30
Western Sahara,ESH,Africa,597330,confirmed cases,183,2020-06-28T00:00:00.000+05:30
Western Sahara,ESH,Africa,597330,confirmed cases,0,2020-06-29T00:00:00.000+05:30
Western Sahara,ESH,Africa,597330,confirmed cases,0,2020-06-30T00:00:00.000+05:30
Western Sahara,ESH,Africa,597330,deaths,0,2020-06-01T00:00:00.000+05:30
Western Sahara,ESH,Africa,597330,deaths,0,2020-06-02T00:00:00.000+05:30
Western Sahara,ESH,Africa,597330,deaths,0,2020-06-03T00:00:00.000+05:30
Western Sahara,ESH,Africa,597330,deaths,0,2020-06-04T00:00:00.000+05:30
Western Sahara,ESH,Africa,597330,deaths,0,2020-06-05T00:00:00.000+05:30
Western Sahara,ESH,Africa,597330,deaths,0,2020-06-06T00:00:00.000+05:30
Western Sahara,ESH,Africa,597330,deaths,0,2020-06-07T00:00:00.000+05:30
Western Sahara,ESH,Africa,597330,deaths,0,2020-06-08T00:00:00.000+05:30
Western Sahara,ESH,Africa,597330,deaths,0,2020-06-09T00:00:00.000+05:30
Western Sahara,ESH,Africa,597330,deaths,0,2020-06-10T00:00:00.000+05:30
Western Sahara,ESH,Africa,597330,deaths,0,2020-06-11T00:00:00.000+05:30
Western Sahara,ESH,Africa,597330,deaths,0,2020-06-12T00:00:00.000+05:30
Western Sahara,ESH,Africa,597330,deaths,0,2020-06-13T00:00:00.000+05:30
Western Sahara,ESH,Africa,597330,deaths,0,2020-06-14T00:00:00.000+05:30
Western Sahara,ESH,Africa,597330,deaths,0,2020-06-15T00:00:00.000+05:30
Western Sahara,ESH,Africa,597330,deaths,0,2020-06-16T00:00:00.000+05:30
Western Sahara,ESH,Africa,597330,deaths,0,2020-06-17T00:00:00.000+05:30
Western Sahara,ESH,Africa,597330,deaths,0,2020-06-18T00:00:00.000+05:30
Western Sahara,ESH,Africa,597330,deaths,0,2020-06-19T00:00:00.000+05:30
Western Sahara,ESH,Africa,597330,deaths,0,2020-06-20T00:00:00.000+05:30
Western Sahara,ESH,Africa,597330,deaths,0,2020-06-21T00:00:00.000+05:30
Western Sahara,ESH,Africa,597330,deaths,0,2020-06-22T00:00:00.000+05:30
Western Sahara,ESH,Africa,597330,deaths,0,2020-06-23T00:00:00.000+05:30
Western Sahara,ESH,Africa,597330,deaths,0,2020-06-24T00:00:00.000+05:30
Western Sahara,ESH,Africa,597330,deaths,0,2020-06-25T00:00:00.000+05:30
Western Sahara,ESH,Africa,597330,deaths,0,2020-06-26T00:00:00.000+05:30
Western Sahara,ESH,Africa,597330,deaths,0,2020-06-27T00:00:00.000+05:30
Western Sahara,ESH,Africa,597330,deaths,0,2020-06-28T00:00:00.000+05:30
Western Sahara,ESH,Africa,597330,deaths,0,2020-06-29T00:00:00.000+05:30
Western Sahara,ESH,Africa,597330,deaths,0,2020-06-30T00:00:00.000+05:30
Yemen,YEM,Asia,29825968,confirmed cases,13,2020-06-01T00:00:00.000+05:30
Yemen,YEM,Asia,29825968,confirmed cases,31,2020-06-02T00:00:00.000+05:30
Yemen,YEM,Asia,29825968,confirmed cases,45,2020-06-03T00:00:00.000+05:30
Yemen,YEM,Asia,29825968,confirmed cases,4,2020-06-04T00:00:00.000+05:30
Yemen,YEM,Asia,29825968,confirmed cases,50,2020-06-05T00:00:00.000+05:30
Yemen,YEM,Asia,29825968,confirmed cases,16,2020-06-06T00:00:00.000+05:30
Yemen,YEM,Asia,29825968,confirmed cases,4,2020-06-07T00:00:00.000+05:30
Yemen,YEM,Asia,29825968,confirmed cases,13,2020-06-08T00:00:00.000+05:30
Yemen,YEM,Asia,29825968,confirmed cases,10,2020-06-09T00:00:00.000+05:30
Yemen,YEM,Asia,29825968,confirmed cases,28,2020-06-10T00:00:00.000+05:30
Yemen,YEM,Asia,29825968,confirmed cases,36,2020-06-11T00:00:00.000+05:30
Yemen,YEM,Asia,29825968,confirmed cases,31,2020-06-12T00:00:00.000+05:30
Yemen,YEM,Asia,29825968,confirmed cases,41,2020-06-13T00:00:00.000+05:30
Yemen,YEM,Asia,29825968,confirmed cases,73,2020-06-14T00:00:00.000+05:30
Yemen,YEM,Asia,29825968,confirmed cases,23,2020-06-15T00:00:00.000+05:30
Yemen,YEM,Asia,29825968,confirmed cases,116,2020-06-16T00:00:00.000+05:30
Yemen,YEM,Asia,29825968,confirmed cases,45,2020-06-17T00:00:00.000+05:30
Yemen,YEM,Asia,29825968,confirmed cases,13,2020-06-18T00:00:00.000+05:30
Yemen,YEM,Asia,29825968,confirmed cases,4,2020-06-19T00:00:00.000+05:30
Yemen,YEM,Asia,29825968,confirmed cases,13,2020-06-20T00:00:00.000+05:30
Yemen,YEM,Asia,29825968,confirmed cases,4,2020-06-21T00:00:00.000+05:30
Yemen,YEM,Asia,29825968,confirmed cases,18,2020-06-22T00:00:00.000+05:30
Yemen,YEM,Asia,29825968,confirmed cases,26,2020-06-23T00:00:00.000+05:30
Yemen,YEM,Asia,29825968,confirmed cases,25,2020-06-24T00:00:00.000+05:30
Yemen,YEM,Asia,29825968,confirmed cases,23,2020-06-25T00:00:00.000+05:30
Yemen,YEM,Asia,29825968,confirmed cases,61,2020-06-26T00:00:00.000+05:30
Yemen,YEM,Asia,29825968,confirmed cases,13,2020-06-27T00:00:00.000+05:30
Yemen,YEM,Asia,29825968,confirmed cases,14,2020-06-28T00:00:00.000+05:30
Yemen,YEM,Asia,29825968,confirmed cases,15,2020-06-29T00:00:00.000+05:30
Yemen,YEM,Asia,29825968,confirmed cases,10,2020-06-30T00:00:00.000+05:30
Yemen,YEM,Asia,29825968,deaths,3,2020-06-01T00:00:00.000+05:30
Yemen,YEM,Asia,29825968,deaths,4,2020-06-02T00:00:00.000+05:30
Yemen,YEM,Asia,29825968,deaths,3,2020-06-03T00:00:00.000+05:30
Yemen,YEM,Asia,29825968,deaths,1,2020-06-04T00:00:00.000+05:30
Yemen,YEM,Asia,29825968,deaths,15,2020-06-05T00:00:00.000+05:30
Yemen,YEM,Asia,29825968,deaths,8,2020-06-06T00:00:00.000+05:30
Yemen,YEM,Asia,29825968,deaths,1,2020-06-07T00:00:00.000+05:30
Yemen,YEM,Asia,29825968,deaths,0,2020-06-08T00:00:00.000+05:30
Yemen,YEM,Asia,29825968,deaths,0,2020-06-09T00:00:00.000+05:30
Yemen,YEM,Asia,29825968,deaths,15,2020-06-10T00:00:00.000+05:30
Yemen,YEM,Asia,29825968,deaths,2,2020-06-11T00:00:00.000+05:30
Yemen,YEM,Asia,29825968,deaths,7,2020-06-12T00:00:00.000+05:30
Yemen,YEM,Asia,29825968,deaths,3,2020-06-13T00:00:00.000+05:30
Yemen,YEM,Asia,29825968,deaths,21,2020-06-14T00:00:00.000+05:30
Yemen,YEM,Asia,29825968,deaths,4,2020-06-15T00:00:00.000+05:30
Yemen,YEM,Asia,29825968,deaths,44,2020-06-16T00:00:00.000+05:30
Yemen,YEM,Asia,29825968,deaths,7,2020-06-17T00:00:00.000+05:30
Yemen,YEM,Asia,29825968,deaths,29,2020-06-18T00:00:00.000+05:30
Yemen,YEM,Asia,29825968,deaths,4,2020-06-19T00:00:00.000+05:30
Yemen,YEM,Asia,29825968,deaths,3,2020-06-20T00:00:00.000+05:30
Yemen,YEM,Asia,29825968,deaths,3,2020-06-21T00:00:00.000+05:30
Yemen,YEM,Asia,29825968,deaths,2,2020-06-22T00:00:00.000+05:30
Yemen,YEM,Asia,29825968,deaths,1,2020-06-23T00:00:00.000+05:30
Yemen,YEM,Asia,29825968,deaths,4,2020-06-24T00:00:00.000+05:30
Yemen,YEM,Asia,29825968,deaths,13,2020-06-25T00:00:00.000+05:30
Yemen,YEM,Asia,29825968,deaths,14,2020-06-26T00:00:00.000+05:30
Yemen,YEM,Asia,29825968,deaths,5,2020-06-27T00:00:00.000+05:30
Yemen,YEM,Asia,29825968,deaths,3,2020-06-28T00:00:00.000+05:30
Yemen,YEM,Asia,29825968,deaths,6,2020-06-29T00:00:00.000+05:30
Yemen,YEM,Asia,29825968,deaths,2,2020-06-30T00:00:00.000+05:30
Zambia,ZMB,Africa,18383956,confirmed cases,0,2020-06-01T00:00:00.000+05:30
Zambia,ZMB,Africa,18383956,confirmed cases,32,2020-06-02T00:00:00.000+05:30
Zambia,ZMB,Africa,18383956,confirmed cases,0,2020-06-03T00:00:00.000+05:30
Zambia,ZMB,Africa,18383956,confirmed cases,0,2020-06-04T00:00:00.000+05:30
Zambia,ZMB,Africa,18383956,confirmed cases,22,2020-06-05T00:00:00.000+05:30
Zambia,ZMB,Africa,18383956,confirmed cases,0,2020-06-06T00:00:00.000+05:30
Zambia,ZMB,Africa,18383956,confirmed cases,43,2020-06-07T00:00:00.000+05:30
Zambia,ZMB,Africa,18383956,confirmed cases,0,2020-06-08T00:00:00.000+05:30
Zambia,ZMB,Africa,18383956,confirmed cases,46,2020-06-09T00:00:00.000+05:30
Zambia,ZMB,Africa,18383956,confirmed cases,0,2020-06-10T00:00:00.000+05:30
Zambia,ZMB,Africa,18383956,confirmed cases,52,2020-06-11T00:00:00.000+05:30
Zambia,ZMB,Africa,18383956,confirmed cases,0,2020-06-12T00:00:00.000+05:30
Zambia,ZMB,Africa,18383956,confirmed cases,69,2020-06-13T00:00:00.000+05:30
Zambia,ZMB,Africa,18383956,confirmed cases,36,2020-06-14T00:00:00.000+05:30
Zambia,ZMB,Africa,18383956,confirmed cases,1,2020-06-15T00:00:00.000+05:30
Zambia,ZMB,Africa,18383956,confirmed cases,24,2020-06-16T00:00:00.000+05:30
Zambia,ZMB,Africa,18383956,confirmed cases,23,2020-06-17T00:00:00.000+05:30
Zambia,ZMB,Africa,18383956,confirmed cases,7,2020-06-18T00:00:00.000+05:30
Zambia,ZMB,Africa,18383956,confirmed cases,4,2020-06-19T00:00:00.000+05:30
Zambia,ZMB,Africa,18383956,confirmed cases,14,2020-06-20T00:00:00.000+05:30
Zambia,ZMB,Africa,18383956,confirmed cases,0,2020-06-21T00:00:00.000+05:30
Zambia,ZMB,Africa,18383956,confirmed cases,0,2020-06-22T00:00:00.000+05:30
Zambia,ZMB,Africa,18383956,confirmed cases,0,2020-06-23T00:00:00.000+05:30
Zambia,ZMB,Africa,18383956,confirmed cases,47,2020-06-24T00:00:00.000+05:30
Zambia,ZMB,Africa,18383956,confirmed cases,12,2020-06-25T00:00:00.000+05:30
Zambia,ZMB,Africa,18383956,confirmed cases,8,2020-06-26T00:00:00.000+05:30
Zambia,ZMB,Africa,18383956,confirmed cases,34,2020-06-27T00:00:00.000+05:30
Zambia,ZMB,Africa,18383956,confirmed cases,0,2020-06-28T00:00:00.000+05:30
Zambia,ZMB,Africa,18383956,confirmed cases,26,2020-06-29T00:00:00.000+05:30
Zambia,ZMB,Africa,18383956,confirmed cases,11,2020-06-30T00:00:00.000+05:30
Zambia,ZMB,Africa,18383956,deaths,0,2020-06-01T00:00:00.000+05:30
Zambia,ZMB,Africa,18383956,deaths,0,2020-06-02T00:00:00.000+05:30
Zambia,ZMB,Africa,18383956,deaths,0,2020-06-03T00:00:00.000+05:30
Zambia,ZMB,Africa,18383956,deaths,0,2020-06-04T00:00:00.000+05:30
Zambia,ZMB,Africa,18383956,deaths,0,2020-06-05T00:00:00.000+05:30
Zambia,ZMB,Africa,18383956,deaths,0,2020-06-06T00:00:00.000+05:30
Zambia,ZMB,Africa,18383956,deaths,0,2020-06-07T00:00:00.000+05:30
Zambia,ZMB,Africa,18383956,deaths,0,2020-06-08T00:00:00.000+05:30
Zambia,ZMB,Africa,18383956,deaths,3,2020-06-09T00:00:00.000+05:30
Zambia,ZMB,Africa,18383956,deaths,0,2020-06-10T00:00:00.000+05:30
Zambia,ZMB,Africa,18383956,deaths,0,2020-06-11T00:00:00.000+05:30
Zambia,ZMB,Africa,18383956,deaths,0,2020-06-12T00:00:00.000+05:30
Zambia,ZMB,Africa,18383956,deaths,0,2020-06-13T00:00:00.000+05:30
Zambia,ZMB,Africa,18383956,deaths,0,2020-06-14T00:00:00.000+05:30
Zambia,ZMB,Africa,18383956,deaths,1,2020-06-15T00:00:00.000+05:30
Zambia,ZMB,Africa,18383956,deaths,0,2020-06-16T00:00:00.000+05:30
Zambia,ZMB,Africa,18383956,deaths,0,2020-06-17T00:00:00.000+05:30
Zambia,ZMB,Africa,18383956,deaths,0,2020-06-18T00:00:00.000+05:30
Zambia,ZMB,Africa,18383956,deaths,0,2020-06-19T00:00:00.000+05:30
Zambia,ZMB,Africa,18383956,deaths,0,2020-06-20T00:00:00.000+05:30
Zambia,ZMB,Africa,18383956,deaths,0,2020-06-21T00:00:00.000+05:30
Zambia,ZMB,Africa,18383956,deaths,0,2020-06-22T00:00:00.000+05:30
Zambia,ZMB,Africa,18383956,deaths,0,2020-06-23T00:00:00.000+05:30
Zambia,ZMB,Africa,18383956,deaths,7,2020-06-24T00:00:00.000+05:30
Zambia,ZMB,Africa,18383956,deaths,0,2020-06-25T00:00:00.000+05:30
Zambia,ZMB,Africa,18383956,deaths,0,2020-06-26T00:00:00.000+05:30
Zambia,ZMB,Africa,18383956,deaths,3,2020-06-27T00:00:00.000+05:30
Zambia,ZMB,Africa,18383956,deaths,0,2020-06-28T00:00:00.000+05:30
Zambia,ZMB,Africa,18383956,deaths,1,2020-06-29T00:00:00.000+05:30
Zambia,ZMB,Africa,18383956,deaths,0,2020-06-30T00:00:00.000+05:30
Zimbabwe,ZWE,Africa,14862927,confirmed cases,4,2020-06-01T00:00:00.000+05:30
Zimbabwe,ZWE,Africa,14862927,confirmed cases,25,2020-06-02T00:00:00.000+05:30
Zimbabwe,ZWE,Africa,14862927,confirmed cases,3,2020-06-03T00:00:00.000+05:30
Zimbabwe,ZWE,Africa,14862927,confirmed cases,16,2020-06-04T00:00:00.000+05:30
Zimbabwe,ZWE,Africa,14862927,confirmed cases,15,2020-06-05T00:00:00.000+05:30
Zimbabwe,ZWE,Africa,14862927,confirmed cases,28,2020-06-06T00:00:00.000+05:30
Zimbabwe,ZWE,Africa,14862927,confirmed cases,14,2020-06-07T00:00:00.000+05:30
Zimbabwe,ZWE,Africa,14862927,confirmed cases,3,2020-06-08T00:00:00.000+05:30
Zimbabwe,ZWE,Africa,14862927,confirmed cases,5,2020-06-09T00:00:00.000+05:30
Zimbabwe,ZWE,Africa,14862927,confirmed cases,27,2020-06-10T00:00:00.000+05:30
Zimbabwe,ZWE,Africa,14862927,confirmed cases,6,2020-06-11T00:00:00.000+05:30
Zimbabwe,ZWE,Africa,14862927,confirmed cases,12,2020-06-12T00:00:00.000+05:30
Zimbabwe,ZWE,Africa,14862927,confirmed cases,11,2020-06-13T00:00:00.000+05:30
Zimbabwe,ZWE,Africa,14862927,confirmed cases,13,2020-06-14T00:00:00.000+05:30
Zimbabwe,ZWE,Africa,14862927,confirmed cases,27,2020-06-15T00:00:00.000+05:30
Zimbabwe,ZWE,Africa,14862927,confirmed cases,4,2020-06-16T00:00:00.000+05:30
Zimbabwe,ZWE,Africa,14862927,confirmed cases,7,2020-06-17T00:00:00.000+05:30
Zimbabwe,ZWE,Africa,14862927,confirmed cases,7,2020-06-18T00:00:00.000+05:30
Zimbabwe,ZWE,Africa,14862927,confirmed cases,62,2020-06-19T00:00:00.000+05:30
Zimbabwe,ZWE,Africa,14862927,confirmed cases,16,2020-06-20T00:00:00.000+05:30
Zimbabwe,ZWE,Africa,14862927,confirmed cases,7,2020-06-21T00:00:00.000+05:30
Zimbabwe,ZWE,Africa,14862927,confirmed cases,3,2020-06-22T00:00:00.000+05:30
Zimbabwe,ZWE,Africa,14862927,confirmed cases,23,2020-06-23T00:00:00.000+05:30
Zimbabwe,ZWE,Africa,14862927,confirmed cases,13,2020-06-24T00:00:00.000+05:30
Zimbabwe,ZWE,Africa,14862927,confirmed cases,5,2020-06-25T00:00:00.000+05:30
Zimbabwe,ZWE,Africa,14862927,confirmed cases,21,2020-06-26T00:00:00.000+05:30
Zimbabwe,ZWE,Africa,14862927,confirmed cases,10,2020-06-27T00:00:00.000+05:30
Zimbabwe,ZWE,Africa,14862927,confirmed cases,6,2020-06-28T00:00:00.000+05:30
Zimbabwe,ZWE,Africa,14862927,confirmed cases,0,2020-06-29T00:00:00.000+05:30
Zimbabwe,ZWE,Africa,14862927,confirmed cases,7,2020-06-30T00:00:00.000+05:30
Zimbabwe,ZWE,Africa,14862927,deaths,0,2020-06-01T00:00:00.000+05:30
Zimbabwe,ZWE,Africa,14862927,deaths,0,2020-06-02T00:00:00.000+05:30
Zimbabwe,ZWE,Africa,14862927,deaths,0,2020-06-03T00:00:00.000+05:30
Zimbabwe,ZWE,Africa,14862927,deaths,0,2020-06-04T00:00:00.000+05:30
Zimbabwe,ZWE,Africa,14862927,deaths,0,2020-06-05T00:00:00.000+05:30
Zimbabwe,ZWE,Africa,14862927,deaths,0,2020-06-06T00:00:00.000+05:30
Zimbabwe,ZWE,Africa,14862927,deaths,0,2020-06-07T00:00:00.000+05:30
Zimbabwe,ZWE,Africa,14862927,deaths,0,2020-06-08T00:00:00.000+05:30
Zimbabwe,ZWE,Africa,14862927,deaths,0,2020-06-09T00:00:00.000+05:30
Zimbabwe,ZWE,Africa,14862927,deaths,0,2020-06-10T00:00:00.000+05:30
Zimbabwe,ZWE,Africa,14862927,deaths,0,2020-06-11T00:00:00.000+05:30
Zimbabwe,ZWE,Africa,14862927,deaths,0,2020-06-12T00:00:00.000+05:30
Zimbabwe,ZWE,Africa,14862927,deaths,0,2020-06-13T00:00:00.000+05:30
Zimbabwe,ZWE,Africa,14862927,deaths,0,2020-06-14T00:00:00.000+05:30
Zimbabwe,ZWE,Africa,14862927,deaths,0,2020-06-15T00:00:00.000+05:30
Zimbabwe,ZWE,Africa,14862927,deaths,0,2020-06-16T00:00:00.000+05:30
Zimbabwe,ZWE,Africa,14862927,deaths,0,2020-06-17T00:00:00.000+05:30
Zimbabwe,ZWE,Africa,14862927,deaths,0,2020-06-18T00:00:00.000+05:30
Zimbabwe,ZWE,Africa,14862927,deaths,0,2020-06-19T00:00:00.000+05:30
Zimbabwe,ZWE,Africa,14862927,deaths,0,2020-06-20T00:00:00.000+05:30
Zimbabwe,ZWE,Africa,14862927,deaths,2,2020-06-21T00:00:00.000+05:30
Zimbabwe,ZWE,Africa,14862927,deaths,0,2020-06-22T00:00:00.000+05:30
Zimbabwe,ZWE,Africa,14862927,deaths,0,2020-06-23T00:00:00.000+05:30
Zimbabwe,ZWE,Africa,14862927,deaths,0,2020-06-24T00:00:00.000+05:30
Zimbabwe,ZWE,Africa,14862927,deaths,0,2020-06-25T00:00:00.000+05:30
Zimbabwe,ZWE,Africa,14862927,deaths,0,2020-06-26T00:00:00.000+05:30
Zimbabwe,ZWE,Africa,14862927,deaths,0,2020-06-27T00:00:00.000+05:30
Zimbabwe,ZWE,Africa,14862927,deaths,0,2020-06-28T00:00:00.000+05:30
Zimbabwe,ZWE,Africa,14862927,deaths,0,2020-06-29T00:00:00.000+05:30
Zimbabwe,ZWE,Africa,14862927,deaths,1,2020-06-30T00:00:00.000+05:30
